{"type":"FeatureCollection","features":[{"type":"Feature","geometry":{"type":"Point","coordinates":[-148.69748024093303,70.49082852553536]},"properties":{"category":"offshore_platform","score":0.8872026801109314}},{"type":"Feature","geometry":{"type":"Point","coordinates":[-93.2004609591857,29.71459785367005]},"properties":{"category":"offshore_platform","score":0.9888207912445068}},{"type":"Feature","geometry":{"type":"Point","coordinates":[-92.25163942312358,19.23818474229404]},"properties":{"category":"offshore_platform","score":0.9314630627632141}},{"type":"Feature","geometry":{"type":"Point","coordinates":[-88.9344616793868,29.354428961537526]},"properties":{"category":"offshore_platform","score":0.993730902671814}},{"type":"Feature","geometry":{"type":"Point","coordinates":[-89.44537319505505,28.923069149227025]},"properties":{"category":"offshore_platform","score":0.9846324920654297}},{"type":"Feature","geometry":{"type":"Point","coordinates":[-71.1897590317959,41.108801497915216]},"properties":{"category":"offshore_platform","score":0.9750365614891052}},{"type":"Feature","geometry":{"type":"Point","coordinates":[-71.56349099830713,10.062099679263554]},"properties":{"category":"offshore_platform","score":0.9385350942611694}},{"type":"Feature","geometry":{"type":"Point","coordinates":[-71.46426129721311,10.303565306028796]},"properties":{"category":"offshore_platform","score":0.888312816619873}},{"type":"Feature","geometry":{"type":"Point","coordinates":[-71.49526627126998,10.178898936784147]},"properties":{"category":"offshore_platform","score":0.9715864062309265}},{"type":"Feature","geometry":{"type":"Point","coordinates":[-60.29754840857128,10.101376575380392]},"properties":{"category":"offshore_platform","score":0.9932709336280823}},{"type":"Feature","geometry":{"type":"Point","coordinates":[-3.6429902303085355,53.44544983892946]},"properties":{"category":"offshore_wind_turbine","score":0.9974581599235535}},{"type":"Feature","geometry":{"type":"Point","coordinates":[0.22849804642088337,49.885989543603465]},"properties":{"category":"offshore_wind_turbine","score":0.9823858141899109}},{"type":"Feature","geometry":{"type":"Point","coordinates":[-2.518650831379618,46.908298526671636]},"properties":{"category":"offshore_platform","score":0.9798784255981445}},{"type":"Feature","geometry":{"type":"Point","coordinates":[1.9818176098543192,51.91471858377361]},"properties":{"category":"offshore_wind_turbine","score":0.9979554414749146}},{"type":"Feature","geometry":{"type":"Point","coordinates":[0.4880676074258837,53.207061638099]},"properties":{"category":"offshore_wind_turbine","score":0.997528612613678}},{"type":"Feature","geometry":{"type":"Point","coordinates":[-3.1837647485031724,58.01211822977142]},"properties":{"category":"offshore_wind_turbine","score":0.9382367730140686}},{"type":"Feature","geometry":{"type":"Point","coordinates":[-3.389565464175916,53.96737126549337]},"properties":{"category":"offshore_wind_turbine","score":0.9977019429206848}},{"type":"Feature","geometry":{"type":"Point","coordinates":[1.5337644534990917,51.668579586921574]},"properties":{"category":"offshore_wind_turbine","score":0.998128354549408}},{"type":"Feature","geometry":{"type":"Point","coordinates":[3.0099321932978853,51.741823994284374]},"properties":{"category":"offshore_wind_turbine","score":0.9965325593948364}},{"type":"Feature","geometry":{"type":"Point","coordinates":[1.1008401544979491,54.030858679979]},"properties":{"category":"offshore_platform","score":0.9897576570510864}},{"type":"Feature","geometry":{"type":"Point","coordinates":[6.23572595161929,54.4969805609787]},"properties":{"category":"offshore_wind_turbine","score":0.9266662001609802}},{"type":"Feature","geometry":{"type":"Point","coordinates":[2.4919188979578863,52.27403571239972]},"properties":{"category":"offshore_wind_turbine","score":0.9410750269889832}},{"type":"Feature","geometry":{"type":"Point","coordinates":[4.357758975031478,52.712534661766696]},"properties":{"category":"offshore_wind_turbine","score":0.9887312054634094}},{"type":"Feature","geometry":{"type":"Point","coordinates":[6.0178572270888,54.353111616146904]},"properties":{"category":"offshore_wind_turbine","score":0.9479773640632629}},{"type":"Feature","geometry":{"type":"Point","coordinates":[12.639179884874348,44.29493620740342]},"properties":{"category":"offshore_platform","score":0.9935259819030762}},{"type":"Feature","geometry":{"type":"Point","coordinates":[8.44384065961509,4.199102251161942]},"properties":{"category":"offshore_platform","score":0.9751601815223694}},{"type":"Feature","geometry":{"type":"Point","coordinates":[6.847139679526671,55.285962922488636]},"properties":{"category":"offshore_wind_turbine","score":0.9425913691520691}},{"type":"Feature","geometry":{"type":"Point","coordinates":[7.641023483251701,54.52261503414476]},"properties":{"category":"offshore_wind_turbine","score":0.9984750151634216}},{"type":"Feature","geometry":{"type":"Point","coordinates":[12.872188547044288,54.97980276456297]},"properties":{"category":"offshore_platform","score":0.8927516937255859}},{"type":"Feature","geometry":{"type":"Point","coordinates":[7.580599114048973,55.579088944716986]},"properties":{"category":"offshore_wind_turbine","score":0.9933537244796753}},{"type":"Feature","geometry":{"type":"Point","coordinates":[12.768455339532776,55.5086655384727]},"properties":{"category":"offshore_wind_turbine","score":0.9975022673606873}},{"type":"Feature","geometry":{"type":"Point","coordinates":[24.666230082070317,59.51026988031564]},"properties":{"category":"offshore_platform","score":0.9349242448806763}},{"type":"Feature","geometry":{"type":"Point","coordinates":[33.65558840709842,27.611383553598277]},"properties":{"category":"offshore_platform","score":0.9583460688591003}},{"type":"Feature","geometry":{"type":"Point","coordinates":[48.80820451566809,28.363232726158856]},"properties":{"category":"offshore_platform","score":0.984222948551178}},{"type":"Feature","geometry":{"type":"Point","coordinates":[52.00153898867121,26.592251696126862]},"properties":{"category":"offshore_platform","score":0.9869187474250793}},{"type":"Feature","geometry":{"type":"Point","coordinates":[51.245210005177654,27.992201806677688]},"properties":{"category":"offshore_platform","score":0.9293752312660217}},{"type":"Feature","geometry":{"type":"Point","coordinates":[53.53276935290241,24.896978636974822]},"properties":{"category":"offshore_platform","score":0.9164355993270874}},{"type":"Feature","geometry":{"type":"Point","coordinates":[53.16535995116559,25.242248926067013]},"properties":{"category":"offshore_platform","score":0.9854276776313782}},{"type":"Feature","geometry":{"type":"Point","coordinates":[71.39351571886459,19.567288259439355]},"properties":{"category":"offshore_platform","score":0.9836493730545044}},{"type":"Feature","geometry":{"type":"Point","coordinates":[101.16589807578106,10.510461764786731]},"properties":{"category":"offshore_platform","score":0.9896932244300842}},{"type":"Feature","geometry":{"type":"Point","coordinates":[104.16949910095725,10.120419943169939]},"properties":{"category":"offshore_platform","score":0.9876071810722351}},{"type":"Feature","geometry":{"type":"Point","coordinates":[108.6650410625885,17.66802320174794]},"properties":{"category":"offshore_platform","score":0.9485750794410706}},{"type":"Feature","geometry":{"type":"Point","coordinates":[106.56001938003024,9.605169231104528]},"properties":{"category":"offshore_wind_turbine","score":0.9885761141777039}},{"type":"Feature","geometry":{"type":"Point","coordinates":[110.71731766952092,20.652501679818833]},"properties":{"category":"offshore_wind_turbine","score":0.9973124265670776}},{"type":"Feature","geometry":{"type":"Point","coordinates":[111.52410453405585,21.335001643677188]},"properties":{"category":"offshore_platform","score":0.9890561103820801}},{"type":"Feature","geometry":{"type":"Point","coordinates":[112.23076532304152,21.15197790846789]},"properties":{"category":"offshore_wind_turbine","score":0.8923074007034302}},{"type":"Feature","geometry":{"type":"Point","coordinates":[114.13069925024836,4.6777563386681935]},"properties":{"category":"offshore_platform","score":0.9856642484664917}},{"type":"Feature","geometry":{"type":"Point","coordinates":[116.08674016507342,22.61808356611625]},"properties":{"category":"offshore_wind_turbine","score":0.9973540306091309}},{"type":"Feature","geometry":{"type":"Point","coordinates":[118.29244973339034,4.262690169660369]},"properties":{"category":"offshore_platform","score":0.8719590306282043}},{"type":"Feature","geometry":{"type":"Point","coordinates":[121.90581120609032,30.80487557026915]},"properties":{"category":"offshore_wind_turbine","score":0.9958627223968506}},{"type":"Feature","geometry":{"type":"Point","coordinates":[119.56879766773585,25.24353387687077]},"properties":{"category":"offshore_wind_turbine","score":0.9965693950653076}},{"type":"Feature","geometry":{"type":"Point","coordinates":[119.54942751218202,38.11810025328454]},"properties":{"category":"offshore_platform","score":0.974560558795929}},{"type":"Feature","geometry":{"type":"Point","coordinates":[120.98053805915804,33.53226194403481]},"properties":{"category":"offshore_wind_turbine","score":0.9965246319770813}},{"type":"Feature","geometry":{"type":"Point","coordinates":[121.21930906368308,32.529731503597084]},"properties":{"category":"offshore_wind_turbine","score":0.9905016422271729}},{"type":"Feature","geometry":{"type":"Point","coordinates":[121.6344219019523,32.656470184244434]},"properties":{"category":"offshore_wind_turbine","score":0.9980831146240234}},{"type":"Feature","geometry":{"type":"Point","coordinates":[121.03712257669497,33.58220204944037]},"properties":{"category":"offshore_wind_turbine","score":0.8920332193374634}},{"type":"Feature","geometry":{"type":"Point","coordinates":[120.28066505579277,37.85124361516381]},"properties":{"category":"offshore_wind_turbine","score":0.9987319111824036}},{"type":"Feature","geometry":{"type":"Point","coordinates":[120.11752851232367,23.9913225114358]},"properties":{"category":"offshore_wind_turbine","score":0.913624107837677}},{"type":"Feature","geometry":{"type":"Point","coordinates":[121.26909998274513,36.450160806350056]},"properties":{"category":"offshore_wind_turbine","score":0.9552564024925232}},{"type":"Feature","geometry":{"type":"Point","coordinates":[121.25129797947223,32.52555625758846]},"properties":{"category":"offshore_wind_turbine","score":0.9969942569732666}},{"type":"Feature","geometry":{"type":"Point","coordinates":[122.21104363415971,32.111164505090365]},"properties":{"category":"offshore_wind_turbine","score":0.9915444850921631}},{"type":"Feature","geometry":{"type":"Point","coordinates":[121.25682295783261,33.31251161795536]},"properties":{"category":"offshore_wind_turbine","score":0.9937386512756348}},{"type":"Feature","geometry":{"type":"Point","coordinates":[121.54107224424544,33.2647588915687]},"properties":{"category":"offshore_wind_turbine","score":0.9188514351844788}},{"type":"Feature","geometry":{"type":"Point","coordinates":[121.74522199835975,32.7074916812552]},"properties":{"category":"offshore_wind_turbine","score":0.9978261590003967}},{"type":"Feature","geometry":{"type":"Point","coordinates":[124.02555091698231,45.193988360557796]},"properties":{"category":"offshore_wind_turbine","score":0.9981703758239746}},{"type":"Feature","geometry":{"type":"Point","coordinates":[-81.08993707392456,-5.583597724526056]},"properties":{"category":"offshore_platform","score":0.9803212285041809}},{"type":"Feature","geometry":{"type":"Point","coordinates":[-73.10179445110906,-44.17876783991991]},"properties":{"category":"offshore_platform","score":0.9054621458053589}},{"type":"Feature","geometry":{"type":"Point","coordinates":[8.69157447483152,-1.1282892114390257]},"properties":{"category":"offshore_platform","score":0.9527812600135803}},{"type":"Feature","geometry":{"type":"Point","coordinates":[106.15922404621784,-2.903068914366646]},"properties":{"category":"offshore_platform","score":0.9749729633331299}},{"type":"Feature","geometry":{"type":"Point","coordinates":[116.757309917588,-1.4019439550132062]},"properties":{"category":"offshore_platform","score":0.9732725620269775}},{"type":"Feature","geometry":{"type":"Point","coordinates":[-100.0682465084407,75.61037970900594]},"properties":{"category":"offshore_platform","score":0.8811066746711731}},{"type":"Feature","geometry":{"type":"Point","coordinates":[-71.92436350972602,9.99706466091657]},"properties":{"category":"offshore_platform","score":0.8514635562896729}},{"type":"Feature","geometry":{"type":"Point","coordinates":[36.80902844879373,37.636904643805536]},"properties":{"category":"offshore_platform","score":0.8843030333518982}},{"type":"Feature","geometry":{"type":"Point","coordinates":[81.02475127620794,21.819418017423835]},"properties":{"category":"offshore_platform","score":0.8681193590164185}},{"type":"Feature","geometry":{"type":"Point","coordinates":[122.38368589158982,39.19391443673046]},"properties":{"category":"offshore_platform","score":0.8977309465408325}},{"type":"Feature","geometry":{"type":"Point","coordinates":[10.508008779138697,-3.7638416713894127]},"properties":{"category":"offshore_platform","score":0.9822214245796204}},{"type":"Feature","geometry":{"type":"Point","coordinates":[-71.50053474700978,10.218326296940237]},"properties":{"category":"offshore_platform","score":0.8736112117767334}},{"type":"Feature","geometry":{"type":"Point","coordinates":[103.26031850397611,35.86678445074113]},"properties":{"category":"offshore_platform","score":0.9045987129211426}},{"type":"Feature","geometry":{"type":"Point","coordinates":[56.75185910876527,-65.94749226879115]},"properties":{"category":"offshore_platform","score":0.9701297283172607}},{"type":"Feature","geometry":{"type":"Point","coordinates":[106.51808158240861,-1.629151267906487]},"properties":{"category":"offshore_platform","score":0.9582507014274597}},{"type":"Feature","geometry":{"type":"Point","coordinates":[-113.57449581520122,61.78855746285553]},"properties":{"category":"offshore_platform","score":0.8917978405952454}},{"type":"Feature","geometry":{"type":"Point","coordinates":[-93.30318269413367,29.627588965708338]},"properties":{"category":"offshore_platform","score":0.945593535900116}},{"type":"Feature","geometry":{"type":"Point","coordinates":[-92.65204741297796,18.952458630006806]},"properties":{"category":"offshore_platform","score":0.9500005841255188}},{"type":"Feature","geometry":{"type":"Point","coordinates":[-90.4339797280108,28.934730331584138]},"properties":{"category":"offshore_platform","score":0.9699056148529053}},{"type":"Feature","geometry":{"type":"Point","coordinates":[-89.4864023980808,29.53060704153799]},"properties":{"category":"offshore_platform","score":0.9719255566596985}},{"type":"Feature","geometry":{"type":"Point","coordinates":[-77.52575620569684,26.820819891363595]},"properties":{"category":"offshore_platform","score":0.9768387675285339}},{"type":"Feature","geometry":{"type":"Point","coordinates":[-71.5827651811525,10.338342594189333]},"properties":{"category":"offshore_platform","score":0.9858137965202332}},{"type":"Feature","geometry":{"type":"Point","coordinates":[-71.34928127655148,10.164305701755202]},"properties":{"category":"offshore_platform","score":0.992169201374054}},{"type":"Feature","geometry":{"type":"Point","coordinates":[-71.45479613825617,10.340662777294607]},"properties":{"category":"offshore_platform","score":0.9033294320106506}},{"type":"Feature","geometry":{"type":"Point","coordinates":[-70.50534855761832,41.01964706627819]},"properties":{"category":"offshore_wind_turbine","score":0.8835618495941162}},{"type":"Feature","geometry":{"type":"Point","coordinates":[-2.3097235562471483,56.252423457585174]},"properties":{"category":"offshore_wind_turbine","score":0.9787620306015015}},{"type":"Feature","geometry":{"type":"Point","coordinates":[0.2699601496626556,49.902241223176084]},"properties":{"category":"offshore_wind_turbine","score":0.9606716632843018}},{"type":"Feature","geometry":{"type":"Point","coordinates":[-3.286615179078226,53.5017020821844]},"properties":{"category":"offshore_platform","score":0.8622617125511169}},{"type":"Feature","geometry":{"type":"Point","coordinates":[1.957723493405089,51.917048998366035]},"properties":{"category":"offshore_wind_turbine","score":0.9983866214752197}},{"type":"Feature","geometry":{"type":"Point","coordinates":[1.481976728109682,54.89822647237428]},"properties":{"category":"offshore_platform","score":0.9025217294692993}},{"type":"Feature","geometry":{"type":"Point","coordinates":[-2.4989893153572127,48.84474368051107]},"properties":{"category":"offshore_wind_turbine","score":0.9957247972488403}},{"type":"Feature","geometry":{"type":"Point","coordinates":[0.5173124552942054,53.17435493656436]},"properties":{"category":"offshore_wind_turbine","score":0.9989750385284424}},{"type":"Feature","geometry":{"type":"Point","coordinates":[2.4733944897710156,52.190541009989644]},"properties":{"category":"offshore_wind_turbine","score":0.9126556515693665}},{"type":"Feature","geometry":{"type":"Point","coordinates":[4.210241862993391,52.58392370078915]},"properties":{"category":"offshore_wind_turbine","score":0.9945003986358643}},{"type":"Feature","geometry":{"type":"Point","coordinates":[1.8942533252956173,53.83446290853958]},"properties":{"category":"offshore_platform","score":0.9678625464439392}},{"type":"Feature","geometry":{"type":"Point","coordinates":[3.225627393921463,56.544035388084694]},"properties":{"category":"offshore_platform","score":0.9904629588127136}},{"type":"Feature","geometry":{"type":"Point","coordinates":[2.8172581273814967,51.694582869629826]},"properties":{"category":"offshore_platform","score":0.9705698490142822}},{"type":"Feature","geometry":{"type":"Point","coordinates":[1.8090951384289735,53.955710815014996]},"properties":{"category":"offshore_wind_turbine","score":0.992368757724762}},{"type":"Feature","geometry":{"type":"Point","coordinates":[6.051856754652984,54.05457854020802]},"properties":{"category":"offshore_wind_turbine","score":0.9850362539291382}},{"type":"Feature","geometry":{"type":"Point","coordinates":[7.6140815994777595,4.31316963167699]},"properties":{"category":"offshore_platform","score":0.9760140180587769}},{"type":"Feature","geometry":{"type":"Point","coordinates":[6.559996040967871,53.987504619079395]},"properties":{"category":"offshore_wind_turbine","score":0.9968312382698059}},{"type":"Feature","geometry":{"type":"Point","coordinates":[7.6567318301753655,55.73017749360895]},"properties":{"category":"offshore_wind_turbine","score":0.9958645105361938}},{"type":"Feature","geometry":{"type":"Point","coordinates":[11.609475086798032,54.53593101567688]},"properties":{"category":"offshore_wind_turbine","score":0.9977518916130066}},{"type":"Feature","geometry":{"type":"Point","coordinates":[7.776005971835856,55.05221516512751]},"properties":{"category":"offshore_wind_turbine","score":0.9982919096946716}},{"type":"Feature","geometry":{"type":"Point","coordinates":[12.8162287012208,54.99851572147999]},"properties":{"category":"offshore_platform","score":0.963645339012146}},{"type":"Feature","geometry":{"type":"Point","coordinates":[29.240778728822594,-1.7964078655486295]},"properties":{"category":"offshore_platform","score":0.8943859934806824}},{"type":"Feature","geometry":{"type":"Point","coordinates":[50.120361477426094,40.749379509619274]},"properties":{"category":"offshore_platform","score":0.9603933691978455}},{"type":"Feature","geometry":{"type":"Point","coordinates":[48.9263739117468,28.40599809394766]},"properties":{"category":"offshore_platform","score":0.9889000654220581}},{"type":"Feature","geometry":{"type":"Point","coordinates":[51.699578683841565,45.60791253553863]},"properties":{"category":"offshore_platform","score":0.8791067600250244}},{"type":"Feature","geometry":{"type":"Point","coordinates":[52.13538246453109,26.720660201492617]},"properties":{"category":"offshore_platform","score":0.9652845859527588}},{"type":"Feature","geometry":{"type":"Point","coordinates":[53.48454353504624,24.941847553508286]},"properties":{"category":"offshore_platform","score":0.9900699257850647}},{"type":"Feature","geometry":{"type":"Point","coordinates":[52.36549757981862,25.501635398247732]},"properties":{"category":"offshore_platform","score":0.9828370809555054}},{"type":"Feature","geometry":{"type":"Point","coordinates":[72.03540008605474,20.312699115783502]},"properties":{"category":"offshore_platform","score":0.8586500883102417}},{"type":"Feature","geometry":{"type":"Point","coordinates":[95.27679997197652,36.7544382832754]},"properties":{"category":"offshore_wind_turbine","score":0.9697039127349854}},{"type":"Feature","geometry":{"type":"Point","coordinates":[101.36031618631509,8.784798777186797]},"properties":{"category":"offshore_platform","score":0.990027129650116}},{"type":"Feature","geometry":{"type":"Point","coordinates":[104.48838392454529,10.243268892599412]},"properties":{"category":"offshore_platform","score":0.94962078332901}},{"type":"Feature","geometry":{"type":"Point","coordinates":[104.13885920113773,6.979530196145198]},"properties":{"category":"offshore_platform","score":0.894912600517273}},{"type":"Feature","geometry":{"type":"Point","coordinates":[108.23310652233543,21.35927299252657]},"properties":{"category":"offshore_wind_turbine","score":0.9881084561347961}},{"type":"Feature","geometry":{"type":"Point","coordinates":[110.76795018000007,20.529104285435135]},"properties":{"category":"offshore_wind_turbine","score":0.9878343343734741}},{"type":"Feature","geometry":{"type":"Point","coordinates":[111.51991906464234,21.31671862705473]},"properties":{"category":"offshore_platform","score":0.91817307472229}},{"type":"Feature","geometry":{"type":"Point","coordinates":[111.61065006684262,20.890314987445525]},"properties":{"category":"offshore_platform","score":0.971051812171936}},{"type":"Feature","geometry":{"type":"Point","coordinates":[113.62399194155815,4.550043413753888]},"properties":{"category":"offshore_platform","score":0.9911990761756897}},{"type":"Feature","geometry":{"type":"Point","coordinates":[116.05858658443724,22.585976358377625]},"properties":{"category":"offshore_wind_turbine","score":0.9975868463516235}},{"type":"Feature","geometry":{"type":"Point","coordinates":[118.76350317432457,38.996578764205985]},"properties":{"category":"offshore_wind_turbine","score":0.9984429478645325}},{"type":"Feature","geometry":{"type":"Point","coordinates":[121.00089011303909,27.240143143088012]},"properties":{"category":"offshore_wind_turbine","score":0.9942491054534912}},{"type":"Feature","geometry":{"type":"Point","coordinates":[116.91449467174255,6.73559718627736]},"properties":{"category":"offshore_platform","score":0.9796090722084045}},{"type":"Feature","geometry":{"type":"Point","coordinates":[120.02194420509068,25.79259657480857]},"properties":{"category":"offshore_wind_turbine","score":0.9973026514053345}},{"type":"Feature","geometry":{"type":"Point","coordinates":[121.21005911317963,36.43236390957214]},"properties":{"category":"offshore_wind_turbine","score":0.9974607229232788}},{"type":"Feature","geometry":{"type":"Point","coordinates":[119.42200432738008,34.921675272024025]},"properties":{"category":"offshore_platform","score":0.9103354215621948}},{"type":"Feature","geometry":{"type":"Point","coordinates":[121.22919308199086,32.69914125773507]},"properties":{"category":"offshore_wind_turbine","score":0.9608767628669739}},{"type":"Feature","geometry":{"type":"Point","coordinates":[121.58023680183246,32.67393083385003]},"properties":{"category":"offshore_wind_turbine","score":0.9655381441116333}},{"type":"Feature","geometry":{"type":"Point","coordinates":[121.12726749773783,33.675173720547676]},"properties":{"category":"offshore_wind_turbine","score":0.9990339279174805}},{"type":"Feature","geometry":{"type":"Point","coordinates":[119.50959176108886,38.09078194149966]},"properties":{"category":"offshore_platform","score":0.873589277267456}},{"type":"Feature","geometry":{"type":"Point","coordinates":[119.91032802622234,24.26301840776655]},"properties":{"category":"offshore_wind_turbine","score":0.9961776733398438}},{"type":"Feature","geometry":{"type":"Point","coordinates":[123.32182962365619,39.580831875658866]},"properties":{"category":"offshore_wind_turbine","score":0.8970015048980713}},{"type":"Feature","geometry":{"type":"Point","coordinates":[121.55637645910947,32.155035209360165]},"properties":{"category":"offshore_platform","score":0.9414090514183044}},{"type":"Feature","geometry":{"type":"Point","coordinates":[122.14078714480706,30.933356035023362]},"properties":{"category":"offshore_wind_turbine","score":0.9978991746902466}},{"type":"Feature","geometry":{"type":"Point","coordinates":[121.28099981208914,33.25473294590319]},"properties":{"category":"offshore_wind_turbine","score":0.9845603704452515}},{"type":"Feature","geometry":{"type":"Point","coordinates":[121.44547889630785,33.05637452778175]},"properties":{"category":"offshore_wind_turbine","score":0.9883933663368225}},{"type":"Feature","geometry":{"type":"Point","coordinates":[121.78764706635631,32.70904473804128]},"properties":{"category":"offshore_wind_turbine","score":0.9973184466362}},{"type":"Feature","geometry":{"type":"Point","coordinates":[123.39101393860122,39.37845010674728]},"properties":{"category":"offshore_wind_turbine","score":0.9970887303352356}},{"type":"Feature","geometry":{"type":"Point","coordinates":[-73.75592692450195,-51.44610078541506]},"properties":{"category":"offshore_platform","score":0.9884185194969177}},{"type":"Feature","geometry":{"type":"Point","coordinates":[-42.72042333483249,-24.77681564117939]},"properties":{"category":"offshore_platform","score":0.9526672959327698}},{"type":"Feature","geometry":{"type":"Point","coordinates":[39.13896866971313,-5.0392637114639065]},"properties":{"category":"offshore_platform","score":0.9185095429420471}},{"type":"Feature","geometry":{"type":"Point","coordinates":[111.72342502878652,-5.984954042661754]},"properties":{"category":"offshore_platform","score":0.98044353723526}},{"type":"Feature","geometry":{"type":"Point","coordinates":[116.3622735991767,-3.314343025667642]},"properties":{"category":"offshore_platform","score":0.9088976383209229}},{"type":"Feature","geometry":{"type":"Point","coordinates":[-94.81064889377987,29.53608409553341]},"properties":{"category":"offshore_platform","score":0.8517245650291443}},{"type":"Feature","geometry":{"type":"Point","coordinates":[-76.66266846726509,37.162853066096226]},"properties":{"category":"offshore_platform","score":0.9901314973831177}},{"type":"Feature","geometry":{"type":"Point","coordinates":[-71.17490951905013,9.909020014468286]},"properties":{"category":"offshore_platform","score":0.8508778214454651}},{"type":"Feature","geometry":{"type":"Point","coordinates":[35.92725182026134,35.24120660702659]},"properties":{"category":"offshore_platform","score":0.9290761351585388}},{"type":"Feature","geometry":{"type":"Point","coordinates":[112.16024254038102,34.19586590965664]},"properties":{"category":"offshore_platform","score":0.9729138016700745}},{"type":"Feature","geometry":{"type":"Point","coordinates":[133.78205375560444,74.08632557906955]},"properties":{"category":"offshore_platform","score":0.8651012182235718}},{"type":"Feature","geometry":{"type":"Point","coordinates":[-73.92500766462263,68.7899077249883]},"properties":{"category":"offshore_platform","score":0.9580992460250854}},{"type":"Feature","geometry":{"type":"Point","coordinates":[116.92062011699656,6.727146514156521]},"properties":{"category":"offshore_platform","score":0.9412187337875366}},{"type":"Feature","geometry":{"type":"Point","coordinates":[-17.978623220349487,63.517790874452096]},"properties":{"category":"offshore_platform","score":0.947063148021698}},{"type":"Feature","geometry":{"type":"Point","coordinates":[111.16064328292092,28.020027481256587]},"properties":{"category":"offshore_platform","score":0.9393788576126099}},{"type":"Feature","geometry":{"type":"Point","coordinates":[-97.50456815757497,22.234340472152564]},"properties":{"category":"offshore_platform","score":0.9915184378623962}},{"type":"Feature","geometry":{"type":"Point","coordinates":[-91.76760648698246,28.58213999664603]},"properties":{"category":"offshore_platform","score":0.9909282326698303}},{"type":"Feature","geometry":{"type":"Point","coordinates":[-90.87062366466823,29.07741388556926]},"properties":{"category":"offshore_platform","score":0.9600040912628174}},{"type":"Feature","geometry":{"type":"Point","coordinates":[-92.05373413429794,28.48676222659976]},"properties":{"category":"offshore_platform","score":0.9653182625770569}},{"type":"Feature","geometry":{"type":"Point","coordinates":[-80.74970475396258,30.94202484315818]},"properties":{"category":"offshore_platform","score":0.9766991138458252}},{"type":"Feature","geometry":{"type":"Point","coordinates":[-71.57452093980233,10.345374267362722]},"properties":{"category":"offshore_platform","score":0.9870266318321228}},{"type":"Feature","geometry":{"type":"Point","coordinates":[-71.55027827121201,10.208492022826775]},"properties":{"category":"offshore_platform","score":0.9669157266616821}},{"type":"Feature","geometry":{"type":"Point","coordinates":[-71.42217812610195,10.244869715770202]},"properties":{"category":"offshore_platform","score":0.9636887311935425}},{"type":"Feature","geometry":{"type":"Point","coordinates":[-70.92378355575192,41.01354383982496]},"properties":{"category":"offshore_wind_turbine","score":0.9792793989181519}},{"type":"Feature","geometry":{"type":"Point","coordinates":[-3.6160060088332933,53.451173280675]},"properties":{"category":"offshore_wind_turbine","score":0.9978166818618774}},{"type":"Feature","geometry":{"type":"Point","coordinates":[-2.7897057902175275,58.18669988044432]},"properties":{"category":"offshore_wind_turbine","score":0.9926277995109558}},{"type":"Feature","geometry":{"type":"Point","coordinates":[1.1342809348946323,53.12951178246786]},"properties":{"category":"offshore_wind_turbine","score":0.997894823551178}},{"type":"Feature","geometry":{"type":"Point","coordinates":[2.5496225775983836,52.226487259798716]},"properties":{"category":"offshore_wind_turbine","score":0.9878649115562439}},{"type":"Feature","geometry":{"type":"Point","coordinates":[1.4879222679930302,54.936852637926044]},"properties":{"category":"offshore_platform","score":0.969208836555481}},{"type":"Feature","geometry":{"type":"Point","coordinates":[0.2165503309299145,49.928620047226794]},"properties":{"category":"offshore_platform","score":0.8999136686325073}},{"type":"Feature","geometry":{"type":"Point","coordinates":[0.43259938068894394,53.18392242244749]},"properties":{"category":"offshore_wind_turbine","score":0.9967669248580933}},{"type":"Feature","geometry":{"type":"Point","coordinates":[1.6235225628642251,51.40927160612308]},"properties":{"category":"offshore_wind_turbine","score":0.9988934397697449}},{"type":"Feature","geometry":{"type":"Point","coordinates":[2.9290449870350446,51.617448369326425]},"properties":{"category":"offshore_wind_turbine","score":0.9974931478500366}},{"type":"Feature","geometry":{"type":"Point","coordinates":[4.442437201986598,52.60058285505109]},"properties":{"category":"offshore_wind_turbine","score":0.9948984980583191}},{"type":"Feature","geometry":{"type":"Point","coordinates":[2.174480685614715,53.86488342831137]},"properties":{"category":"offshore_platform","score":0.8695164918899536}},{"type":"Feature","geometry":{"type":"Point","coordinates":[6.293719856122234,54.461093482929016]},"properties":{"category":"offshore_platform","score":0.9481981992721558}},{"type":"Feature","geometry":{"type":"Point","coordinates":[2.9868245654108527,51.55003055293341]},"properties":{"category":"offshore_wind_turbine","score":0.9987636804580688}},{"type":"Feature","geometry":{"type":"Point","coordinates":[5.7942815476472544,54.30054574291432]},"properties":{"category":"offshore_wind_turbine","score":0.8719819188117981}},{"type":"Feature","geometry":{"type":"Point","coordinates":[6.060827229645999,54.01585151885536]},"properties":{"category":"offshore_wind_turbine","score":0.971333384513855}},{"type":"Feature","geometry":{"type":"Point","coordinates":[8.165551365660653,4.244410260757434]},"properties":{"category":"offshore_platform","score":0.9556900858879089}},{"type":"Feature","geometry":{"type":"Point","coordinates":[6.81942226357544,53.99175456949442]},"properties":{"category":"offshore_platform","score":0.9216587543487549}},{"type":"Feature","geometry":{"type":"Point","coordinates":[7.653169335721961,54.394974489949846]},"properties":{"category":"offshore_wind_turbine","score":0.9951855540275574}},{"type":"Feature","geometry":{"type":"Point","coordinates":[13.132119886001457,54.974480053775935]},"properties":{"category":"offshore_wind_turbine","score":0.997363269329071}},{"type":"Feature","geometry":{"type":"Point","coordinates":[8.730750958953626,54.02615056177633]},"properties":{"category":"offshore_platform","score":0.9378517270088196}},{"type":"Feature","geometry":{"type":"Point","coordinates":[26.614939356320313,60.45053903897584]},"properties":{"category":"offshore_platform","score":0.8672780394554138}},{"type":"Feature","geometry":{"type":"Point","coordinates":[33.13416091712257,28.31926740981295]},"properties":{"category":"offshore_platform","score":0.996669352054596}},{"type":"Feature","geometry":{"type":"Point","coordinates":[48.176624040636774,29.036111596052077]},"properties":{"category":"offshore_platform","score":0.8640867471694946}},{"type":"Feature","geometry":{"type":"Point","coordinates":[51.94852815682367,26.638357302907547]},"properties":{"category":"offshore_platform","score":0.9632909297943115}},{"type":"Feature","geometry":{"type":"Point","coordinates":[50.37610337362385,27.861756192990097]},"properties":{"category":"offshore_platform","score":0.9939028024673462}},{"type":"Feature","geometry":{"type":"Point","coordinates":[52.75232177444644,25.385970305597088]},"properties":{"category":"offshore_platform","score":0.9788121581077576}},{"type":"Feature","geometry":{"type":"Point","coordinates":[53.62621630325896,34.51981918400833]},"properties":{"category":"offshore_platform","score":0.9635419845581055}},{"type":"Feature","geometry":{"type":"Point","coordinates":[72.37865693248034,18.0178685662816]},"properties":{"category":"offshore_platform","score":0.9824931621551514}},{"type":"Feature","geometry":{"type":"Point","coordinates":[85.15236153071048,24.259529782204602]},"properties":{"category":"offshore_platform","score":0.9266129732131958}},{"type":"Feature","geometry":{"type":"Point","coordinates":[101.38449269025533,9.280139932637658]},"properties":{"category":"offshore_platform","score":0.9072383642196655}},{"type":"Feature","geometry":{"type":"Point","coordinates":[101.30119197279197,8.624594117020395]},"properties":{"category":"offshore_platform","score":0.9654439091682434}},{"type":"Feature","geometry":{"type":"Point","coordinates":[105.3658031763277,5.619810931206967]},"properties":{"category":"offshore_platform","score":0.9864400029182434}},{"type":"Feature","geometry":{"type":"Point","coordinates":[106.85853308666327,10.149111082655256]},"properties":{"category":"offshore_wind_turbine","score":0.9820603132247925}},{"type":"Feature","geometry":{"type":"Point","coordinates":[110.7589933196881,20.57063811098824]},"properties":{"category":"offshore_wind_turbine","score":0.9979096055030823}},{"type":"Feature","geometry":{"type":"Point","coordinates":[111.49784147307864,20.933919934825386]},"properties":{"category":"offshore_platform","score":0.9212786555290222}},{"type":"Feature","geometry":{"type":"Point","coordinates":[111.62218900635354,20.8821373073171]},"properties":{"category":"offshore_platform","score":0.9740956425666809}},{"type":"Feature","geometry":{"type":"Point","coordinates":[115.02303977230993,22.290068271802397]},"properties":{"category":"offshore_wind_turbine","score":0.9746042490005493}},{"type":"Feature","geometry":{"type":"Point","coordinates":[115.76461498153031,22.804801882536545]},"properties":{"category":"offshore_platform","score":0.9816411137580872}},{"type":"Feature","geometry":{"type":"Point","coordinates":[117.06448800825149,23.26914570603504]},"properties":{"category":"offshore_wind_turbine","score":0.9945526719093323}},{"type":"Feature","geometry":{"type":"Point","coordinates":[120.96673957538994,27.240375877926763]},"properties":{"category":"offshore_wind_turbine","score":0.9986445307731628}},{"type":"Feature","geometry":{"type":"Point","coordinates":[119.2837888996392,25.018642951124452]},"properties":{"category":"offshore_wind_turbine","score":0.9919849634170532}},{"type":"Feature","geometry":{"type":"Point","coordinates":[120.82775092530463,24.75651470965044]},"properties":{"category":"offshore_wind_turbine","score":0.8942196369171143}},{"type":"Feature","geometry":{"type":"Point","coordinates":[121.55389246762326,36.49894154580911]},"properties":{"category":"offshore_wind_turbine","score":0.9967343807220459}},{"type":"Feature","geometry":{"type":"Point","coordinates":[120.55325103169676,33.813261663516144]},"properties":{"category":"offshore_platform","score":0.939789891242981}},{"type":"Feature","geometry":{"type":"Point","coordinates":[121.38918984455056,32.692223083204176]},"properties":{"category":"offshore_wind_turbine","score":0.9976716637611389}},{"type":"Feature","geometry":{"type":"Point","coordinates":[120.04490406720063,34.50452914493045]},"properties":{"category":"offshore_wind_turbine","score":0.997875452041626}},{"type":"Feature","geometry":{"type":"Point","coordinates":[121.0747328698436,32.65057502234703]},"properties":{"category":"offshore_wind_turbine","score":0.9915772676467896}},{"type":"Feature","geometry":{"type":"Point","coordinates":[119.54537937886892,25.23144510093283]},"properties":{"category":"offshore_wind_turbine","score":0.9974768757820129}},{"type":"Feature","geometry":{"type":"Point","coordinates":[122.05439260261232,29.08413595354065]},"properties":{"category":"offshore_wind_turbine","score":0.997878909111023}},{"type":"Feature","geometry":{"type":"Point","coordinates":[123.49026802336925,39.440715658769534]},"properties":{"category":"offshore_wind_turbine","score":0.9951618313789368}},{"type":"Feature","geometry":{"type":"Point","coordinates":[122.04876117638823,32.13216658485371]},"properties":{"category":"offshore_platform","score":0.9533662796020508}},{"type":"Feature","geometry":{"type":"Point","coordinates":[121.17381058601883,33.314710431064434]},"properties":{"category":"offshore_wind_turbine","score":0.994691789150238}},{"type":"Feature","geometry":{"type":"Point","coordinates":[121.41019964780806,33.52942355733402]},"properties":{"category":"offshore_wind_turbine","score":0.9813156723976135}},{"type":"Feature","geometry":{"type":"Point","coordinates":[121.63103307830801,32.635696417716375]},"properties":{"category":"offshore_wind_turbine","score":0.9968594312667847}},{"type":"Feature","geometry":{"type":"Point","coordinates":[123.36501771147222,39.52894554442181]},"properties":{"category":"offshore_wind_turbine","score":0.9980757236480713}},{"type":"Feature","geometry":{"type":"Point","coordinates":[-74.13705737017878,-44.860878462966646]},"properties":{"category":"offshore_platform","score":0.9712661504745483}},{"type":"Feature","geometry":{"type":"Point","coordinates":[8.898668915370763,-1.4721656780560959]},"properties":{"category":"offshore_platform","score":0.9505988359451294}},{"type":"Feature","geometry":{"type":"Point","coordinates":[106.36862623873394,-2.319772967767356]},"properties":{"category":"offshore_platform","score":0.8936084508895874}},{"type":"Feature","geometry":{"type":"Point","coordinates":[112.96693394310063,-6.861584444781703]},"properties":{"category":"offshore_platform","score":0.8528616428375244}},{"type":"Feature","geometry":{"type":"Point","coordinates":[119.50135436369735,-3.849251678084279]},"properties":{"category":"offshore_platform","score":0.9304007887840271}},{"type":"Feature","geometry":{"type":"Point","coordinates":[-81.90160770540322,70.00967157881692]},"properties":{"category":"offshore_platform","score":0.9464171528816223}},{"type":"Feature","geometry":{"type":"Point","coordinates":[27.153212531383723,40.452583665409364]},"properties":{"category":"offshore_platform","score":0.9131395816802979}},{"type":"Feature","geometry":{"type":"Point","coordinates":[113.38619929203546,24.1302832065867]},"properties":{"category":"offshore_platform","score":0.9679092168807983}},{"type":"Feature","geometry":{"type":"Point","coordinates":[120.86768093367208,33.22142973203756]},"properties":{"category":"offshore_platform","score":0.9585928916931152}},{"type":"Feature","geometry":{"type":"Point","coordinates":[-107.50628742386077,71.08000471679199]},"properties":{"category":"offshore_platform","score":0.9700952768325806}},{"type":"Feature","geometry":{"type":"Point","coordinates":[55.697574163046504,26.171408010127987]},"properties":{"category":"offshore_platform","score":0.9114407300949097}},{"type":"Feature","geometry":{"type":"Point","coordinates":[-99.9112234956235,61.35113448949555]},"properties":{"category":"offshore_platform","score":0.8948942422866821}},{"type":"Feature","geometry":{"type":"Point","coordinates":[-112.59431123446078,40.81599932200642]},"properties":{"category":"offshore_platform","score":0.8552234768867493}},{"type":"Feature","geometry":{"type":"Point","coordinates":[135.70235736724797,75.88549055893078]},"properties":{"category":"offshore_platform","score":0.8512094020843506}},{"type":"Feature","geometry":{"type":"Point","coordinates":[-118.06197801118168,33.661707551764835]},"properties":{"category":"offshore_platform","score":0.9965941309928894}},{"type":"Feature","geometry":{"type":"Point","coordinates":[-93.3713702681333,28.25868388602032]},"properties":{"category":"offshore_platform","score":0.9927743673324585}},{"type":"Feature","geometry":{"type":"Point","coordinates":[-90.15035788505956,29.627878550432253]},"properties":{"category":"offshore_platform","score":0.9784106016159058}},{"type":"Feature","geometry":{"type":"Point","coordinates":[-92.0701765998857,28.649752182010605]},"properties":{"category":"offshore_platform","score":0.9850181937217712}},{"type":"Feature","geometry":{"type":"Point","coordinates":[-88.82560870294556,28.742519757035165]},"properties":{"category":"offshore_platform","score":0.9963861703872681}},{"type":"Feature","geometry":{"type":"Point","coordinates":[-74.01281034736238,55.06427289902486]},"properties":{"category":"offshore_platform","score":0.9846897125244141}},{"type":"Feature","geometry":{"type":"Point","coordinates":[-71.46539935123174,10.308552386884886]},"properties":{"category":"offshore_platform","score":0.875296950340271}},{"type":"Feature","geometry":{"type":"Point","coordinates":[-71.46725023665111,10.225842429303576]},"properties":{"category":"offshore_platform","score":0.9005762934684753}},{"type":"Feature","geometry":{"type":"Point","coordinates":[-64.82853073628242,10.137295465131901]},"properties":{"category":"offshore_platform","score":0.8966720104217529}},{"type":"Feature","geometry":{"type":"Point","coordinates":[-3.675641853589951,53.4563692392969]},"properties":{"category":"offshore_wind_turbine","score":0.9979493021965027}},{"type":"Feature","geometry":{"type":"Point","coordinates":[-0.20656652963184222,35.826695801885336]},"properties":{"category":"offshore_platform","score":0.9699023962020874}},{"type":"Feature","geometry":{"type":"Point","coordinates":[-3.4059293482706208,53.970164266323486]},"properties":{"category":"offshore_wind_turbine","score":0.9984862208366394}},{"type":"Feature","geometry":{"type":"Point","coordinates":[1.5288921028439,51.64733169036442]},"properties":{"category":"offshore_wind_turbine","score":0.9970968961715698}},{"type":"Feature","geometry":{"type":"Point","coordinates":[0.4599601338309665,53.20810154430009]},"properties":{"category":"offshore_wind_turbine","score":0.9984862804412842}},{"type":"Feature","geometry":{"type":"Point","coordinates":[-3.183708358358371,58.03172036402757]},"properties":{"category":"offshore_wind_turbine","score":0.9585133790969849}},{"type":"Feature","geometry":{"type":"Point","coordinates":[-3.5054126956351808,53.45175326784621]},"properties":{"category":"offshore_wind_turbine","score":0.9980870485305786}},{"type":"Feature","geometry":{"type":"Point","coordinates":[1.4886449103554003,51.68095772588881]},"properties":{"category":"offshore_wind_turbine","score":0.998097836971283}},{"type":"Feature","geometry":{"type":"Point","coordinates":[3.1123171752232457,51.641667467447796]},"properties":{"category":"offshore_wind_turbine","score":0.9516210556030273}},{"type":"Feature","geometry":{"type":"Point","coordinates":[0.8185387519242753,53.33493174927872]},"properties":{"category":"offshore_platform","score":0.8746746778488159}},{"type":"Feature","geometry":{"type":"Point","coordinates":[4.8802153162801885,5.913500559495116]},"properties":{"category":"offshore_platform","score":0.9653330445289612}},{"type":"Feature","geometry":{"type":"Point","coordinates":[4.979407592175491,61.31850459733638]},"properties":{"category":"offshore_platform","score":0.985725998878479}},{"type":"Feature","geometry":{"type":"Point","coordinates":[4.238733526332681,52.57411280084872]},"properties":{"category":"offshore_wind_turbine","score":0.9953725934028625}},{"type":"Feature","geometry":{"type":"Point","coordinates":[5.8804551561845955,54.05577266117103]},"properties":{"category":"offshore_wind_turbine","score":0.9974735379219055}},{"type":"Feature","geometry":{"type":"Point","coordinates":[8.659649971759048,-0.8678906770098483]},"properties":{"category":"offshore_platform","score":0.9801771640777588}},{"type":"Feature","geometry":{"type":"Point","coordinates":[6.591150334597143,54.050949653987864]},"properties":{"category":"offshore_wind_turbine","score":0.9980161190032959}},{"type":"Feature","geometry":{"type":"Point","coordinates":[7.640242886112414,54.4330398027774]},"properties":{"category":"offshore_wind_turbine","score":0.9987438321113586}},{"type":"Feature","geometry":{"type":"Point","coordinates":[14.068647288204906,54.86125907174339]},"properties":{"category":"offshore_wind_turbine","score":0.9949193596839905}},{"type":"Feature","geometry":{"type":"Point","coordinates":[11.51340898228428,54.562395724856785]},"properties":{"category":"offshore_wind_turbine","score":0.9983053207397461}},{"type":"Feature","geometry":{"type":"Point","coordinates":[21.341121679899214,61.62058360062478]},"properties":{"category":"offshore_wind_turbine","score":0.989579975605011}},{"type":"Feature","geometry":{"type":"Point","coordinates":[37.31314288438599,19.38958071958963]},"properties":{"category":"offshore_platform","score":0.8768135905265808}},{"type":"Feature","geometry":{"type":"Point","coordinates":[48.91119216026324,28.45978065551136]},"properties":{"category":"offshore_platform","score":0.9361782073974609}},{"type":"Feature","geometry":{"type":"Point","coordinates":[49.36839854058192,28.480479478818573]},"properties":{"category":"offshore_platform","score":0.9930500984191895}},{"type":"Feature","geometry":{"type":"Point","coordinates":[49.61326230203227,40.04186027633232]},"properties":{"category":"offshore_platform","score":0.8739479780197144}},{"type":"Feature","geometry":{"type":"Point","coordinates":[53.59201830657405,24.88910897090367]},"properties":{"category":"offshore_platform","score":0.9823907613754272}},{"type":"Feature","geometry":{"type":"Point","coordinates":[53.214621452194876,25.153509182174194]},"properties":{"category":"offshore_platform","score":0.9860367178916931}},{"type":"Feature","geometry":{"type":"Point","coordinates":[72.88339790013158,18.808554727153627]},"properties":{"category":"offshore_platform","score":0.9643723368644714}},{"type":"Feature","geometry":{"type":"Point","coordinates":[97.774828729717,73.70514175025157]},"properties":{"category":"offshore_platform","score":0.9465524554252625}},{"type":"Feature","geometry":{"type":"Point","coordinates":[101.26594621196836,8.869778837330717]},"properties":{"category":"offshore_platform","score":0.9554948210716248}},{"type":"Feature","geometry":{"type":"Point","coordinates":[105.57919974396279,9.069885441070447]},"properties":{"category":"offshore_wind_turbine","score":0.9150912165641785}},{"type":"Feature","geometry":{"type":"Point","coordinates":[109.1068542723695,20.10245080970768]},"properties":{"category":"offshore_wind_turbine","score":0.9716923236846924}},{"type":"Feature","geometry":{"type":"Point","coordinates":[110.59457445254222,20.581857201895623]},"properties":{"category":"offshore_wind_turbine","score":0.9978523254394531}},{"type":"Feature","geometry":{"type":"Point","coordinates":[111.47709594433852,21.303560606368453]},"properties":{"category":"offshore_wind_turbine","score":0.9963198900222778}},{"type":"Feature","geometry":{"type":"Point","coordinates":[111.66353298443877,21.0249611672047]},"properties":{"category":"offshore_wind_turbine","score":0.9975282549858093}},{"type":"Feature","geometry":{"type":"Point","coordinates":[113.73074749320146,22.11779690385069]},"properties":{"category":"offshore_wind_turbine","score":0.9437651038169861}},{"type":"Feature","geometry":{"type":"Point","coordinates":[115.97568577608402,22.68583916409234]},"properties":{"category":"offshore_wind_turbine","score":0.9978570342063904}},{"type":"Feature","geometry":{"type":"Point","coordinates":[116.98088635798213,23.247715186173686]},"properties":{"category":"offshore_wind_turbine","score":0.9849202632904053}},{"type":"Feature","geometry":{"type":"Point","coordinates":[121.48751353837143,28.14739008166281]},"properties":{"category":"offshore_wind_turbine","score":0.9991036057472229}},{"type":"Feature","geometry":{"type":"Point","coordinates":[119.39486743952187,25.385609591145336]},"properties":{"category":"offshore_wind_turbine","score":0.9986440539360046}},{"type":"Feature","geometry":{"type":"Point","coordinates":[120.17758480720421,23.928089695095906]},"properties":{"category":"offshore_wind_turbine","score":0.9163093566894531}},{"type":"Feature","geometry":{"type":"Point","coordinates":[121.3883864542379,36.358192419143805]},"properties":{"category":"offshore_wind_turbine","score":0.9963217973709106}},{"type":"Feature","geometry":{"type":"Point","coordinates":[121.09970738570318,33.65517971381056]},"properties":{"category":"offshore_wind_turbine","score":0.9595098495483398}},{"type":"Feature","geometry":{"type":"Point","coordinates":[121.41997414607489,33.52924952375015]},"properties":{"category":"offshore_wind_turbine","score":0.9988577365875244}},{"type":"Feature","geometry":{"type":"Point","coordinates":[121.78367632042466,32.66509368236045]},"properties":{"category":"offshore_wind_turbine","score":0.9507918953895569}},{"type":"Feature","geometry":{"type":"Point","coordinates":[121.08036659363532,33.63989177653327]},"properties":{"category":"offshore_wind_turbine","score":0.9540227055549622}},{"type":"Feature","geometry":{"type":"Point","coordinates":[120.25850720923407,37.82873623669011]},"properties":{"category":"offshore_platform","score":0.8542265295982361}},{"type":"Feature","geometry":{"type":"Point","coordinates":[122.0333680231852,29.083916582255984]},"properties":{"category":"offshore_wind_turbine","score":0.9969519376754761}},{"type":"Feature","geometry":{"type":"Point","coordinates":[121.58682388226185,36.450369249991375]},"properties":{"category":"offshore_wind_turbine","score":0.9806864857673645}},{"type":"Feature","geometry":{"type":"Point","coordinates":[122.01279310425329,30.681044587917093]},"properties":{"category":"offshore_wind_turbine","score":0.8805017471313477}},{"type":"Feature","geometry":{"type":"Point","coordinates":[121.24872332485857,33.32344321062395]},"properties":{"category":"offshore_wind_turbine","score":0.9897494912147522}},{"type":"Feature","geometry":{"type":"Point","coordinates":[121.52700024162552,33.3066816495775]},"properties":{"category":"offshore_wind_turbine","score":0.998985230922699}},{"type":"Feature","geometry":{"type":"Point","coordinates":[121.80378573638956,32.648096951029125]},"properties":{"category":"offshore_wind_turbine","score":0.9862040281295776}},{"type":"Feature","geometry":{"type":"Point","coordinates":[130.72387317461573,34.05289851418022]},"properties":{"category":"offshore_platform","score":0.9924646615982056}},{"type":"Feature","geometry":{"type":"Point","coordinates":[-81.27166767290127,-4.319433443114249]},"properties":{"category":"offshore_platform","score":0.9936554431915283}},{"type":"Feature","geometry":{"type":"Point","coordinates":[-36.972181127635196,-10.999586709567629]},"properties":{"category":"offshore_platform","score":0.9382531642913818}},{"type":"Feature","geometry":{"type":"Point","coordinates":[102.22119427972865,1.0540725920802618]},"properties":{"category":"offshore_platform","score":0.9859431982040405}},{"type":"Feature","geometry":{"type":"Point","coordinates":[116.33588237035556,-3.239766934308459]},"properties":{"category":"offshore_platform","score":0.9503933787345886}},{"type":"Feature","geometry":{"type":"Point","coordinates":[-124.09450338801666,69.7229832215742]},"properties":{"category":"offshore_platform","score":0.8878899812698364}},{"type":"Feature","geometry":{"type":"Point","coordinates":[-71.5598325728228,10.420154953649007]},"properties":{"category":"offshore_platform","score":0.9287058711051941}},{"type":"Feature","geometry":{"type":"Point","coordinates":[10.939269574755532,35.798483815499026]},"properties":{"category":"offshore_platform","score":0.9004553556442261}},{"type":"Feature","geometry":{"type":"Point","coordinates":[93.43885112480832,18.86404336185516]},"properties":{"category":"offshore_platform","score":0.9163759350776672}},{"type":"Feature","geometry":{"type":"Point","coordinates":[122.64619830166674,39.2945332853847]},"properties":{"category":"offshore_platform","score":0.9357475638389587}},{"type":"Feature","geometry":{"type":"Point","coordinates":[-91.62522133113059,28.302210070931874]},"properties":{"category":"offshore_platform","score":0.9967659711837769}},{"type":"Feature","geometry":{"type":"Point","coordinates":[49.390218794247204,29.46716435995586]},"properties":{"category":"offshore_platform","score":0.9117516279220581}},{"type":"Feature","geometry":{"type":"Point","coordinates":[-107.0845891819509,61.55308495682724]},"properties":{"category":"offshore_platform","score":0.9779624938964844}},{"type":"Feature","geometry":{"type":"Point","coordinates":[-73.42075249033977,-69.03447169117784]},"properties":{"category":"offshore_wind_turbine","score":0.9844880700111389}},{"type":"Feature","geometry":{"type":"Point","coordinates":[-37.31371131800678,-6.192399402473874]},"properties":{"category":"offshore_platform","score":0.9841917753219604}},{"type":"Feature","geometry":{"type":"Point","coordinates":[-106.07903562938365,22.912986817229513]},"properties":{"category":"offshore_platform","score":0.9663088321685791}},{"type":"Feature","geometry":{"type":"Point","coordinates":[-92.97633353869733,28.1221330978446]},"properties":{"category":"offshore_platform","score":0.9896464943885803}},{"type":"Feature","geometry":{"type":"Point","coordinates":[-90.27428008774395,30.0626062388972]},"properties":{"category":"offshore_platform","score":0.9354925155639648}},{"type":"Feature","geometry":{"type":"Point","coordinates":[-91.87451694800805,28.990508399397807]},"properties":{"category":"offshore_platform","score":0.9866085052490234}},{"type":"Feature","geometry":{"type":"Point","coordinates":[-89.0263611563797,29.410050550127778]},"properties":{"category":"offshore_platform","score":0.9913083910942078}},{"type":"Feature","geometry":{"type":"Point","coordinates":[-71.93705165326593,10.035194869528661]},"properties":{"category":"offshore_platform","score":0.9374996423721313}},{"type":"Feature","geometry":{"type":"Point","coordinates":[-71.45997950933821,9.812905483666736]},"properties":{"category":"offshore_platform","score":0.8571900725364685}},{"type":"Feature","geometry":{"type":"Point","coordinates":[-71.46675694213991,10.221458093846284]},"properties":{"category":"offshore_platform","score":0.9623426198959351}},{"type":"Feature","geometry":{"type":"Point","coordinates":[-71.22326826730136,9.898158546289928]},"properties":{"category":"offshore_platform","score":0.885894238948822}},{"type":"Feature","geometry":{"type":"Point","coordinates":[-2.6836414556601587,58.2771370254637]},"properties":{"category":"offshore_wind_turbine","score":0.9960969090461731}},{"type":"Feature","geometry":{"type":"Point","coordinates":[-2.466104449171525,46.88751645638845]},"properties":{"category":"offshore_platform","score":0.9758549332618713}},{"type":"Feature","geometry":{"type":"Point","coordinates":[-3.4615194462367223,54.08702334558931]},"properties":{"category":"offshore_wind_turbine","score":0.9973421692848206}},{"type":"Feature","geometry":{"type":"Point","coordinates":[1.2377563138380527,51.738827445189806]},"properties":{"category":"offshore_wind_turbine","score":0.9980752468109131}},{"type":"Feature","geometry":{"type":"Point","coordinates":[2.914802004694372,51.624838361643036]},"properties":{"category":"offshore_wind_turbine","score":0.9971887469291687}},{"type":"Feature","geometry":{"type":"Point","coordinates":[1.4949815794615413,54.988114611253245]},"properties":{"category":"offshore_platform","score":0.9183092713356018}},{"type":"Feature","geometry":{"type":"Point","coordinates":[-2.685061680050954,58.11482623354467]},"properties":{"category":"offshore_platform","score":0.9865646362304688}},{"type":"Feature","geometry":{"type":"Point","coordinates":[-3.285847569159697,53.9906366193351]},"properties":{"category":"offshore_wind_turbine","score":0.9974384307861328}},{"type":"Feature","geometry":{"type":"Point","coordinates":[1.6755458149033184,51.40949723248017]},"properties":{"category":"offshore_wind_turbine","score":0.9979196190834045}},{"type":"Feature","geometry":{"type":"Point","coordinates":[4.136400184923552,52.404083789433706]},"properties":{"category":"offshore_wind_turbine","score":0.9944879412651062}},{"type":"Feature","geometry":{"type":"Point","coordinates":[2.15705197641296,53.82384318463027]},"properties":{"category":"offshore_platform","score":0.9418509006500244}},{"type":"Feature","geometry":{"type":"Point","coordinates":[1.5781673069577904,61.3625984643701]},"properties":{"category":"offshore_platform","score":0.9904423356056213}},{"type":"Feature","geometry":{"type":"Point","coordinates":[4.180928154223564,52.69703657126714]},"properties":{"category":"offshore_platform","score":0.8794543147087097}},{"type":"Feature","geometry":{"type":"Point","coordinates":[5.951871394234902,54.35548067417405]},"properties":{"category":"offshore_wind_turbine","score":0.9657699465751648}},{"type":"Feature","geometry":{"type":"Point","coordinates":[11.186749110204659,56.535717573836386]},"properties":{"category":"offshore_wind_turbine","score":0.9984254837036133}},{"type":"Feature","geometry":{"type":"Point","coordinates":[6.514233403124999,53.946923651531485]},"properties":{"category":"offshore_wind_turbine","score":0.9976796507835388}},{"type":"Feature","geometry":{"type":"Point","coordinates":[7.1289910099507,54.02779475720494]},"properties":{"category":"offshore_wind_turbine","score":0.9974929094314575}},{"type":"Feature","geometry":{"type":"Point","coordinates":[11.526537601847117,54.572453300512905]},"properties":{"category":"offshore_wind_turbine","score":0.9986122846603394}},{"type":"Feature","geometry":{"type":"Point","coordinates":[7.170506748096004,55.10328595884317]},"properties":{"category":"offshore_wind_turbine","score":0.9984363913536072}},{"type":"Feature","geometry":{"type":"Point","coordinates":[15.099375220548602,44.03512344444799]},"properties":{"category":"offshore_platform","score":0.8799892067909241}},{"type":"Feature","geometry":{"type":"Point","coordinates":[17.68346209614813,55.0659974226507]},"properties":{"category":"offshore_platform","score":0.9529387354850769}},{"type":"Feature","geometry":{"type":"Point","coordinates":[33.72961941129306,27.987223288345152]},"properties":{"category":"offshore_platform","score":0.9247027039527893}},{"type":"Feature","geometry":{"type":"Point","coordinates":[49.450811263408745,28.579998039960163]},"properties":{"category":"offshore_platform","score":0.9614743590354919}},{"type":"Feature","geometry":{"type":"Point","coordinates":[48.87925897366735,28.24976932634424]},"properties":{"category":"offshore_platform","score":0.9823994636535645}},{"type":"Feature","geometry":{"type":"Point","coordinates":[49.631720196727784,28.369450340366686]},"properties":{"category":"offshore_platform","score":0.9401047229766846}},{"type":"Feature","geometry":{"type":"Point","coordinates":[50.329038414328416,40.67382082687521]},"properties":{"category":"offshore_platform","score":0.9540462493896484}},{"type":"Feature","geometry":{"type":"Point","coordinates":[53.73575346980333,24.89623103037425]},"properties":{"category":"offshore_platform","score":0.9942810535430908}},{"type":"Feature","geometry":{"type":"Point","coordinates":[53.69980769975495,24.900001896222367]},"properties":{"category":"offshore_platform","score":0.99434494972229}},{"type":"Feature","geometry":{"type":"Point","coordinates":[71.33200135546741,19.385803963131913]},"properties":{"category":"offshore_platform","score":0.9884068369865417}},{"type":"Feature","geometry":{"type":"Point","coordinates":[101.21300602405097,9.648770742291516]},"properties":{"category":"offshore_platform","score":0.9656808972358704}},{"type":"Feature","geometry":{"type":"Point","coordinates":[102.48586990742531,8.208787431422623]},"properties":{"category":"offshore_platform","score":0.946897029876709}},{"type":"Feature","geometry":{"type":"Point","coordinates":[105.85317634360719,9.177714786748826]},"properties":{"category":"offshore_wind_turbine","score":0.9896494150161743}},{"type":"Feature","geometry":{"type":"Point","coordinates":[104.43345551551695,-0.1469843014477409]},"properties":{"category":"offshore_platform","score":0.8506575226783752}},{"type":"Feature","geometry":{"type":"Point","coordinates":[106.7068252563228,20.28066553430359]},"properties":{"category":"offshore_platform","score":0.9673362970352173}},{"type":"Feature","geometry":{"type":"Point","coordinates":[112.36811593184252,3.603026705761403]},"properties":{"category":"offshore_platform","score":0.9365432858467102}},{"type":"Feature","geometry":{"type":"Point","coordinates":[111.64948102165458,21.30233217131133]},"properties":{"category":"offshore_platform","score":0.979534924030304}},{"type":"Feature","geometry":{"type":"Point","coordinates":[112.22896134482671,21.091768077001728]},"properties":{"category":"offshore_platform","score":0.9820680022239685}},{"type":"Feature","geometry":{"type":"Point","coordinates":[117.85911358425581,2.6105608137988]},"properties":{"category":"offshore_platform","score":0.9163601398468018}},{"type":"Feature","geometry":{"type":"Point","coordinates":[116.28426693302904,22.675574833520177]},"properties":{"category":"offshore_wind_turbine","score":0.997887909412384}},{"type":"Feature","geometry":{"type":"Point","coordinates":[118.26813122387631,4.2658914549221985]},"properties":{"category":"offshore_platform","score":0.8838911652565002}},{"type":"Feature","geometry":{"type":"Point","coordinates":[120.31296497838224,40.180809185627005]},"properties":{"category":"offshore_platform","score":0.9901436567306519}},{"type":"Feature","geometry":{"type":"Point","coordinates":[122.00068867352468,30.765437385817084]},"properties":{"category":"offshore_wind_turbine","score":0.9977370500564575}},{"type":"Feature","geometry":{"type":"Point","coordinates":[119.57579998420863,25.234809238664155]},"properties":{"category":"offshore_wind_turbine","score":0.9981776475906372}},{"type":"Feature","geometry":{"type":"Point","coordinates":[119.41376886294816,37.26594008844828]},"properties":{"category":"offshore_wind_turbine","score":0.9981290698051453}},{"type":"Feature","geometry":{"type":"Point","coordinates":[121.89144271068909,37.87872047308333]},"properties":{"category":"offshore_wind_turbine","score":0.9567933082580566}},{"type":"Feature","geometry":{"type":"Point","coordinates":[120.59260223256716,34.220874159209956]},"properties":{"category":"offshore_wind_turbine","score":0.9692736864089966}},{"type":"Feature","geometry":{"type":"Point","coordinates":[121.49421061836225,33.13524867835629]},"properties":{"category":"offshore_wind_turbine","score":0.9669792652130127}},{"type":"Feature","geometry":{"type":"Point","coordinates":[121.95664196097246,32.68953495293186]},"properties":{"category":"offshore_wind_turbine","score":0.99512779712677}},{"type":"Feature","geometry":{"type":"Point","coordinates":[121.06546745514078,33.36702688980663]},"properties":{"category":"offshore_wind_turbine","score":0.9763227701187134}},{"type":"Feature","geometry":{"type":"Point","coordinates":[119.37150423313363,25.39541768539593]},"properties":{"category":"offshore_platform","score":0.8602092862129211}},{"type":"Feature","geometry":{"type":"Point","coordinates":[122.55024393744502,11.599369711238326]},"properties":{"category":"offshore_platform","score":0.9523555040359497}},{"type":"Feature","geometry":{"type":"Point","coordinates":[123.23715500179871,39.48714656636539]},"properties":{"category":"offshore_platform","score":0.9844924211502075}},{"type":"Feature","geometry":{"type":"Point","coordinates":[121.91437431905815,37.931129115938866]},"properties":{"category":"offshore_platform","score":0.958263635635376}},{"type":"Feature","geometry":{"type":"Point","coordinates":[122.15548760300676,32.089323812200654]},"properties":{"category":"offshore_wind_turbine","score":0.9697983264923096}},{"type":"Feature","geometry":{"type":"Point","coordinates":[121.22107278576553,33.25530294516154]},"properties":{"category":"offshore_wind_turbine","score":0.9410485029220581}},{"type":"Feature","geometry":{"type":"Point","coordinates":[121.5506480245398,33.30707637402269]},"properties":{"category":"offshore_wind_turbine","score":0.998984158039093}},{"type":"Feature","geometry":{"type":"Point","coordinates":[126.46876419711074,37.03479307885804]},"properties":{"category":"offshore_platform","score":0.9890695214271545}},{"type":"Feature","geometry":{"type":"Point","coordinates":[-156.35844121610137,-73.11697669250135]},"properties":{"category":"offshore_wind_turbine","score":0.9321244359016418}},{"type":"Feature","geometry":{"type":"Point","coordinates":[-58.140457350026985,-62.101162519548566]},"properties":{"category":"offshore_platform","score":0.9896119236946106}},{"type":"Feature","geometry":{"type":"Point","coordinates":[8.86379347247634,-1.1628563443553974]},"properties":{"category":"offshore_platform","score":0.9544250965118408}},{"type":"Feature","geometry":{"type":"Point","coordinates":[107.73712280806193,-5.910307388215455]},"properties":{"category":"offshore_platform","score":0.9908979535102844}},{"type":"Feature","geometry":{"type":"Point","coordinates":[116.3291760053041,-3.2625560676285956]},"properties":{"category":"offshore_platform","score":0.9032529592514038}},{"type":"Feature","geometry":{"type":"Point","coordinates":[-100.45550446177909,76.31747365358447]},"properties":{"category":"offshore_platform","score":0.9795350432395935}},{"type":"Feature","geometry":{"type":"Point","coordinates":[-90.26631702131483,30.327715796709082]},"properties":{"category":"offshore_platform","score":0.9296004176139832}},{"type":"Feature","geometry":{"type":"Point","coordinates":[33.65752310469756,34.89693737266121]},"properties":{"category":"offshore_platform","score":0.9136121869087219}},{"type":"Feature","geometry":{"type":"Point","coordinates":[119.17787510330639,32.7313776647687]},"properties":{"category":"offshore_wind_turbine","score":0.9950473308563232}},{"type":"Feature","geometry":{"type":"Point","coordinates":[-77.20414826547483,82.16784937160055]},"properties":{"category":"offshore_platform","score":0.8949155211448669}},{"type":"Feature","geometry":{"type":"Point","coordinates":[107.76988228146159,21.099726258331753]},"properties":{"category":"offshore_platform","score":0.957892894744873}},{"type":"Feature","geometry":{"type":"Point","coordinates":[123.91753146208913,8.147607008648407]},"properties":{"category":"offshore_platform","score":0.9735648036003113}},{"type":"Feature","geometry":{"type":"Point","coordinates":[21.883116582653305,69.9545490109169]},"properties":{"category":"offshore_platform","score":0.898644208908081}},{"type":"Feature","geometry":{"type":"Point","coordinates":[-112.2000555753834,41.105749855941035]},"properties":{"category":"offshore_wind_turbine","score":0.9688865542411804}},{"type":"Feature","geometry":{"type":"Point","coordinates":[-92.89621767985143,29.40718338352294]},"properties":{"category":"offshore_platform","score":0.9960891008377075}},{"type":"Feature","geometry":{"type":"Point","coordinates":[-88.07043029167113,30.185895049113725]},"properties":{"category":"offshore_platform","score":0.9854214191436768}},{"type":"Feature","geometry":{"type":"Point","coordinates":[-88.6486329679192,29.418936575463007]},"properties":{"category":"offshore_platform","score":0.9948613047599792}},{"type":"Feature","geometry":{"type":"Point","coordinates":[-88.9165080167519,29.244813724261515]},"properties":{"category":"offshore_platform","score":0.9966704249382019}},{"type":"Feature","geometry":{"type":"Point","coordinates":[-73.4474459397638,40.34032910751928]},"properties":{"category":"offshore_platform","score":0.9780260920524597}},{"type":"Feature","geometry":{"type":"Point","coordinates":[-71.43046197240496,10.202019676838182]},"properties":{"category":"offshore_platform","score":0.8560715913772583}},{"type":"Feature","geometry":{"type":"Point","coordinates":[-71.44862126943794,10.290159001132333]},"properties":{"category":"offshore_platform","score":0.9486545920372009}},{"type":"Feature","geometry":{"type":"Point","coordinates":[-61.874795449664454,10.231235117017821]},"properties":{"category":"offshore_platform","score":0.9165043830871582}},{"type":"Feature","geometry":{"type":"Point","coordinates":[-3.5950568937805047,53.484929381778514]},"properties":{"category":"offshore_wind_turbine","score":0.9979310035705566}},{"type":"Feature","geometry":{"type":"Point","coordinates":[1.8396514986646235,57.01205475740565]},"properties":{"category":"offshore_platform","score":0.8864859938621521}},{"type":"Feature","geometry":{"type":"Point","coordinates":[-2.4807398981213016,46.82901809003844]},"properties":{"category":"offshore_platform","score":0.9133304953575134}},{"type":"Feature","geometry":{"type":"Point","coordinates":[1.9511647628147246,51.88465413492853]},"properties":{"category":"offshore_wind_turbine","score":0.9981887936592102}},{"type":"Feature","geometry":{"type":"Point","coordinates":[0.29678597981834226,53.654828354493475]},"properties":{"category":"offshore_wind_turbine","score":0.9979503750801086}},{"type":"Feature","geometry":{"type":"Point","coordinates":[3.417259686132672,53.51463439374227]},"properties":{"category":"offshore_platform","score":0.9922303557395935}},{"type":"Feature","geometry":{"type":"Point","coordinates":[-3.4514507457886445,54.02357118424803]},"properties":{"category":"offshore_wind_turbine","score":0.9969276785850525}},{"type":"Feature","geometry":{"type":"Point","coordinates":[1.4815110856744076,51.64915407860549]},"properties":{"category":"offshore_wind_turbine","score":0.9976620674133301}},{"type":"Feature","geometry":{"type":"Point","coordinates":[2.797963191105609,51.70596241725525]},"properties":{"category":"offshore_wind_turbine","score":0.9442881941795349}},{"type":"Feature","geometry":{"type":"Point","coordinates":[0.9648502408227427,54.028776595237325]},"properties":{"category":"offshore_platform","score":0.9790523648262024}},{"type":"Feature","geometry":{"type":"Point","coordinates":[4.604028913096355,53.58110780817508]},"properties":{"category":"offshore_platform","score":0.9872503280639648}},{"type":"Feature","geometry":{"type":"Point","coordinates":[5.803981343067888,4.117335584877844]},"properties":{"category":"offshore_platform","score":0.8706486225128174}},{"type":"Feature","geometry":{"type":"Point","coordinates":[4.246138035853003,52.586876696535555]},"properties":{"category":"offshore_wind_turbine","score":0.983159601688385}},{"type":"Feature","geometry":{"type":"Point","coordinates":[6.024981894248444,54.35483054010042]},"properties":{"category":"offshore_platform","score":0.9733728766441345}},{"type":"Feature","geometry":{"type":"Point","coordinates":[7.7148243152317155,56.25751875411619]},"properties":{"category":"offshore_platform","score":0.9267430901527405}},{"type":"Feature","geometry":{"type":"Point","coordinates":[6.473610495754643,54.04485939586992]},"properties":{"category":"offshore_wind_turbine","score":0.995810866355896}},{"type":"Feature","geometry":{"type":"Point","coordinates":[6.95596359339681,53.995217106139044]},"properties":{"category":"offshore_platform","score":0.9895052313804626}},{"type":"Feature","geometry":{"type":"Point","coordinates":[15.859729148272196,59.1693023467515]},"properties":{"category":"offshore_platform","score":0.913063645362854}},{"type":"Feature","geometry":{"type":"Point","coordinates":[8.027066990915458,56.554583320471416]},"properties":{"category":"offshore_platform","score":0.9532532095909119}},{"type":"Feature","geometry":{"type":"Point","coordinates":[8.157700108216332,53.83416774538757]},"properties":{"category":"offshore_wind_turbine","score":0.9575851559638977}},{"type":"Feature","geometry":{"type":"Point","coordinates":[13.398372760779363,55.527297238969126]},"properties":{"category":"offshore_platform","score":0.9745137095451355}},{"type":"Feature","geometry":{"type":"Point","coordinates":[27.068861971174318,64.45185179795538]},"properties":{"category":"offshore_platform","score":0.9762227535247803}},{"type":"Feature","geometry":{"type":"Point","coordinates":[38.66309687535686,38.90519541679954]},"properties":{"category":"offshore_platform","score":0.9802144765853882}},{"type":"Feature","geometry":{"type":"Point","coordinates":[48.99328735869545,28.431155088304063]},"properties":{"category":"offshore_platform","score":0.9923876523971558}},{"type":"Feature","geometry":{"type":"Point","coordinates":[49.32703906210925,28.40826763677036]},"properties":{"category":"offshore_platform","score":0.9863844513893127}},{"type":"Feature","geometry":{"type":"Point","coordinates":[52.07214830243713,26.72591033595013]},"properties":{"category":"offshore_platform","score":0.9849756360054016}},{"type":"Feature","geometry":{"type":"Point","coordinates":[52.80889815823343,39.45318337768812]},"properties":{"category":"offshore_platform","score":0.98787921667099}},{"type":"Feature","geometry":{"type":"Point","coordinates":[54.15353061633016,24.583846794573155]},"properties":{"category":"offshore_platform","score":0.9913731217384338}},{"type":"Feature","geometry":{"type":"Point","coordinates":[53.74953707498014,24.737534039618787]},"properties":{"category":"offshore_platform","score":0.9886476397514343}},{"type":"Feature","geometry":{"type":"Point","coordinates":[75.70310676492868,20.91700442552176]},"properties":{"category":"offshore_platform","score":0.9977349042892456}},{"type":"Feature","geometry":{"type":"Point","coordinates":[101.2905513141006,8.879126644951139]},"properties":{"category":"offshore_platform","score":0.9591957330703735}},{"type":"Feature","geometry":{"type":"Point","coordinates":[105.54515782960196,9.081162812379171]},"properties":{"category":"offshore_wind_turbine","score":0.9924701452255249}},{"type":"Feature","geometry":{"type":"Point","coordinates":[109.44601462019264,20.10874434153661]},"properties":{"category":"offshore_wind_turbine","score":0.9980416297912598}},{"type":"Feature","geometry":{"type":"Point","coordinates":[107.93534641139397,9.537362924872083]},"properties":{"category":"offshore_platform","score":0.990794837474823}},{"type":"Feature","geometry":{"type":"Point","coordinates":[110.60938314838815,20.55011390014141]},"properties":{"category":"offshore_wind_turbine","score":0.998302698135376}},{"type":"Feature","geometry":{"type":"Point","coordinates":[111.45364029712479,21.348911733892628]},"properties":{"category":"offshore_platform","score":0.9500988721847534}},{"type":"Feature","geometry":{"type":"Point","coordinates":[111.64020125088943,21.244661327004632]},"properties":{"category":"offshore_platform","score":0.9434099793434143}},{"type":"Feature","geometry":{"type":"Point","coordinates":[112.78281643570527,3.715154266444722]},"properties":{"category":"offshore_platform","score":0.9842497706413269}},{"type":"Feature","geometry":{"type":"Point","coordinates":[114.99503371522815,5.620642671924982]},"properties":{"category":"offshore_platform","score":0.9935358762741089}},{"type":"Feature","geometry":{"type":"Point","coordinates":[116.1818845863362,22.738124553588218]},"properties":{"category":"offshore_wind_turbine","score":0.9978785514831543}},{"type":"Feature","geometry":{"type":"Point","coordinates":[116.65522391311283,-1.4764319034991131]},"properties":{"category":"offshore_platform","score":0.9214339852333069}},{"type":"Feature","geometry":{"type":"Point","coordinates":[121.71025273081501,30.35302244122618]},"properties":{"category":"offshore_wind_turbine","score":0.9949442744255066}},{"type":"Feature","geometry":{"type":"Point","coordinates":[119.71677645686475,25.701544760304483]},"properties":{"category":"offshore_wind_turbine","score":0.9094583988189697}},{"type":"Feature","geometry":{"type":"Point","coordinates":[118.89603721961184,38.285913958355174]},"properties":{"category":"offshore_platform","score":0.9231691360473633}},{"type":"Feature","geometry":{"type":"Point","coordinates":[120.8228997831197,27.264472695941727]},"properties":{"category":"offshore_wind_turbine","score":0.9672666192054749}},{"type":"Feature","geometry":{"type":"Point","coordinates":[120.61406720233339,34.24119933081001]},"properties":{"category":"offshore_wind_turbine","score":0.9965181350708008}},{"type":"Feature","geometry":{"type":"Point","coordinates":[121.43330093856868,33.08897750354047]},"properties":{"category":"offshore_wind_turbine","score":0.9984967708587646}},{"type":"Feature","geometry":{"type":"Point","coordinates":[119.76138423824023,34.62541436553362]},"properties":{"category":"offshore_wind_turbine","score":0.9894174933433533}},{"type":"Feature","geometry":{"type":"Point","coordinates":[121.03440594083176,33.59262847445451]},"properties":{"category":"offshore_wind_turbine","score":0.9921660423278809}},{"type":"Feature","geometry":{"type":"Point","coordinates":[119.57200963592857,25.609427804087495]},"properties":{"category":"offshore_wind_turbine","score":0.9900186061859131}},{"type":"Feature","geometry":{"type":"Point","coordinates":[121.49870095654846,28.18178454456702]},"properties":{"category":"offshore_wind_turbine","score":0.9942536950111389}},{"type":"Feature","geometry":{"type":"Point","coordinates":[122.79858779532131,39.314442249000514]},"properties":{"category":"offshore_platform","score":0.966211199760437}},{"type":"Feature","geometry":{"type":"Point","coordinates":[121.47983903180753,36.414415656460726]},"properties":{"category":"offshore_wind_turbine","score":0.9968569278717041}},{"type":"Feature","geometry":{"type":"Point","coordinates":[121.73713051778782,30.362231781546487]},"properties":{"category":"offshore_wind_turbine","score":0.9957828521728516}},{"type":"Feature","geometry":{"type":"Point","coordinates":[121.1576543486916,33.483430086148985]},"properties":{"category":"offshore_wind_turbine","score":0.9956194758415222}},{"type":"Feature","geometry":{"type":"Point","coordinates":[121.40419278234212,32.92546327898032]},"properties":{"category":"offshore_platform","score":0.9753986597061157}},{"type":"Feature","geometry":{"type":"Point","coordinates":[121.78702129111785,32.64866886077258]},"properties":{"category":"offshore_wind_turbine","score":0.961881160736084}},{"type":"Feature","geometry":{"type":"Point","coordinates":[125.23282393870788,38.7056129625369]},"properties":{"category":"offshore_platform","score":0.9690535068511963}},{"type":"Feature","geometry":{"type":"Point","coordinates":[-68.78761550266978,-52.39007659041521]},"properties":{"category":"offshore_platform","score":0.9775562882423401}},{"type":"Feature","geometry":{"type":"Point","coordinates":[-43.93954643682546,-25.477068616612907]},"properties":{"category":"offshore_platform","score":0.9368086457252502}},{"type":"Feature","geometry":{"type":"Point","coordinates":[104.45292363422776,0.0036666360679139887]},"properties":{"category":"offshore_platform","score":0.967546284198761}},{"type":"Feature","geometry":{"type":"Point","coordinates":[113.91545185820183,-7.375281481415538]},"properties":{"category":"offshore_platform","score":0.9167745113372803}},{"type":"Feature","geometry":{"type":"Point","coordinates":[116.33606097578513,-3.2711845962852553]},"properties":{"category":"offshore_platform","score":0.9691047072410583}},{"type":"Feature","geometry":{"type":"Point","coordinates":[-95.9489246701504,28.48715099609848]},"properties":{"category":"offshore_wind_turbine","score":0.9830873608589172}},{"type":"Feature","geometry":{"type":"Point","coordinates":[-71.20362420481489,9.88386132077366]},"properties":{"category":"offshore_platform","score":0.9800921678543091}},{"type":"Feature","geometry":{"type":"Point","coordinates":[48.97764893177169,28.48953028877129]},"properties":{"category":"offshore_platform","score":0.8730124235153198}},{"type":"Feature","geometry":{"type":"Point","coordinates":[92.84560282095687,26.606671383192726]},"properties":{"category":"offshore_platform","score":0.9282792210578918}},{"type":"Feature","geometry":{"type":"Point","coordinates":[132.55454271590446,34.028836241499626]},"properties":{"category":"offshore_platform","score":0.9321361184120178}},{"type":"Feature","geometry":{"type":"Point","coordinates":[106.34478243009839,-2.033283762866839]},"properties":{"category":"offshore_platform","score":0.8897126913070679}},{"type":"Feature","geometry":{"type":"Point","coordinates":[-95.82525149662739,67.43253655927718]},"properties":{"category":"offshore_platform","score":0.970797061920166}},{"type":"Feature","geometry":{"type":"Point","coordinates":[117.50723340987342,-0.1459939062992584]},"properties":{"category":"offshore_platform","score":0.8596677780151367}},{"type":"Feature","geometry":{"type":"Point","coordinates":[177.10139415127895,-37.98584148594258]},"properties":{"category":"offshore_platform","score":0.8672295212745667}},{"type":"Feature","geometry":{"type":"Point","coordinates":[-98.39321232217691,48.01935761832547]},"properties":{"category":"offshore_platform","score":0.9857131242752075}},{"type":"Feature","geometry":{"type":"Point","coordinates":[-92.28020755371071,28.688104324730688]},"properties":{"category":"offshore_platform","score":0.9925145506858826}},{"type":"Feature","geometry":{"type":"Point","coordinates":[-91.13979154228612,29.281786611653615]},"properties":{"category":"offshore_platform","score":0.9467722177505493}},{"type":"Feature","geometry":{"type":"Point","coordinates":[-91.02014584004355,28.593119474352722]},"properties":{"category":"offshore_platform","score":0.9898399114608765}},{"type":"Feature","geometry":{"type":"Point","coordinates":[-82.58117255132,41.854024209490355]},"properties":{"category":"offshore_platform","score":0.9903250932693481}},{"type":"Feature","geometry":{"type":"Point","coordinates":[-71.89454723854546,10.053315777836096]},"properties":{"category":"offshore_platform","score":0.954686164855957}},{"type":"Feature","geometry":{"type":"Point","coordinates":[-71.5299906912587,10.222451044184703]},"properties":{"category":"offshore_platform","score":0.9287137389183044}},{"type":"Feature","geometry":{"type":"Point","coordinates":[-71.43852262038133,10.199487484900322]},"properties":{"category":"offshore_platform","score":0.9301857948303223}},{"type":"Feature","geometry":{"type":"Point","coordinates":[-62.023675517007334,10.103065569733324]},"properties":{"category":"offshore_wind_turbine","score":0.9295153021812439}},{"type":"Feature","geometry":{"type":"Point","coordinates":[-3.444718276152337,54.10705399013618]},"properties":{"category":"offshore_wind_turbine","score":0.9984651803970337}},{"type":"Feature","geometry":{"type":"Point","coordinates":[-3.5773660710935897,54.097387502499004]},"properties":{"category":"offshore_wind_turbine","score":0.997765064239502}},{"type":"Feature","geometry":{"type":"Point","coordinates":[1.1549941619695459,53.13677370238342]},"properties":{"category":"offshore_wind_turbine","score":0.99676114320755}},{"type":"Feature","geometry":{"type":"Point","coordinates":[0.2529823781241443,53.658565645378836]},"properties":{"category":"offshore_platform","score":0.8644596934318542}},{"type":"Feature","geometry":{"type":"Point","coordinates":[-2.9166771114660044,58.19462352126949]},"properties":{"category":"offshore_platform","score":0.9754284024238586}},{"type":"Feature","geometry":{"type":"Point","coordinates":[-1.393572822493993,55.11315874369023]},"properties":{"category":"offshore_platform","score":0.8845511674880981}},{"type":"Feature","geometry":{"type":"Point","coordinates":[1.5381024178977603,51.58271997071563]},"properties":{"category":"offshore_wind_turbine","score":0.996971845626831}},{"type":"Feature","geometry":{"type":"Point","coordinates":[2.8085639321805775,51.65808350687171]},"properties":{"category":"offshore_wind_turbine","score":0.9972482323646545}},{"type":"Feature","geometry":{"type":"Point","coordinates":[2.677557975424332,6.241128157426098]},"properties":{"category":"offshore_platform","score":0.9937654733657837}},{"type":"Feature","geometry":{"type":"Point","coordinates":[7.953642878732445,56.081767620669524]},"properties":{"category":"offshore_platform","score":0.8707820773124695}},{"type":"Feature","geometry":{"type":"Point","coordinates":[2.8188156994990905,51.67522061094872]},"properties":{"category":"offshore_wind_turbine","score":0.9978606104850769}},{"type":"Feature","geometry":{"type":"Point","coordinates":[3.6257937681830485,53.2688928614068]},"properties":{"category":"offshore_platform","score":0.9911728501319885}},{"type":"Feature","geometry":{"type":"Point","coordinates":[8.025832819587567,56.5801805133054]},"properties":{"category":"offshore_platform","score":0.9681808352470398}},{"type":"Feature","geometry":{"type":"Point","coordinates":[6.376922700730823,54.46145892660793]},"properties":{"category":"offshore_wind_turbine","score":0.9985491633415222}},{"type":"Feature","geometry":{"type":"Point","coordinates":[6.984146456645443,54.079583411659726]},"properties":{"category":"offshore_wind_turbine","score":0.9913821816444397}},{"type":"Feature","geometry":{"type":"Point","coordinates":[11.411492283011254,34.311039611124706]},"properties":{"category":"offshore_platform","score":0.9947575330734253}},{"type":"Feature","geometry":{"type":"Point","coordinates":[7.9534490967599325,56.1186666104716]},"properties":{"category":"offshore_platform","score":0.8815882802009583}},{"type":"Feature","geometry":{"type":"Point","coordinates":[11.733247416196084,54.536765016082285]},"properties":{"category":"offshore_wind_turbine","score":0.996151864528656}},{"type":"Feature","geometry":{"type":"Point","coordinates":[24.22184882328684,38.61108114007751]},"properties":{"category":"offshore_platform","score":0.9941948056221008}},{"type":"Feature","geometry":{"type":"Point","coordinates":[33.49056462610475,28.176046942352038]},"properties":{"category":"offshore_platform","score":0.9877896308898926}},{"type":"Feature","geometry":{"type":"Point","coordinates":[49.62011119124704,28.444522216305923]},"properties":{"category":"offshore_platform","score":0.9785191416740417}},{"type":"Feature","geometry":{"type":"Point","coordinates":[49.06148408022404,28.458483876540345]},"properties":{"category":"offshore_platform","score":0.9667821526527405}},{"type":"Feature","geometry":{"type":"Point","coordinates":[49.995527549132774,28.156165447080006]},"properties":{"category":"offshore_platform","score":0.9421521425247192}},{"type":"Feature","geometry":{"type":"Point","coordinates":[50.79780834718976,40.263571975504306]},"properties":{"category":"offshore_platform","score":0.9791942238807678}},{"type":"Feature","geometry":{"type":"Point","coordinates":[54.3997491612707,25.56714166676346]},"properties":{"category":"offshore_platform","score":0.9876347184181213}},{"type":"Feature","geometry":{"type":"Point","coordinates":[53.78228337810975,24.881244498829375]},"properties":{"category":"offshore_platform","score":0.9927529096603394}},{"type":"Feature","geometry":{"type":"Point","coordinates":[71.38030474142151,19.459275272692217]},"properties":{"category":"offshore_platform","score":0.968963623046875}},{"type":"Feature","geometry":{"type":"Point","coordinates":[95.98960008097129,14.485480291383379]},"properties":{"category":"offshore_platform","score":0.9819692969322205}},{"type":"Feature","geometry":{"type":"Point","coordinates":[102.35343287068395,8.142208684128095]},"properties":{"category":"offshore_platform","score":0.9524201154708862}},{"type":"Feature","geometry":{"type":"Point","coordinates":[104.47483483099123,5.585728596998495]},"properties":{"category":"offshore_platform","score":0.9933552742004395}},{"type":"Feature","geometry":{"type":"Point","coordinates":[106.85483627154878,10.195151786861198]},"properties":{"category":"offshore_wind_turbine","score":0.9986020922660828}},{"type":"Feature","geometry":{"type":"Point","coordinates":[110.5778283506317,20.73792596895316]},"properties":{"category":"offshore_wind_turbine","score":0.9931448698043823}},{"type":"Feature","geometry":{"type":"Point","coordinates":[111.48996140365934,21.379655675934814]},"properties":{"category":"offshore_platform","score":0.8822586536407471}},{"type":"Feature","geometry":{"type":"Point","coordinates":[111.55414168432392,21.049380182960387]},"properties":{"category":"offshore_platform","score":0.8930774927139282}},{"type":"Feature","geometry":{"type":"Point","coordinates":[112.17209611957044,21.37761497409874]},"properties":{"category":"offshore_wind_turbine","score":0.9978504180908203}},{"type":"Feature","geometry":{"type":"Point","coordinates":[117.86251226657622,2.6352258010620986]},"properties":{"category":"offshore_platform","score":0.8622797727584839}},{"type":"Feature","geometry":{"type":"Point","coordinates":[116.16126383957793,22.731648447179836]},"properties":{"category":"offshore_wind_turbine","score":0.9970097541809082}},{"type":"Feature","geometry":{"type":"Point","coordinates":[118.16706563979614,39.01061391846243]},"properties":{"category":"offshore_platform","score":0.9709893465042114}},{"type":"Feature","geometry":{"type":"Point","coordinates":[117.5122366586952,-0.9954334239703826]},"properties":{"category":"offshore_platform","score":0.989613950252533}},{"type":"Feature","geometry":{"type":"Point","coordinates":[121.75157272786004,32.35560549490344]},"properties":{"category":"offshore_wind_turbine","score":0.9587322473526001}},{"type":"Feature","geometry":{"type":"Point","coordinates":[119.36216990022739,25.312799736344925]},"properties":{"category":"offshore_platform","score":0.8720486164093018}},{"type":"Feature","geometry":{"type":"Point","coordinates":[119.73838995174461,24.03094411831712]},"properties":{"category":"offshore_wind_turbine","score":0.8846227526664734}},{"type":"Feature","geometry":{"type":"Point","coordinates":[119.61731728399744,38.3275270438342]},"properties":{"category":"offshore_platform","score":0.974629282951355}},{"type":"Feature","geometry":{"type":"Point","coordinates":[118.84792879311547,39.032960687117004]},"properties":{"category":"offshore_wind_turbine","score":0.999000608921051}},{"type":"Feature","geometry":{"type":"Point","coordinates":[121.32488653228208,33.44434805376487]},"properties":{"category":"offshore_wind_turbine","score":0.9972034692764282}},{"type":"Feature","geometry":{"type":"Point","coordinates":[122.00183306502348,32.64743964941397]},"properties":{"category":"offshore_wind_turbine","score":0.9970851540565491}},{"type":"Feature","geometry":{"type":"Point","coordinates":[121.08109584684951,33.31448600292484]},"properties":{"category":"offshore_wind_turbine","score":0.9369439482688904}},{"type":"Feature","geometry":{"type":"Point","coordinates":[118.2146951374064,23.893686715372183]},"properties":{"category":"offshore_wind_turbine","score":0.9972429275512695}},{"type":"Feature","geometry":{"type":"Point","coordinates":[119.9385638160403,24.15007008542264]},"properties":{"category":"offshore_wind_turbine","score":0.992255449295044}},{"type":"Feature","geometry":{"type":"Point","coordinates":[122.75123394163015,39.273475696741045]},"properties":{"category":"offshore_platform","score":0.9105119705200195}},{"type":"Feature","geometry":{"type":"Point","coordinates":[121.58667800193736,36.410797549547986]},"properties":{"category":"offshore_wind_turbine","score":0.9963834285736084}},{"type":"Feature","geometry":{"type":"Point","coordinates":[122.08795589610624,32.15782302001636]},"properties":{"category":"offshore_wind_turbine","score":0.982696533203125}},{"type":"Feature","geometry":{"type":"Point","coordinates":[121.2389551587741,33.199218868258285]},"properties":{"category":"offshore_platform","score":0.9497354030609131}},{"type":"Feature","geometry":{"type":"Point","coordinates":[121.41465616533182,32.941853974826]},"properties":{"category":"offshore_wind_turbine","score":0.9911434650421143}},{"type":"Feature","geometry":{"type":"Point","coordinates":[121.73895883813589,32.73354273774328]},"properties":{"category":"offshore_wind_turbine","score":0.9988829493522644}},{"type":"Feature","geometry":{"type":"Point","coordinates":[123.366008251158,39.395399795346]},"properties":{"category":"offshore_platform","score":0.9748988747596741}},{"type":"Feature","geometry":{"type":"Point","coordinates":[-72.49778479626491,-42.02109757283535]},"properties":{"category":"offshore_platform","score":0.9740270376205444}},{"type":"Feature","geometry":{"type":"Point","coordinates":[-43.11841773530729,-22.80339890473137]},"properties":{"category":"offshore_platform","score":0.9947494864463806}},{"type":"Feature","geometry":{"type":"Point","coordinates":[33.447297490144564,-2.5098864953024362]},"properties":{"category":"offshore_platform","score":0.9225321412086487}},{"type":"Feature","geometry":{"type":"Point","coordinates":[117.52483516731,-0.8327261847100588]},"properties":{"category":"offshore_platform","score":0.9156837463378906}},{"type":"Feature","geometry":{"type":"Point","coordinates":[135.99650639813737,-34.57272351886858]},"properties":{"category":"offshore_platform","score":0.9351565837860107}},{"type":"Feature","geometry":{"type":"Point","coordinates":[-91.50399258873529,18.774911435427832]},"properties":{"category":"offshore_platform","score":0.9905727505683899}},{"type":"Feature","geometry":{"type":"Point","coordinates":[-71.18560936733537,9.81046092088749]},"properties":{"category":"offshore_platform","score":0.9433011412620544}},{"type":"Feature","geometry":{"type":"Point","coordinates":[40.24410207256815,20.15135524166755]},"properties":{"category":"offshore_platform","score":0.9842776656150818}},{"type":"Feature","geometry":{"type":"Point","coordinates":[93.28770141190039,75.82315560669316]},"properties":{"category":"offshore_platform","score":0.9874000549316406}},{"type":"Feature","geometry":{"type":"Point","coordinates":[124.91939372902597,43.31213482890398]},"properties":{"category":"offshore_platform","score":0.9785409569740295}},{"type":"Feature","geometry":{"type":"Point","coordinates":[-105.43112208842811,61.92080236854388]},"properties":{"category":"offshore_platform","score":0.9747527241706848}},{"type":"Feature","geometry":{"type":"Point","coordinates":[27.915742644943162,38.393924116096855]},"properties":{"category":"offshore_platform","score":0.9837952852249146}},{"type":"Feature","geometry":{"type":"Point","coordinates":[125.08908030218926,-14.71812867100096]},"properties":{"category":"offshore_platform","score":0.9223534464836121}},{"type":"Feature","geometry":{"type":"Point","coordinates":[-104.20901607469044,70.99357675092877]},"properties":{"category":"offshore_platform","score":0.8544802665710449}},{"type":"Feature","geometry":{"type":"Point","coordinates":[-115.1740187085976,71.50595371799376]},"properties":{"category":"offshore_platform","score":0.9011241793632507}},{"type":"Feature","geometry":{"type":"Point","coordinates":[-92.20958470635308,28.265242847651947]},"properties":{"category":"offshore_platform","score":0.9851642847061157}},{"type":"Feature","geometry":{"type":"Point","coordinates":[-91.13713103606368,28.42566120928163]},"properties":{"category":"offshore_platform","score":0.97774338722229}},{"type":"Feature","geometry":{"type":"Point","coordinates":[-92.09276827240751,28.586513831765114]},"properties":{"category":"offshore_platform","score":0.9870411157608032}},{"type":"Feature","geometry":{"type":"Point","coordinates":[-83.9032924086126,45.949072474713105]},"properties":{"category":"offshore_platform","score":0.989828884601593}},{"type":"Feature","geometry":{"type":"Point","coordinates":[-73.41920242333318,40.31207128570697]},"properties":{"category":"offshore_platform","score":0.9795443415641785}},{"type":"Feature","geometry":{"type":"Point","coordinates":[-71.467161971287,9.780656129426205]},"properties":{"category":"offshore_platform","score":0.972724974155426}},{"type":"Feature","geometry":{"type":"Point","coordinates":[-71.45348452853015,10.36477984789684]},"properties":{"category":"offshore_platform","score":0.9502984881401062}},{"type":"Feature","geometry":{"type":"Point","coordinates":[-71.20181257235292,9.903008330004024]},"properties":{"category":"offshore_platform","score":0.9925143122673035}},{"type":"Feature","geometry":{"type":"Point","coordinates":[-2.926315781349756,58.27029639057447]},"properties":{"category":"offshore_wind_turbine","score":0.9952484965324402}},{"type":"Feature","geometry":{"type":"Point","coordinates":[-2.6642362397038033,47.18558124894606]},"properties":{"category":"offshore_platform","score":0.9792258739471436}},{"type":"Feature","geometry":{"type":"Point","coordinates":[-3.7069334534020384,54.75100951879382]},"properties":{"category":"offshore_wind_turbine","score":0.9974268078804016}},{"type":"Feature","geometry":{"type":"Point","coordinates":[1.2357479799804048,51.72424485340502]},"properties":{"category":"offshore_wind_turbine","score":0.9982965588569641}},{"type":"Feature","geometry":{"type":"Point","coordinates":[2.9259022347396204,51.651228410511315]},"properties":{"category":"offshore_wind_turbine","score":0.9104406237602234}},{"type":"Feature","geometry":{"type":"Point","coordinates":[1.4151279888808475,53.24256386550694]},"properties":{"category":"offshore_wind_turbine","score":0.9516505002975464}},{"type":"Feature","geometry":{"type":"Point","coordinates":[-3.6934544252676305,54.769836090330806]},"properties":{"category":"offshore_wind_turbine","score":0.99754399061203}},{"type":"Feature","geometry":{"type":"Point","coordinates":[1.8054451468901198,56.958947834899575]},"properties":{"category":"offshore_platform","score":0.9920899868011475}},{"type":"Feature","geometry":{"type":"Point","coordinates":[1.5549160060953464,51.6213712323612]},"properties":{"category":"offshore_wind_turbine","score":0.9983664155006409}},{"type":"Feature","geometry":{"type":"Point","coordinates":[2.916186340552905,51.61718173643983]},"properties":{"category":"offshore_wind_turbine","score":0.997654914855957}},{"type":"Feature","geometry":{"type":"Point","coordinates":[5.242657565121491,53.02915123465503]},"properties":{"category":"offshore_platform","score":0.9716065526008606}},{"type":"Feature","geometry":{"type":"Point","coordinates":[1.7585633609893752,53.91644170865773]},"properties":{"category":"offshore_platform","score":0.9291150569915771}},{"type":"Feature","geometry":{"type":"Point","coordinates":[6.197973550765287,54.381192490818464]},"properties":{"category":"offshore_platform","score":0.877821147441864}},{"type":"Feature","geometry":{"type":"Point","coordinates":[2.7601879938151925,51.73563914457396]},"properties":{"category":"offshore_platform","score":0.983389675617218}},{"type":"Feature","geometry":{"type":"Point","coordinates":[1.8534447699450851,55.02272839331232]},"properties":{"category":"offshore_platform","score":0.8712741136550903}},{"type":"Feature","geometry":{"type":"Point","coordinates":[13.711772413339,43.828515371369086]},"properties":{"category":"offshore_platform","score":0.9921286106109619}},{"type":"Feature","geometry":{"type":"Point","coordinates":[8.548973365720135,3.978032698271509]},"properties":{"category":"offshore_platform","score":0.9594553112983704}},{"type":"Feature","geometry":{"type":"Point","coordinates":[6.983979737082342,54.09221948592322]},"properties":{"category":"offshore_wind_turbine","score":0.9955562949180603}},{"type":"Feature","geometry":{"type":"Point","coordinates":[7.7634485733901535,54.405583988334875]},"properties":{"category":"offshore_wind_turbine","score":0.9898163080215454}},{"type":"Feature","geometry":{"type":"Point","coordinates":[7.58544717617711,56.30264527741413]},"properties":{"category":"offshore_platform","score":0.985981822013855}},{"type":"Feature","geometry":{"type":"Point","coordinates":[7.8059779491895185,55.498235275422175]},"properties":{"category":"offshore_wind_turbine","score":0.998075008392334}},{"type":"Feature","geometry":{"type":"Point","coordinates":[14.578879930893393,53.62717326106543]},"properties":{"category":"offshore_platform","score":0.9236010313034058}},{"type":"Feature","geometry":{"type":"Point","coordinates":[26.385809076135907,38.50672216744479]},"properties":{"category":"offshore_platform","score":0.9198183417320251}},{"type":"Feature","geometry":{"type":"Point","coordinates":[39.81453109778219,43.46707768801774]},"properties":{"category":"offshore_platform","score":0.9036718010902405}},{"type":"Feature","geometry":{"type":"Point","coordinates":[49.01184488823288,28.830877975664794]},"properties":{"category":"offshore_platform","score":0.8931435942649841}},{"type":"Feature","geometry":{"type":"Point","coordinates":[52.5457883518872,25.601413770497807]},"properties":{"category":"offshore_platform","score":0.9853093028068542}},{"type":"Feature","geometry":{"type":"Point","coordinates":[50.54938428252053,26.97949455062126]},"properties":{"category":"offshore_platform","score":0.8926913142204285}},{"type":"Feature","geometry":{"type":"Point","coordinates":[53.12311385279248,25.197358950900345]},"properties":{"category":"offshore_platform","score":0.9879242181777954}},{"type":"Feature","geometry":{"type":"Point","coordinates":[53.075218999921155,38.98274577960989]},"properties":{"category":"offshore_platform","score":0.9811012744903564}},{"type":"Feature","geometry":{"type":"Point","coordinates":[59.15527426270172,69.90241124805326]},"properties":{"category":"offshore_platform","score":0.9791081547737122}},{"type":"Feature","geometry":{"type":"Point","coordinates":[74.0056717799301,17.40795423150932]},"properties":{"category":"offshore_platform","score":0.9166661500930786}},{"type":"Feature","geometry":{"type":"Point","coordinates":[101.25674398880263,8.7618523778358]},"properties":{"category":"offshore_platform","score":0.9639698266983032}},{"type":"Feature","geometry":{"type":"Point","coordinates":[104.14563369939407,10.105184418448104]},"properties":{"category":"offshore_platform","score":0.9485676884651184}},{"type":"Feature","geometry":{"type":"Point","coordinates":[104.93866937334226,5.511353612146304]},"properties":{"category":"offshore_platform","score":0.9512346982955933}},{"type":"Feature","geometry":{"type":"Point","coordinates":[106.42632461806593,9.512184152512296]},"properties":{"category":"offshore_wind_turbine","score":0.9200178980827332}},{"type":"Feature","geometry":{"type":"Point","coordinates":[108.18656952853982,21.369417496425395]},"properties":{"category":"offshore_platform","score":0.9143326282501221}},{"type":"Feature","geometry":{"type":"Point","coordinates":[110.7424314936736,20.577113133165152]},"properties":{"category":"offshore_wind_turbine","score":0.9252836108207703}},{"type":"Feature","geometry":{"type":"Point","coordinates":[111.63574899710679,21.347968419388735]},"properties":{"category":"offshore_platform","score":0.9755973219871521}},{"type":"Feature","geometry":{"type":"Point","coordinates":[112.17206478287993,21.416306602640176]},"properties":{"category":"offshore_wind_turbine","score":0.9765959978103638}},{"type":"Feature","geometry":{"type":"Point","coordinates":[113.44818259034923,21.92170063921722]},"properties":{"category":"offshore_wind_turbine","score":0.9971534013748169}},{"type":"Feature","geometry":{"type":"Point","coordinates":[116.076448724359,22.59383957379842]},"properties":{"category":"offshore_wind_turbine","score":0.9983910918235779}},{"type":"Feature","geometry":{"type":"Point","coordinates":[117.46802402711387,-0.8716444762206332]},"properties":{"category":"offshore_platform","score":0.9688818454742432}},{"type":"Feature","geometry":{"type":"Point","coordinates":[121.91738502111295,30.453318609880867]},"properties":{"category":"offshore_platform","score":0.9339163899421692}},{"type":"Feature","geometry":{"type":"Point","coordinates":[119.83394958196517,24.132821008416553]},"properties":{"category":"offshore_wind_turbine","score":0.9960756897926331}},{"type":"Feature","geometry":{"type":"Point","coordinates":[121.21764095205197,36.43228011776165]},"properties":{"category":"offshore_wind_turbine","score":0.9544075727462769}},{"type":"Feature","geometry":{"type":"Point","coordinates":[119.77006854803926,34.614709760598174]},"properties":{"category":"offshore_wind_turbine","score":0.8952805995941162}},{"type":"Feature","geometry":{"type":"Point","coordinates":[121.27000310362801,33.380634574284414]},"properties":{"category":"offshore_wind_turbine","score":0.9519386291503906}},{"type":"Feature","geometry":{"type":"Point","coordinates":[121.32524379751824,32.52376406431263]},"properties":{"category":"offshore_wind_turbine","score":0.9948838353157043}},{"type":"Feature","geometry":{"type":"Point","coordinates":[120.34703842041733,34.524673565738745]},"properties":{"category":"offshore_wind_turbine","score":0.9833522439002991}},{"type":"Feature","geometry":{"type":"Point","coordinates":[121.14103864082712,32.68522961224849]},"properties":{"category":"offshore_wind_turbine","score":0.9659118056297302}},{"type":"Feature","geometry":{"type":"Point","coordinates":[119.39882013293881,25.160106109481468]},"properties":{"category":"offshore_platform","score":0.9587975740432739}},{"type":"Feature","geometry":{"type":"Point","coordinates":[121.50371669972132,28.156866002200413]},"properties":{"category":"offshore_wind_turbine","score":0.9985619187355042}},{"type":"Feature","geometry":{"type":"Point","coordinates":[123.42171546472117,39.44064864835527]},"properties":{"category":"offshore_wind_turbine","score":0.9989694356918335}},{"type":"Feature","geometry":{"type":"Point","coordinates":[121.53435357281717,30.625080706296988]},"properties":{"category":"offshore_wind_turbine","score":0.9189847707748413}},{"type":"Feature","geometry":{"type":"Point","coordinates":[122.70029836873901,31.867265001024236]},"properties":{"category":"offshore_platform","score":0.920092761516571}},{"type":"Feature","geometry":{"type":"Point","coordinates":[121.35991983722188,33.0028824303212]},"properties":{"category":"offshore_wind_turbine","score":0.9966742992401123}},{"type":"Feature","geometry":{"type":"Point","coordinates":[121.45434032854493,32.73234241247993]},"properties":{"category":"offshore_platform","score":0.9588919281959534}},{"type":"Feature","geometry":{"type":"Point","coordinates":[121.96143139049508,32.69064907030081]},"properties":{"category":"offshore_wind_turbine","score":0.9954010248184204}},{"type":"Feature","geometry":{"type":"Point","coordinates":[-81.30926388818158,-4.722486451855916]},"properties":{"category":"offshore_platform","score":0.9942875504493713}},{"type":"Feature","geometry":{"type":"Point","coordinates":[-40.42440756384156,-22.43870710929537]},"properties":{"category":"offshore_platform","score":0.8685697913169861}},{"type":"Feature","geometry":{"type":"Point","coordinates":[104.3892974465024,-0.3806120663851766]},"properties":{"category":"offshore_platform","score":0.8633695244789124}},{"type":"Feature","geometry":{"type":"Point","coordinates":[113.2021780946953,-7.716608312127687]},"properties":{"category":"offshore_platform","score":0.9179911017417908}},{"type":"Feature","geometry":{"type":"Point","coordinates":[126.51340687738313,-14.14090946812748]},"properties":{"category":"offshore_platform","score":0.8848525285720825}},{"type":"Feature","geometry":{"type":"Point","coordinates":[-90.12545262691899,29.04059839883689]},"properties":{"category":"offshore_platform","score":0.9883008003234863}},{"type":"Feature","geometry":{"type":"Point","coordinates":[-4.86541613605668,55.24506734697011]},"properties":{"category":"offshore_platform","score":0.9275083541870117}},{"type":"Feature","geometry":{"type":"Point","coordinates":[48.93001358311644,28.36778038626604]},"properties":{"category":"offshore_platform","score":0.8511540293693542}},{"type":"Feature","geometry":{"type":"Point","coordinates":[118.13056454579134,2.2272659197881506]},"properties":{"category":"offshore_platform","score":0.9498358368873596}},{"type":"Feature","geometry":{"type":"Point","coordinates":[178.07625426818603,71.51381006095662]},"properties":{"category":"offshore_wind_turbine","score":0.9244853258132935}},{"type":"Feature","geometry":{"type":"Point","coordinates":[-98.68017304892814,48.07147755625823]},"properties":{"category":"offshore_platform","score":0.9387321472167969}},{"type":"Feature","geometry":{"type":"Point","coordinates":[77.0349451518911,18.786606983538373]},"properties":{"category":"offshore_platform","score":0.9618884325027466}},{"type":"Feature","geometry":{"type":"Point","coordinates":[12.588538229686018,79.58250827523717]},"properties":{"category":"offshore_platform","score":0.9464812874794006}},{"type":"Feature","geometry":{"type":"Point","coordinates":[106.42240096109782,-2.3271284107096077]},"properties":{"category":"offshore_platform","score":0.8937456011772156}},{"type":"Feature","geometry":{"type":"Point","coordinates":[17.184053025802747,58.50433101326294]},"properties":{"category":"offshore_wind_turbine","score":0.9046239852905273}},{"type":"Feature","geometry":{"type":"Point","coordinates":[-118.12876592187719,33.5831485711473]},"properties":{"category":"offshore_platform","score":0.9921497106552124}},{"type":"Feature","geometry":{"type":"Point","coordinates":[-96.14289544944255,28.410066862174812]},"properties":{"category":"offshore_platform","score":0.9864765405654907}},{"type":"Feature","geometry":{"type":"Point","coordinates":[-91.59529819928878,29.21145846119752]},"properties":{"category":"offshore_platform","score":0.990503191947937}},{"type":"Feature","geometry":{"type":"Point","coordinates":[-94.21775598182367,54.77766873438147]},"properties":{"category":"offshore_platform","score":0.9953653812408447}},{"type":"Feature","geometry":{"type":"Point","coordinates":[-89.45357727280079,28.39259195216398]},"properties":{"category":"offshore_platform","score":0.9958353042602539}},{"type":"Feature","geometry":{"type":"Point","coordinates":[-88.20758333163303,30.1800034422311]},"properties":{"category":"offshore_platform","score":0.9931578040122986}},{"type":"Feature","geometry":{"type":"Point","coordinates":[-71.19007225415646,41.075429006874806]},"properties":{"category":"offshore_platform","score":0.9625653624534607}},{"type":"Feature","geometry":{"type":"Point","coordinates":[-71.2432322827193,9.980188282811357]},"properties":{"category":"offshore_platform","score":0.9686799049377441}},{"type":"Feature","geometry":{"type":"Point","coordinates":[-71.46504242131873,10.10461713915698]},"properties":{"category":"offshore_platform","score":0.9110122323036194}},{"type":"Feature","geometry":{"type":"Point","coordinates":[-62.02849339543885,10.143338852732446]},"properties":{"category":"offshore_platform","score":0.9297029376029968}},{"type":"Feature","geometry":{"type":"Point","coordinates":[-3.599355263224509,53.42334214119834]},"properties":{"category":"offshore_wind_turbine","score":0.9977662563323975}},{"type":"Feature","geometry":{"type":"Point","coordinates":[0.293664140453691,49.950754873304156]},"properties":{"category":"offshore_platform","score":0.8590766191482544}},{"type":"Feature","geometry":{"type":"Point","coordinates":[-2.621307445509879,47.17352652963251]},"properties":{"category":"offshore_platform","score":0.8950058817863464}},{"type":"Feature","geometry":{"type":"Point","coordinates":[1.6760261527281175,51.42720387389753]},"properties":{"category":"offshore_wind_turbine","score":0.9988905787467957}},{"type":"Feature","geometry":{"type":"Point","coordinates":[0.13118089461146157,53.77685266183062]},"properties":{"category":"offshore_wind_turbine","score":0.9931341409683228}},{"type":"Feature","geometry":{"type":"Point","coordinates":[3.1948817276613637,53.76505333801723]},"properties":{"category":"offshore_platform","score":0.9944605827331543}},{"type":"Feature","geometry":{"type":"Point","coordinates":[-3.648235415294097,54.11012460023774]},"properties":{"category":"offshore_wind_turbine","score":0.9983069896697998}},{"type":"Feature","geometry":{"type":"Point","coordinates":[1.159802679089337,53.129584932836615]},"properties":{"category":"offshore_wind_turbine","score":0.9907171130180359}},{"type":"Feature","geometry":{"type":"Point","coordinates":[2.8103357982742754,51.672050229011646]},"properties":{"category":"offshore_wind_turbine","score":0.9980543851852417}},{"type":"Feature","geometry":{"type":"Point","coordinates":[5.2195374556998395,53.0156171350263]},"properties":{"category":"offshore_platform","score":0.9757974743843079}},{"type":"Feature","geometry":{"type":"Point","coordinates":[1.9101793847191324,54.73531219067345]},"properties":{"category":"offshore_platform","score":0.9254452586174011}},{"type":"Feature","geometry":{"type":"Point","coordinates":[6.225417056739485,54.37516896764252]},"properties":{"category":"offshore_platform","score":0.9188712239265442}},{"type":"Feature","geometry":{"type":"Point","coordinates":[3.0771491286505963,51.78631337321321]},"properties":{"category":"offshore_wind_turbine","score":0.9953384399414062}},{"type":"Feature","geometry":{"type":"Point","coordinates":[5.959005832437611,54.32072353033558]},"properties":{"category":"offshore_wind_turbine","score":0.9793645739555359}},{"type":"Feature","geometry":{"type":"Point","coordinates":[11.951605314008376,79.26532774981868]},"properties":{"category":"offshore_platform","score":0.9677466750144958}},{"type":"Feature","geometry":{"type":"Point","coordinates":[6.348546892596898,54.53467001510732]},"properties":{"category":"offshore_wind_turbine","score":0.9976311922073364}},{"type":"Feature","geometry":{"type":"Point","coordinates":[7.601001267244527,55.68857430582918]},"properties":{"category":"offshore_wind_turbine","score":0.9962001442909241}},{"type":"Feature","geometry":{"type":"Point","coordinates":[12.662107710691322,44.4072850972423]},"properties":{"category":"offshore_platform","score":0.9865445494651794}},{"type":"Feature","geometry":{"type":"Point","coordinates":[7.5757287462426275,55.73727758913188]},"properties":{"category":"offshore_wind_turbine","score":0.9705228805541992}},{"type":"Feature","geometry":{"type":"Point","coordinates":[12.484808686518848,58.49113474853129]},"properties":{"category":"offshore_platform","score":0.9150295257568359}},{"type":"Feature","geometry":{"type":"Point","coordinates":[17.622148804721192,55.10893858636473]},"properties":{"category":"offshore_platform","score":0.9857024550437927}},{"type":"Feature","geometry":{"type":"Point","coordinates":[33.135614597138414,28.976546669993166]},"properties":{"category":"offshore_platform","score":0.99333256483078}},{"type":"Feature","geometry":{"type":"Point","coordinates":[50.167975607192126,40.6911315241844]},"properties":{"category":"offshore_platform","score":0.9820937514305115}},{"type":"Feature","geometry":{"type":"Point","coordinates":[48.86826109788268,28.39228657598235]},"properties":{"category":"offshore_platform","score":0.9949902892112732}},{"type":"Feature","geometry":{"type":"Point","coordinates":[51.99240225695708,26.072118072016682]},"properties":{"category":"offshore_platform","score":0.9909703731536865}},{"type":"Feature","geometry":{"type":"Point","coordinates":[50.48842956134143,26.90784920822896]},"properties":{"category":"offshore_platform","score":0.9936025738716125}},{"type":"Feature","geometry":{"type":"Point","coordinates":[53.674042505836994,24.78042852686576]},"properties":{"category":"offshore_platform","score":0.9895855784416199}},{"type":"Feature","geometry":{"type":"Point","coordinates":[53.60181268239932,24.878623938122022]},"properties":{"category":"offshore_platform","score":0.9899353384971619}},{"type":"Feature","geometry":{"type":"Point","coordinates":[71.2811973317186,19.29344164289632]},"properties":{"category":"offshore_platform","score":0.9857855439186096}},{"type":"Feature","geometry":{"type":"Point","coordinates":[98.23216402656682,12.23191234151304]},"properties":{"category":"offshore_platform","score":0.9692243933677673}},{"type":"Feature","geometry":{"type":"Point","coordinates":[100.17846714063829,24.867130941378587]},"properties":{"category":"offshore_platform","score":0.9673819541931152}},{"type":"Feature","geometry":{"type":"Point","coordinates":[105.79213119602377,9.219759285567227]},"properties":{"category":"offshore_wind_turbine","score":0.9938574433326721}},{"type":"Feature","geometry":{"type":"Point","coordinates":[106.56506281434025,9.581124262345343]},"properties":{"category":"offshore_wind_turbine","score":0.9954466223716736}},{"type":"Feature","geometry":{"type":"Point","coordinates":[109.45965290488668,20.128034925450844]},"properties":{"category":"offshore_wind_turbine","score":0.9989859461784363}},{"type":"Feature","geometry":{"type":"Point","coordinates":[115.00497640709368,22.354104460534906]},"properties":{"category":"offshore_wind_turbine","score":0.9962129592895508}},{"type":"Feature","geometry":{"type":"Point","coordinates":[111.61822281563182,20.974782128074917]},"properties":{"category":"offshore_wind_turbine","score":0.9936389327049255}},{"type":"Feature","geometry":{"type":"Point","coordinates":[112.26441004072403,21.09468845073146]},"properties":{"category":"offshore_wind_turbine","score":0.9341704845428467}},{"type":"Feature","geometry":{"type":"Point","coordinates":[118.18564125740753,23.926631638763418]},"properties":{"category":"offshore_platform","score":0.9935212731361389}},{"type":"Feature","geometry":{"type":"Point","coordinates":[116.24590404108774,22.64908811895558]},"properties":{"category":"offshore_wind_turbine","score":0.998624324798584}},{"type":"Feature","geometry":{"type":"Point","coordinates":[117.3889363731991,-0.9904647786165744]},"properties":{"category":"offshore_platform","score":0.9922397136688232}},{"type":"Feature","geometry":{"type":"Point","coordinates":[121.92463175584471,30.747126396110712]},"properties":{"category":"offshore_wind_turbine","score":0.996209979057312}},{"type":"Feature","geometry":{"type":"Point","coordinates":[119.8371563275885,24.15694032910975]},"properties":{"category":"offshore_platform","score":0.9639369249343872}},{"type":"Feature","geometry":{"type":"Point","coordinates":[119.65690520014525,37.228311383928684]},"properties":{"category":"offshore_wind_turbine","score":0.9461325407028198}},{"type":"Feature","geometry":{"type":"Point","coordinates":[120.99951163609539,33.592593571945464]},"properties":{"category":"offshore_wind_turbine","score":0.9851970672607422}},{"type":"Feature","geometry":{"type":"Point","coordinates":[121.51089438398361,33.13528509087806]},"properties":{"category":"offshore_wind_turbine","score":0.874086856842041}},{"type":"Feature","geometry":{"type":"Point","coordinates":[120.07518721480139,34.478653147979465]},"properties":{"category":"offshore_wind_turbine","score":0.9968327879905701}},{"type":"Feature","geometry":{"type":"Point","coordinates":[121.13396444787604,33.59258121509373]},"properties":{"category":"offshore_wind_turbine","score":0.9768021702766418}},{"type":"Feature","geometry":{"type":"Point","coordinates":[119.35745427373669,25.401403609706744]},"properties":{"category":"offshore_wind_turbine","score":0.9952331185340881}},{"type":"Feature","geometry":{"type":"Point","coordinates":[121.82280803819222,28.841854630746887]},"properties":{"category":"offshore_wind_turbine","score":0.9983110427856445}},{"type":"Feature","geometry":{"type":"Point","coordinates":[121.25272868814535,36.467898077090034]},"properties":{"category":"offshore_wind_turbine","score":0.9808982014656067}},{"type":"Feature","geometry":{"type":"Point","coordinates":[121.6617241736966,30.393583390067075]},"properties":{"category":"offshore_platform","score":0.9270846843719482}},{"type":"Feature","geometry":{"type":"Point","coordinates":[121.25260168999581,33.47287296445323]},"properties":{"category":"offshore_wind_turbine","score":0.9974709749221802}},{"type":"Feature","geometry":{"type":"Point","coordinates":[121.37331332540207,33.42610933461491]},"properties":{"category":"offshore_wind_turbine","score":0.9981354475021362}},{"type":"Feature","geometry":{"type":"Point","coordinates":[121.71554265939103,32.82733261523306]},"properties":{"category":"offshore_wind_turbine","score":0.9989494681358337}},{"type":"Feature","geometry":{"type":"Point","coordinates":[121.95463143616604,32.65865039749747]},"properties":{"category":"offshore_wind_turbine","score":0.9323737025260925}},{"type":"Feature","geometry":{"type":"Point","coordinates":[127.85445936690923,34.28765598149052]},"properties":{"category":"offshore_platform","score":0.8834676146507263}},{"type":"Feature","geometry":{"type":"Point","coordinates":[-68.3844804295257,-52.53134315676077]},"properties":{"category":"offshore_platform","score":0.9852834939956665}},{"type":"Feature","geometry":{"type":"Point","coordinates":[-39.78515247038804,-21.939659941667205]},"properties":{"category":"offshore_platform","score":0.8795283436775208}},{"type":"Feature","geometry":{"type":"Point","coordinates":[34.80196274850474,-13.965101192652176]},"properties":{"category":"offshore_platform","score":0.9863272905349731}},{"type":"Feature","geometry":{"type":"Point","coordinates":[117.63886089928747,-0.20486784148015297]},"properties":{"category":"offshore_platform","score":0.990584671497345}},{"type":"Feature","geometry":{"type":"Point","coordinates":[120.23815609547428,-3.012753164382434]},"properties":{"category":"offshore_platform","score":0.9690302610397339}},{"type":"Feature","geometry":{"type":"Point","coordinates":[-90.26274214974636,30.330414982782656]},"properties":{"category":"offshore_platform","score":0.8593998551368713}},{"type":"Feature","geometry":{"type":"Point","coordinates":[-0.8674761005406518,37.570385757793595]},"properties":{"category":"offshore_platform","score":0.9031092524528503}},{"type":"Feature","geometry":{"type":"Point","coordinates":[77.73124797256757,11.515455607090788]},"properties":{"category":"offshore_platform","score":0.9905838966369629}},{"type":"Feature","geometry":{"type":"Point","coordinates":[105.4466793154988,15.19420242364469]},"properties":{"category":"offshore_platform","score":0.8744227886199951}},{"type":"Feature","geometry":{"type":"Point","coordinates":[-123.52742487917658,48.29710709027346]},"properties":{"category":"offshore_platform","score":0.8883982300758362}},{"type":"Feature","geometry":{"type":"Point","coordinates":[13.826825146936272,54.18379408833127]},"properties":{"category":"offshore_platform","score":0.918891191482544}},{"type":"Feature","geometry":{"type":"Point","coordinates":[-93.9709583363717,68.87154553626685]},"properties":{"category":"offshore_platform","score":0.9710626006126404}},{"type":"Feature","geometry":{"type":"Point","coordinates":[-91.23272959593208,27.15527178281762]},"properties":{"category":"offshore_platform","score":0.983178973197937}},{"type":"Feature","geometry":{"type":"Point","coordinates":[113.9995194637952,21.500033723886414]},"properties":{"category":"offshore_platform","score":0.9394944906234741}},{"type":"Feature","geometry":{"type":"Point","coordinates":[-112.97788356320928,61.57806353687354]},"properties":{"category":"offshore_platform","score":0.9561054110527039}},{"type":"Feature","geometry":{"type":"Point","coordinates":[-91.74067122266243,28.248368766419706]},"properties":{"category":"offshore_platform","score":0.9958009123802185}},{"type":"Feature","geometry":{"type":"Point","coordinates":[-90.51286150196366,29.09196476043945]},"properties":{"category":"offshore_platform","score":0.9487292170524597}},{"type":"Feature","geometry":{"type":"Point","coordinates":[-90.37719337941625,28.85594655467005]},"properties":{"category":"offshore_platform","score":0.9932931661605835}},{"type":"Feature","geometry":{"type":"Point","coordinates":[-76.44205346687531,35.206470769218804]},"properties":{"category":"offshore_platform","score":0.9039198756217957}},{"type":"Feature","geometry":{"type":"Point","coordinates":[-71.48993302123694,10.297477965983079]},"properties":{"category":"offshore_platform","score":0.9678806662559509}},{"type":"Feature","geometry":{"type":"Point","coordinates":[-71.47672635875945,10.216972734270673]},"properties":{"category":"offshore_platform","score":0.9458837509155273}},{"type":"Feature","geometry":{"type":"Point","coordinates":[-70.4630521845392,41.103510289669785]},"properties":{"category":"offshore_platform","score":0.9251156449317932}},{"type":"Feature","geometry":{"type":"Point","coordinates":[-3.740229050589123,54.758846902099506]},"properties":{"category":"offshore_wind_turbine","score":0.9978783130645752}},{"type":"Feature","geometry":{"type":"Point","coordinates":[-3.088220672074328,58.11435546639382]},"properties":{"category":"offshore_platform","score":0.9820058345794678}},{"type":"Feature","geometry":{"type":"Point","coordinates":[-3.4122671563735416,53.952437843053715]},"properties":{"category":"offshore_wind_turbine","score":0.9983637928962708}},{"type":"Feature","geometry":{"type":"Point","coordinates":[1.935373782130226,51.94222146906897]},"properties":{"category":"offshore_wind_turbine","score":0.9985178112983704}},{"type":"Feature","geometry":{"type":"Point","coordinates":[0.31459829290059105,53.65350423666683]},"properties":{"category":"offshore_wind_turbine","score":0.9955820441246033}},{"type":"Feature","geometry":{"type":"Point","coordinates":[-2.2100694746206444,56.25359625451603]},"properties":{"category":"offshore_wind_turbine","score":0.9957246780395508}},{"type":"Feature","geometry":{"type":"Point","coordinates":[-3.494759338787812,53.46300884585159]},"properties":{"category":"offshore_wind_turbine","score":0.9977707862854004}},{"type":"Feature","geometry":{"type":"Point","coordinates":[1.4433011026089222,51.586247041826184]},"properties":{"category":"offshore_wind_turbine","score":0.9985803365707397}},{"type":"Feature","geometry":{"type":"Point","coordinates":[2.9751607700047407,51.73987236904227]},"properties":{"category":"offshore_wind_turbine","score":0.9976409673690796}},{"type":"Feature","geometry":{"type":"Point","coordinates":[1.0330232754190691,54.05396657608632]},"properties":{"category":"offshore_platform","score":0.9962865114212036}},{"type":"Feature","geometry":{"type":"Point","coordinates":[5.0922684900082835,5.48583145085357]},"properties":{"category":"offshore_platform","score":0.8515620231628418}},{"type":"Feature","geometry":{"type":"Point","coordinates":[7.393645425784831,3.574690778451836]},"properties":{"category":"offshore_platform","score":0.9496415257453918}},{"type":"Feature","geometry":{"type":"Point","coordinates":[3.9807535764366784,52.309760496089034]},"properties":{"category":"offshore_wind_turbine","score":0.9959229230880737}},{"type":"Feature","geometry":{"type":"Point","coordinates":[2.178764802230129,54.89144232900358]},"properties":{"category":"offshore_platform","score":0.9769545793533325}},{"type":"Feature","geometry":{"type":"Point","coordinates":[6.295890090523855,54.436743994190884]},"properties":{"category":"offshore_wind_turbine","score":0.9946857690811157}},{"type":"Feature","geometry":{"type":"Point","coordinates":[8.228769369315076,4.19202850407057]},"properties":{"category":"offshore_platform","score":0.9665154814720154}},{"type":"Feature","geometry":{"type":"Point","coordinates":[6.800427599989637,55.27978796740226]},"properties":{"category":"offshore_wind_turbine","score":0.9975302815437317}},{"type":"Feature","geometry":{"type":"Point","coordinates":[7.640528529272663,54.459982781463474]},"properties":{"category":"offshore_wind_turbine","score":0.9983067512512207}},{"type":"Feature","geometry":{"type":"Point","coordinates":[13.801485755323931,54.83585568225343]},"properties":{"category":"offshore_platform","score":0.852703332901001}},{"type":"Feature","geometry":{"type":"Point","coordinates":[7.666748293026447,54.538713018481644]},"properties":{"category":"offshore_wind_turbine","score":0.9812949895858765}},{"type":"Feature","geometry":{"type":"Point","coordinates":[12.686710185518262,55.63594465221687]},"properties":{"category":"offshore_platform","score":0.863163948059082}},{"type":"Feature","geometry":{"type":"Point","coordinates":[27.377397390099667,37.25921328974605]},"properties":{"category":"offshore_platform","score":0.9701715707778931}},{"type":"Feature","geometry":{"type":"Point","coordinates":[33.665240798310755,27.670079452851546]},"properties":{"category":"offshore_platform","score":0.9961076378822327}},{"type":"Feature","geometry":{"type":"Point","coordinates":[49.036618701899634,27.722907005746432]},"properties":{"category":"offshore_platform","score":0.9945120811462402}},{"type":"Feature","geometry":{"type":"Point","coordinates":[48.93891870381255,28.460568704302844]},"properties":{"category":"offshore_platform","score":0.9933290481567383}},{"type":"Feature","geometry":{"type":"Point","coordinates":[49.39115357212675,28.453291563233737]},"properties":{"category":"offshore_platform","score":0.9882142543792725}},{"type":"Feature","geometry":{"type":"Point","coordinates":[49.74508899641796,39.87613760019438]},"properties":{"category":"offshore_platform","score":0.9516363739967346}},{"type":"Feature","geometry":{"type":"Point","coordinates":[53.2174625293398,25.284035129488046]},"properties":{"category":"offshore_platform","score":0.9836332201957703}},{"type":"Feature","geometry":{"type":"Point","coordinates":[53.136365598720964,25.471826448326244]},"properties":{"category":"offshore_platform","score":0.9962038397789001}},{"type":"Feature","geometry":{"type":"Point","coordinates":[72.26559576565974,18.948545637740832]},"properties":{"category":"offshore_platform","score":0.9498056173324585}},{"type":"Feature","geometry":{"type":"Point","coordinates":[101.47215378406379,9.984457599559276]},"properties":{"category":"offshore_platform","score":0.9568623900413513}},{"type":"Feature","geometry":{"type":"Point","coordinates":[104.12586179311064,10.092790002737992]},"properties":{"category":"offshore_platform","score":0.9473155736923218}},{"type":"Feature","geometry":{"type":"Point","coordinates":[104.73954130769707,5.552556201897477]},"properties":{"category":"offshore_platform","score":0.9842045903205872}},{"type":"Feature","geometry":{"type":"Point","coordinates":[104.47508414535157,-0.10378900460312393]},"properties":{"category":"offshore_platform","score":0.9084849953651428}},{"type":"Feature","geometry":{"type":"Point","coordinates":[109.48118427825109,20.162297217084962]},"properties":{"category":"offshore_wind_turbine","score":0.9984087347984314}},{"type":"Feature","geometry":{"type":"Point","coordinates":[114.96199685180858,22.327362790070325]},"properties":{"category":"offshore_wind_turbine","score":0.997978150844574}},{"type":"Feature","geometry":{"type":"Point","coordinates":[111.52322592352304,21.238143493112474]},"properties":{"category":"offshore_wind_turbine","score":0.9227573275566101}},{"type":"Feature","geometry":{"type":"Point","coordinates":[112.28436122618002,21.427416333935042]},"properties":{"category":"offshore_platform","score":0.9579600691795349}},{"type":"Feature","geometry":{"type":"Point","coordinates":[114.11475332390667,4.673535821154476]},"properties":{"category":"offshore_platform","score":0.9944879412651062}},{"type":"Feature","geometry":{"type":"Point","coordinates":[116.16366494686811,22.59804251849012]},"properties":{"category":"offshore_wind_turbine","score":0.9881435036659241}},{"type":"Feature","geometry":{"type":"Point","coordinates":[116.63102992804356,-1.4796860987013976]},"properties":{"category":"offshore_platform","score":0.8924849629402161}},{"type":"Feature","geometry":{"type":"Point","coordinates":[121.73898084448518,32.36614694376741]},"properties":{"category":"offshore_wind_turbine","score":0.9986807703971863}},{"type":"Feature","geometry":{"type":"Point","coordinates":[119.5926252294865,25.601936368884708]},"properties":{"category":"offshore_wind_turbine","score":0.9958614706993103}},{"type":"Feature","geometry":{"type":"Point","coordinates":[118.81519681513123,38.2528942004447]},"properties":{"category":"offshore_platform","score":0.9547590017318726}},{"type":"Feature","geometry":{"type":"Point","coordinates":[121.88043583905431,37.880091666841594]},"properties":{"category":"offshore_wind_turbine","score":0.9171349406242371}},{"type":"Feature","geometry":{"type":"Point","coordinates":[120.73021676763497,34.306215094508495]},"properties":{"category":"offshore_wind_turbine","score":0.9980195760726929}},{"type":"Feature","geometry":{"type":"Point","coordinates":[121.50793847190177,33.12255667652653]},"properties":{"category":"offshore_wind_turbine","score":0.9748291969299316}},{"type":"Feature","geometry":{"type":"Point","coordinates":[121.02747726597852,33.59257727737243]},"properties":{"category":"offshore_wind_turbine","score":0.9111053347587585}},{"type":"Feature","geometry":{"type":"Point","coordinates":[120.1159243264261,38.36889382573769]},"properties":{"category":"offshore_platform","score":0.9926446676254272}},{"type":"Feature","geometry":{"type":"Point","coordinates":[120.81824668229102,24.725491621476923]},"properties":{"category":"offshore_wind_turbine","score":0.9860122799873352}},{"type":"Feature","geometry":{"type":"Point","coordinates":[123.18001843863418,39.4871191385748]},"properties":{"category":"offshore_wind_turbine","score":0.9958391189575195}},{"type":"Feature","geometry":{"type":"Point","coordinates":[124.47907293845567,10.13805114333871]},"properties":{"category":"offshore_platform","score":0.882828950881958}},{"type":"Feature","geometry":{"type":"Point","coordinates":[122.13939410748279,30.955474980124865]},"properties":{"category":"offshore_wind_turbine","score":0.9979960918426514}},{"type":"Feature","geometry":{"type":"Point","coordinates":[121.2697308945314,33.4726630754641]},"properties":{"category":"offshore_wind_turbine","score":0.9107484817504883}},{"type":"Feature","geometry":{"type":"Point","coordinates":[121.39649109076642,33.02340028781814]},"properties":{"category":"offshore_wind_turbine","score":0.8875015377998352}},{"type":"Feature","geometry":{"type":"Point","coordinates":[121.68109565318447,32.634845598792076]},"properties":{"category":"offshore_wind_turbine","score":0.9982569813728333}},{"type":"Feature","geometry":{"type":"Point","coordinates":[139.9043814781925,37.09222297787594]},"properties":{"category":"offshore_platform","score":0.9858896732330322}},{"type":"Feature","geometry":{"type":"Point","coordinates":[-72.78848635026847,-41.52491512260935]},"properties":{"category":"offshore_platform","score":0.9563450217247009}},{"type":"Feature","geometry":{"type":"Point","coordinates":[-42.858987921905666,-25.657282179387334]},"properties":{"category":"offshore_platform","score":0.9834972620010376}},{"type":"Feature","geometry":{"type":"Point","coordinates":[106.45007111981013,-5.114670329447861]},"properties":{"category":"offshore_platform","score":0.976375937461853}},{"type":"Feature","geometry":{"type":"Point","coordinates":[116.30972199886456,-3.2405009572863017]},"properties":{"category":"offshore_platform","score":0.9041165113449097}},{"type":"Feature","geometry":{"type":"Point","coordinates":[-100.63864948840461,76.33381410189592]},"properties":{"category":"offshore_wind_turbine","score":0.9936896562576294}},{"type":"Feature","geometry":{"type":"Point","coordinates":[-71.23244058463135,9.949131012458848]},"properties":{"category":"offshore_platform","score":0.9268563389778137}},{"type":"Feature","geometry":{"type":"Point","coordinates":[79.39622430749057,12.894986276697809]},"properties":{"category":"offshore_platform","score":0.971541702747345}},{"type":"Feature","geometry":{"type":"Point","coordinates":[116.63685545183817,35.241780886985204]},"properties":{"category":"offshore_platform","score":0.8615080118179321}},{"type":"Feature","geometry":{"type":"Point","coordinates":[163.44513998990652,71.53407709569304]},"properties":{"category":"offshore_wind_turbine","score":0.9416938424110413}},{"type":"Feature","geometry":{"type":"Point","coordinates":[-76.40556619719018,37.263110573132714]},"properties":{"category":"offshore_platform","score":0.9445505142211914}},{"type":"Feature","geometry":{"type":"Point","coordinates":[33.661199115337624,66.61371850401105]},"properties":{"category":"offshore_wind_turbine","score":0.98967045545578}},{"type":"Feature","geometry":{"type":"Point","coordinates":[-97.61420797255148,62.37219368480257]},"properties":{"category":"offshore_platform","score":0.9662030935287476}},{"type":"Feature","geometry":{"type":"Point","coordinates":[58.16810010634448,-66.82606049719737]},"properties":{"category":"offshore_wind_turbine","score":0.9387194514274597}},{"type":"Feature","geometry":{"type":"Point","coordinates":[51.86779672958563,48.46404104130399]},"properties":{"category":"offshore_wind_turbine","score":0.8780868649482727}},{"type":"Feature","geometry":{"type":"Point","coordinates":[-97.1639919816556,27.516943085232516]},"properties":{"category":"offshore_platform","score":0.9416592717170715}},{"type":"Feature","geometry":{"type":"Point","coordinates":[-91.44495833331288,28.430555674693103]},"properties":{"category":"offshore_platform","score":0.9814660549163818}},{"type":"Feature","geometry":{"type":"Point","coordinates":[-90.89367620636801,28.445925534988383]},"properties":{"category":"offshore_platform","score":0.9914959669113159}},{"type":"Feature","geometry":{"type":"Point","coordinates":[-90.90170840431654,27.883368754570228]},"properties":{"category":"offshore_platform","score":0.9932066202163696}},{"type":"Feature","geometry":{"type":"Point","coordinates":[-87.83301641314056,48.9011512735273]},"properties":{"category":"offshore_platform","score":0.9877469539642334}},{"type":"Feature","geometry":{"type":"Point","coordinates":[-71.16773832589318,41.09185057368827]},"properties":{"category":"offshore_platform","score":0.8602888584136963}},{"type":"Feature","geometry":{"type":"Point","coordinates":[-71.45052358684383,10.267676145143984]},"properties":{"category":"offshore_platform","score":0.8691933751106262}},{"type":"Feature","geometry":{"type":"Point","coordinates":[-71.49594101257493,10.244743924053832]},"properties":{"category":"offshore_platform","score":0.9313514232635498}},{"type":"Feature","geometry":{"type":"Point","coordinates":[-71.46811118477764,9.760138059163289]},"properties":{"category":"offshore_platform","score":0.8970258235931396}},{"type":"Feature","geometry":{"type":"Point","coordinates":[-3.565591525880701,54.08051910022289]},"properties":{"category":"offshore_wind_turbine","score":0.9974488615989685}},{"type":"Feature","geometry":{"type":"Point","coordinates":[0.2684043067110871,49.883859941953766]},"properties":{"category":"offshore_wind_turbine","score":0.8526705503463745}},{"type":"Feature","geometry":{"type":"Point","coordinates":[-3.638760059481005,53.388094831279254]},"properties":{"category":"offshore_wind_turbine","score":0.9987186193466187}},{"type":"Feature","geometry":{"type":"Point","coordinates":[1.9522659786630545,51.908199184077084]},"properties":{"category":"offshore_wind_turbine","score":0.9983501434326172}},{"type":"Feature","geometry":{"type":"Point","coordinates":[1.435868129571659,53.270969643118676]},"properties":{"category":"offshore_wind_turbine","score":0.9759835600852966}},{"type":"Feature","geometry":{"type":"Point","coordinates":[0.28631347764947285,49.93157732778181]},"properties":{"category":"offshore_wind_turbine","score":0.8858031630516052}},{"type":"Feature","geometry":{"type":"Point","coordinates":[0.474592503073818,53.15232103850855]},"properties":{"category":"offshore_wind_turbine","score":0.9979173541069031}},{"type":"Feature","geometry":{"type":"Point","coordinates":[2.499568002555469,52.200645487898605]},"properties":{"category":"offshore_platform","score":0.9573037624359131}},{"type":"Feature","geometry":{"type":"Point","coordinates":[4.240220750356495,52.59959216938262]},"properties":{"category":"offshore_wind_turbine","score":0.9877064824104309}},{"type":"Feature","geometry":{"type":"Point","coordinates":[2.2891830095429766,55.0882638337832]},"properties":{"category":"offshore_platform","score":0.9241530299186707}},{"type":"Feature","geometry":{"type":"Point","coordinates":[7.0835271494533885,54.06400012799663]},"properties":{"category":"offshore_wind_turbine","score":0.9634535312652588}},{"type":"Feature","geometry":{"type":"Point","coordinates":[4.091192061055961,52.249456110896794]},"properties":{"category":"offshore_platform","score":0.9464640021324158}},{"type":"Feature","geometry":{"type":"Point","coordinates":[5.975302954960607,54.371830814624616]},"properties":{"category":"offshore_wind_turbine","score":0.9990177154541016}},{"type":"Feature","geometry":{"type":"Point","coordinates":[7.998969485545613,4.364511174372929]},"properties":{"category":"offshore_platform","score":0.8559198975563049}},{"type":"Feature","geometry":{"type":"Point","coordinates":[6.553467569719936,53.93261209616871]},"properties":{"category":"offshore_wind_turbine","score":0.9989575147628784}},{"type":"Feature","geometry":{"type":"Point","coordinates":[7.7723925446069515,55.000702551960124]},"properties":{"category":"offshore_wind_turbine","score":0.9964046478271484}},{"type":"Feature","geometry":{"type":"Point","coordinates":[14.082229358698825,54.83935668333373]},"properties":{"category":"offshore_wind_turbine","score":0.9736440181732178}},{"type":"Feature","geometry":{"type":"Point","coordinates":[7.7375963277950754,54.38022147519299]},"properties":{"category":"offshore_wind_turbine","score":0.9096751809120178}},{"type":"Feature","geometry":{"type":"Point","coordinates":[17.716738311732712,55.0910733388248]},"properties":{"category":"offshore_platform","score":0.8554172515869141}},{"type":"Feature","geometry":{"type":"Point","coordinates":[34.7304465858165,36.7686867215162]},"properties":{"category":"offshore_platform","score":0.9568666815757751}},{"type":"Feature","geometry":{"type":"Point","coordinates":[44.932159209480226,12.817230946196858]},"properties":{"category":"offshore_platform","score":0.9318006634712219}},{"type":"Feature","geometry":{"type":"Point","coordinates":[48.7829952788003,28.159963306413577]},"properties":{"category":"offshore_platform","score":0.9934711456298828}},{"type":"Feature","geometry":{"type":"Point","coordinates":[49.30143757772237,28.417282689843464]},"properties":{"category":"offshore_platform","score":0.9956093430519104}},{"type":"Feature","geometry":{"type":"Point","coordinates":[50.88265898530801,40.229971900055446]},"properties":{"category":"offshore_platform","score":0.9881812334060669}},{"type":"Feature","geometry":{"type":"Point","coordinates":[53.72298765542809,24.89772533948511]},"properties":{"category":"offshore_platform","score":0.9882271885871887}},{"type":"Feature","geometry":{"type":"Point","coordinates":[53.232848212470635,25.23419490952861]},"properties":{"category":"offshore_platform","score":0.9862555265426636}},{"type":"Feature","geometry":{"type":"Point","coordinates":[71.21070986025612,19.365135448379355]},"properties":{"category":"offshore_platform","score":0.9865689277648926}},{"type":"Feature","geometry":{"type":"Point","coordinates":[97.66620587714074,11.38968237507514]},"properties":{"category":"offshore_platform","score":0.9148257374763489}},{"type":"Feature","geometry":{"type":"Point","coordinates":[101.61416415219772,9.015164439380216]},"properties":{"category":"offshore_platform","score":0.9788818359375}},{"type":"Feature","geometry":{"type":"Point","coordinates":[104.54627830304365,10.072268018599459]},"properties":{"category":"offshore_platform","score":0.9614098072052002}},{"type":"Feature","geometry":{"type":"Point","coordinates":[109.10527282788382,20.21465547183572]},"properties":{"category":"offshore_wind_turbine","score":0.9466140866279602}},{"type":"Feature","geometry":{"type":"Point","coordinates":[108.70328188520193,8.369856193357867]},"properties":{"category":"offshore_platform","score":0.9685876965522766}},{"type":"Feature","geometry":{"type":"Point","coordinates":[110.61960185632347,20.53914391163247]},"properties":{"category":"offshore_wind_turbine","score":0.9970929622650146}},{"type":"Feature","geometry":{"type":"Point","coordinates":[111.45415855317789,21.31197483228831]},"properties":{"category":"offshore_wind_turbine","score":0.9969927072525024}},{"type":"Feature","geometry":{"type":"Point","coordinates":[111.60355966387237,21.01878304116412]},"properties":{"category":"offshore_wind_turbine","score":0.9922155737876892}},{"type":"Feature","geometry":{"type":"Point","coordinates":[115.27504136053152,5.1450426146030335]},"properties":{"category":"offshore_platform","score":0.9917463064193726}},{"type":"Feature","geometry":{"type":"Point","coordinates":[118.19564442288271,23.925604148382757]},"properties":{"category":"offshore_wind_turbine","score":0.9977642297744751}},{"type":"Feature","geometry":{"type":"Point","coordinates":[116.3387630698772,22.669824715929664]},"properties":{"category":"offshore_wind_turbine","score":0.9138163924217224}},{"type":"Feature","geometry":{"type":"Point","coordinates":[118.20467471706746,4.234121833455697]},"properties":{"category":"offshore_platform","score":0.9229385852813721}},{"type":"Feature","geometry":{"type":"Point","coordinates":[120.96901326636366,27.27266957407009]},"properties":{"category":"offshore_wind_turbine","score":0.8602219820022583}},{"type":"Feature","geometry":{"type":"Point","coordinates":[116.89198751583776,6.70485208316551]},"properties":{"category":"offshore_platform","score":0.8994244337081909}},{"type":"Feature","geometry":{"type":"Point","coordinates":[120.23515879528023,23.991642997678756]},"properties":{"category":"offshore_wind_turbine","score":0.989775538444519}},{"type":"Feature","geometry":{"type":"Point","coordinates":[121.64396188658715,36.58002125613976]},"properties":{"category":"offshore_wind_turbine","score":0.9979242086410522}},{"type":"Feature","geometry":{"type":"Point","coordinates":[118.07975590063114,38.66108249321618]},"properties":{"category":"offshore_platform","score":0.9234853982925415}},{"type":"Feature","geometry":{"type":"Point","coordinates":[121.01943805498505,32.60261232883577]},"properties":{"category":"offshore_wind_turbine","score":0.9205215573310852}},{"type":"Feature","geometry":{"type":"Point","coordinates":[121.3109337790217,32.89663443101279]},"properties":{"category":"offshore_wind_turbine","score":0.9343641996383667}},{"type":"Feature","geometry":{"type":"Point","coordinates":[121.92592363056222,32.6681267770853]},"properties":{"category":"offshore_wind_turbine","score":0.9971330165863037}},{"type":"Feature","geometry":{"type":"Point","coordinates":[121.04852507690967,33.59268082092287]},"properties":{"category":"offshore_wind_turbine","score":0.9815966486930847}},{"type":"Feature","geometry":{"type":"Point","coordinates":[119.37869278070707,25.405950445721906]},"properties":{"category":"offshore_platform","score":0.9562872052192688}},{"type":"Feature","geometry":{"type":"Point","coordinates":[120.12230128872254,23.88809485645218]},"properties":{"category":"offshore_wind_turbine","score":0.9928687214851379}},{"type":"Feature","geometry":{"type":"Point","coordinates":[123.17810773101009,39.472801360756804]},"properties":{"category":"offshore_wind_turbine","score":0.998608410358429}},{"type":"Feature","geometry":{"type":"Point","coordinates":[122.15310582919622,38.1449797703363]},"properties":{"category":"offshore_wind_turbine","score":0.9922580122947693}},{"type":"Feature","geometry":{"type":"Point","coordinates":[122.18024501605987,32.12289635047501]},"properties":{"category":"offshore_wind_turbine","score":0.9988635778427124}},{"type":"Feature","geometry":{"type":"Point","coordinates":[121.28978067092909,33.00037904359271]},"properties":{"category":"offshore_wind_turbine","score":0.9969069361686707}},{"type":"Feature","geometry":{"type":"Point","coordinates":[121.47176408109087,32.80628004990803]},"properties":{"category":"offshore_wind_turbine","score":0.9895846247673035}},{"type":"Feature","geometry":{"type":"Point","coordinates":[121.80528241850632,32.631845298896756]},"properties":{"category":"offshore_wind_turbine","score":0.9956750273704529}},{"type":"Feature","geometry":{"type":"Point","coordinates":[132.17683585441995,33.04370735048964]},"properties":{"category":"offshore_platform","score":0.9634472727775574}},{"type":"Feature","geometry":{"type":"Point","coordinates":[-70.78421014494464,-40.5861944496137]},"properties":{"category":"offshore_platform","score":0.9758521914482117}},{"type":"Feature","geometry":{"type":"Point","coordinates":[11.885864372192009,-5.170538591544004]},"properties":{"category":"offshore_platform","score":0.9816644191741943}},{"type":"Feature","geometry":{"type":"Point","coordinates":[108.43342423938802,-6.264368779471823]},"properties":{"category":"offshore_platform","score":0.8920088410377502}},{"type":"Feature","geometry":{"type":"Point","coordinates":[128.4839828555775,-13.894920239704112]},"properties":{"category":"offshore_platform","score":0.9943217039108276}},{"type":"Feature","geometry":{"type":"Point","coordinates":[-94.02091378597183,30.028855691370236]},"properties":{"category":"offshore_platform","score":0.962394118309021}},{"type":"Feature","geometry":{"type":"Point","coordinates":[-9.214058825872575,5.081238860545278]},"properties":{"category":"offshore_platform","score":0.9529611468315125}},{"type":"Feature","geometry":{"type":"Point","coordinates":[72.99068850723523,24.583957324954525]},"properties":{"category":"offshore_platform","score":0.9808366298675537}},{"type":"Feature","geometry":{"type":"Point","coordinates":[109.20822456160373,18.63189503330726]},"properties":{"category":"offshore_platform","score":0.9424943923950195}},{"type":"Feature","geometry":{"type":"Point","coordinates":[-58.502383624960096,-51.901907097839754]},"properties":{"category":"offshore_platform","score":0.9402320981025696}},{"type":"Feature","geometry":{"type":"Point","coordinates":[-94.88264471240056,79.74918613659162]},"properties":{"category":"offshore_platform","score":0.8858551383018494}},{"type":"Feature","geometry":{"type":"Point","coordinates":[76.17270612458945,15.143077127854912]},"properties":{"category":"offshore_platform","score":0.962390661239624}},{"type":"Feature","geometry":{"type":"Point","coordinates":[-50.980346463200036,81.75124156248411]},"properties":{"category":"offshore_platform","score":0.8689690232276917}},{"type":"Feature","geometry":{"type":"Point","coordinates":[-122.34698663862618,37.85268887701833]},"properties":{"category":"offshore_platform","score":0.8722608089447021}},{"type":"Feature","geometry":{"type":"Point","coordinates":[-94.91981726452376,53.07424408680252]},"properties":{"category":"offshore_platform","score":0.9915164709091187}},{"type":"Feature","geometry":{"type":"Point","coordinates":[-91.6692243958437,28.118173188130005]},"properties":{"category":"offshore_platform","score":0.9847797751426697}},{"type":"Feature","geometry":{"type":"Point","coordinates":[-90.48335557533792,29.113680977721717]},"properties":{"category":"offshore_platform","score":0.9887248873710632}},{"type":"Feature","geometry":{"type":"Point","coordinates":[-89.7860902141514,29.414197135449374]},"properties":{"category":"offshore_platform","score":0.9664438366889954}},{"type":"Feature","geometry":{"type":"Point","coordinates":[-77.5902853037545,33.485473634289576]},"properties":{"category":"offshore_platform","score":0.9915996789932251}},{"type":"Feature","geometry":{"type":"Point","coordinates":[-71.46039305728262,10.302412158475672]},"properties":{"category":"offshore_platform","score":0.9390190243721008}},{"type":"Feature","geometry":{"type":"Point","coordinates":[-71.43334552077246,10.293672890133811]},"properties":{"category":"offshore_platform","score":0.8524767160415649}},{"type":"Feature","geometry":{"type":"Point","coordinates":[-71.21488263834824,9.82355953396079]},"properties":{"category":"offshore_platform","score":0.8629196286201477}},{"type":"Feature","geometry":{"type":"Point","coordinates":[-1.7597273590860634,56.62510820442671]},"properties":{"category":"offshore_wind_turbine","score":0.9986010193824768}},{"type":"Feature","geometry":{"type":"Point","coordinates":[-2.9037872206918047,58.284185599480246]},"properties":{"category":"offshore_platform","score":0.9479474425315857}},{"type":"Feature","geometry":{"type":"Point","coordinates":[-3.437596957279311,53.4209042764669]},"properties":{"category":"offshore_wind_turbine","score":0.9961369633674622}},{"type":"Feature","geometry":{"type":"Point","coordinates":[1.0950541189146745,51.45487944544329]},"properties":{"category":"offshore_wind_turbine","score":0.9985901713371277}},{"type":"Feature","geometry":{"type":"Point","coordinates":[3.040382456684209,51.521973322623055]},"properties":{"category":"offshore_wind_turbine","score":0.8954543471336365}},{"type":"Feature","geometry":{"type":"Point","coordinates":[2.0628935060674696,54.76123236576337]},"properties":{"category":"offshore_platform","score":0.9769119620323181}},{"type":"Feature","geometry":{"type":"Point","coordinates":[0.23501825614270733,49.940749824819754]},"properties":{"category":"offshore_platform","score":0.9697955250740051}},{"type":"Feature","geometry":{"type":"Point","coordinates":[-3.3073515716981525,53.99283128341365]},"properties":{"category":"offshore_wind_turbine","score":0.9968292117118835}},{"type":"Feature","geometry":{"type":"Point","coordinates":[1.6291476260654574,51.44156080404884]},"properties":{"category":"offshore_wind_turbine","score":0.9978604912757874}},{"type":"Feature","geometry":{"type":"Point","coordinates":[2.9659629059050334,51.55171736241507]},"properties":{"category":"offshore_wind_turbine","score":0.9983503818511963}},{"type":"Feature","geometry":{"type":"Point","coordinates":[0.7716788770856184,53.30341880891527]},"properties":{"category":"offshore_platform","score":0.9327224493026733}},{"type":"Feature","geometry":{"type":"Point","coordinates":[5.076511261892118,5.650283671636401]},"properties":{"category":"offshore_platform","score":0.9634527564048767}},{"type":"Feature","geometry":{"type":"Point","coordinates":[2.094955598532787,51.969622967554706]},"properties":{"category":"offshore_platform","score":0.9340847730636597}},{"type":"Feature","geometry":{"type":"Point","coordinates":[4.819148878551258,53.709189017442704]},"properties":{"category":"offshore_platform","score":0.8552109599113464}},{"type":"Feature","geometry":{"type":"Point","coordinates":[6.143263500806592,54.04867995362462]},"properties":{"category":"offshore_wind_turbine","score":0.99162358045578}},{"type":"Feature","geometry":{"type":"Point","coordinates":[7.799870520140118,4.1056879952157646]},"properties":{"category":"offshore_platform","score":0.9810125827789307}},{"type":"Feature","geometry":{"type":"Point","coordinates":[6.4665451354990475,53.933010378014664]},"properties":{"category":"offshore_wind_turbine","score":0.9989213943481445}},{"type":"Feature","geometry":{"type":"Point","coordinates":[7.7053715360786015,54.41527853738239]},"properties":{"category":"offshore_wind_turbine","score":0.9810458421707153}},{"type":"Feature","geometry":{"type":"Point","coordinates":[14.066616417244166,54.8291064694138]},"properties":{"category":"offshore_wind_turbine","score":0.9004096388816833}},{"type":"Feature","geometry":{"type":"Point","coordinates":[7.765852303719129,54.385874537418836]},"properties":{"category":"offshore_wind_turbine","score":0.9935292601585388}},{"type":"Feature","geometry":{"type":"Point","coordinates":[15.225041213074395,43.94925241578597]},"properties":{"category":"offshore_platform","score":0.9494341015815735}},{"type":"Feature","geometry":{"type":"Point","coordinates":[33.33277551567862,28.26347333281517]},"properties":{"category":"offshore_platform","score":0.991006076335907}},{"type":"Feature","geometry":{"type":"Point","coordinates":[49.57752641055143,28.305085665329425]},"properties":{"category":"offshore_platform","score":0.9698522686958313}},{"type":"Feature","geometry":{"type":"Point","coordinates":[49.40398224357681,29.50018681074774]},"properties":{"category":"offshore_platform","score":0.9947364926338196}},{"type":"Feature","geometry":{"type":"Point","coordinates":[50.50757481743692,26.96948839117316]},"properties":{"category":"offshore_platform","score":0.9967562556266785}},{"type":"Feature","geometry":{"type":"Point","coordinates":[53.20480880203424,25.242944280374015]},"properties":{"category":"offshore_platform","score":0.9877068400382996}},{"type":"Feature","geometry":{"type":"Point","coordinates":[52.54766558336699,25.625289820113064]},"properties":{"category":"offshore_platform","score":0.959409236907959}},{"type":"Feature","geometry":{"type":"Point","coordinates":[57.28484490641591,69.26608300013919]},"properties":{"category":"offshore_platform","score":0.9953562617301941}},{"type":"Feature","geometry":{"type":"Point","coordinates":[78.33827344925581,17.309248743108466]},"properties":{"category":"offshore_platform","score":0.9923690557479858}},{"type":"Feature","geometry":{"type":"Point","coordinates":[102.58169636768413,7.388147046659046]},"properties":{"category":"offshore_platform","score":0.9397839903831482}},{"type":"Feature","geometry":{"type":"Point","coordinates":[105.82613696470032,9.179820711881268]},"properties":{"category":"offshore_platform","score":0.9624265432357788}},{"type":"Feature","geometry":{"type":"Point","coordinates":[104.46680107729561,-0.0984112913364248]},"properties":{"category":"offshore_platform","score":0.9612638354301453}},{"type":"Feature","geometry":{"type":"Point","coordinates":[106.43007273356059,4.029494361023565]},"properties":{"category":"offshore_platform","score":0.8817700147628784}},{"type":"Feature","geometry":{"type":"Point","coordinates":[112.39047800200936,31.329439548990415]},"properties":{"category":"offshore_platform","score":0.9916499853134155}},{"type":"Feature","geometry":{"type":"Point","coordinates":[111.60151352439722,21.264034253946658]},"properties":{"category":"offshore_platform","score":0.9845367074012756}},{"type":"Feature","geometry":{"type":"Point","coordinates":[114.3954550106265,4.672055001999623]},"properties":{"category":"offshore_platform","score":0.9710692763328552}},{"type":"Feature","geometry":{"type":"Point","coordinates":[114.74268043105953,5.330025717488405]},"properties":{"category":"offshore_platform","score":0.9881758689880371}},{"type":"Feature","geometry":{"type":"Point","coordinates":[116.29267045273573,22.65373628706129]},"properties":{"category":"offshore_wind_turbine","score":0.9970446228981018}},{"type":"Feature","geometry":{"type":"Point","coordinates":[122.34820022224231,39.25241297387391]},"properties":{"category":"offshore_platform","score":0.9105346202850342}},{"type":"Feature","geometry":{"type":"Point","coordinates":[116.88451273027121,6.705009128430234]},"properties":{"category":"offshore_platform","score":0.9572070837020874}},{"type":"Feature","geometry":{"type":"Point","coordinates":[120.03019180960506,24.17825577998829]},"properties":{"category":"offshore_wind_turbine","score":0.9984377026557922}},{"type":"Feature","geometry":{"type":"Point","coordinates":[121.55684490436047,36.5561353187837]},"properties":{"category":"offshore_wind_turbine","score":0.9965279698371887}},{"type":"Feature","geometry":{"type":"Point","coordinates":[120.43093581744168,34.51021769763219]},"properties":{"category":"offshore_wind_turbine","score":0.9955312609672546}},{"type":"Feature","geometry":{"type":"Point","coordinates":[121.42134009181436,33.08730528360646]},"properties":{"category":"offshore_wind_turbine","score":0.9982319474220276}},{"type":"Feature","geometry":{"type":"Point","coordinates":[121.79790967832977,32.75262329217107]},"properties":{"category":"offshore_wind_turbine","score":0.9742339253425598}},{"type":"Feature","geometry":{"type":"Point","coordinates":[120.6467253856131,34.2483159252667]},"properties":{"category":"offshore_wind_turbine","score":0.997859537601471}},{"type":"Feature","geometry":{"type":"Point","coordinates":[118.82306510176744,38.22223568915631]},"properties":{"category":"offshore_platform","score":0.9631131887435913}},{"type":"Feature","geometry":{"type":"Point","coordinates":[119.8532989226174,24.15633991805155]},"properties":{"category":"offshore_platform","score":0.9716541767120361}},{"type":"Feature","geometry":{"type":"Point","coordinates":[122.02779772543506,29.052076998206797]},"properties":{"category":"offshore_wind_turbine","score":0.9975128173828125}},{"type":"Feature","geometry":{"type":"Point","coordinates":[121.20538115476548,36.45006594332864]},"properties":{"category":"offshore_wind_turbine","score":0.9984180927276611}},{"type":"Feature","geometry":{"type":"Point","coordinates":[121.47566397986053,30.440301806335455]},"properties":{"category":"offshore_wind_turbine","score":0.9976441264152527}},{"type":"Feature","geometry":{"type":"Point","coordinates":[126.31860156177527,35.86269170823493]},"properties":{"category":"offshore_platform","score":0.9025670289993286}},{"type":"Feature","geometry":{"type":"Point","coordinates":[121.37345955146785,32.96813689381525]},"properties":{"category":"offshore_wind_turbine","score":0.9981099367141724}},{"type":"Feature","geometry":{"type":"Point","coordinates":[121.69671558297776,32.85408835227583]},"properties":{"category":"offshore_wind_turbine","score":0.9964367151260376}},{"type":"Feature","geometry":{"type":"Point","coordinates":[126.42961817590972,36.44690184529974]},"properties":{"category":"offshore_platform","score":0.9549229145050049}},{"type":"Feature","geometry":{"type":"Point","coordinates":[-71.53049564374308,-30.2723625125015]},"properties":{"category":"offshore_platform","score":0.8513814806938171}},{"type":"Feature","geometry":{"type":"Point","coordinates":[11.644592831597617,-5.237208634549052]},"properties":{"category":"offshore_platform","score":0.9770491719245911}},{"type":"Feature","geometry":{"type":"Point","coordinates":[112.96224029842618,-7.610578403977837]},"properties":{"category":"offshore_platform","score":0.8769292831420898}},{"type":"Feature","geometry":{"type":"Point","coordinates":[116.34284811125464,-3.3021323644970524]},"properties":{"category":"offshore_platform","score":0.9234562516212463}},{"type":"Feature","geometry":{"type":"Point","coordinates":[-88.10798456791609,36.74800458101624]},"properties":{"category":"offshore_platform","score":0.9878580570220947}},{"type":"Feature","geometry":{"type":"Point","coordinates":[35.93327432692175,35.22616496988217]},"properties":{"category":"offshore_platform","score":0.9679099321365356}},{"type":"Feature","geometry":{"type":"Point","coordinates":[81.12796386187833,24.21752731441683]},"properties":{"category":"offshore_platform","score":0.9849960803985596}},{"type":"Feature","geometry":{"type":"Point","coordinates":[117.92932631927022,39.12095734245752]},"properties":{"category":"offshore_platform","score":0.9677331447601318}},{"type":"Feature","geometry":{"type":"Point","coordinates":[-89.0332138259323,48.25854531530657]},"properties":{"category":"offshore_platform","score":0.9120367765426636}},{"type":"Feature","geometry":{"type":"Point","coordinates":[-131.56705220761785,54.8815212519671]},"properties":{"category":"offshore_platform","score":0.911657452583313}},{"type":"Feature","geometry":{"type":"Point","coordinates":[50.30535778001334,40.54284133443013]},"properties":{"category":"offshore_platform","score":0.9659758806228638}},{"type":"Feature","geometry":{"type":"Point","coordinates":[-79.05998200337396,71.10933650055458]},"properties":{"category":"offshore_platform","score":0.9753351807594299}},{"type":"Feature","geometry":{"type":"Point","coordinates":[48.84510534770655,29.402556566519575]},"properties":{"category":"offshore_platform","score":0.9796068072319031}},{"type":"Feature","geometry":{"type":"Point","coordinates":[-93.83190828254246,27.956247633844804]},"properties":{"category":"offshore_platform","score":0.9928746223449707}},{"type":"Feature","geometry":{"type":"Point","coordinates":[-92.06242718215825,19.398399250232725]},"properties":{"category":"offshore_platform","score":0.9882793426513672}},{"type":"Feature","geometry":{"type":"Point","coordinates":[-88.75761504758181,29.253139022174572]},"properties":{"category":"offshore_platform","score":0.9951000809669495}},{"type":"Feature","geometry":{"type":"Point","coordinates":[-88.38399535702659,49.82136843155498]},"properties":{"category":"offshore_platform","score":0.980388879776001}},{"type":"Feature","geometry":{"type":"Point","coordinates":[-71.12503807105807,41.10923354970817]},"properties":{"category":"offshore_platform","score":0.9885961413383484}},{"type":"Feature","geometry":{"type":"Point","coordinates":[-71.43755514609224,10.213617217707343]},"properties":{"category":"offshore_platform","score":0.9133962392807007}},{"type":"Feature","geometry":{"type":"Point","coordinates":[-71.46256185671494,10.29303077306917]},"properties":{"category":"offshore_platform","score":0.97538822889328}},{"type":"Feature","geometry":{"type":"Point","coordinates":[-71.38701851538413,10.142584091020591]},"properties":{"category":"offshore_platform","score":0.961112916469574}},{"type":"Feature","geometry":{"type":"Point","coordinates":[-2.6726569749061717,47.20586530676331]},"properties":{"category":"offshore_wind_turbine","score":0.9946122169494629}},{"type":"Feature","geometry":{"type":"Point","coordinates":[-3.4839717181455323,53.463049579482416]},"properties":{"category":"offshore_wind_turbine","score":0.9985058307647705}},{"type":"Feature","geometry":{"type":"Point","coordinates":[-3.6447269641288362,54.100235183573304]},"properties":{"category":"offshore_wind_turbine","score":0.9983667731285095}},{"type":"Feature","geometry":{"type":"Point","coordinates":[-0.33263241674436933,50.64869708620645]},"properties":{"category":"offshore_wind_turbine","score":0.9920448064804077}},{"type":"Feature","geometry":{"type":"Point","coordinates":[2.0551378482869933,51.92358593899782]},"properties":{"category":"offshore_platform","score":0.9333735704421997}},{"type":"Feature","geometry":{"type":"Point","coordinates":[1.46830204369251,53.907404044563926]},"properties":{"category":"offshore_platform","score":0.8636018633842468}},{"type":"Feature","geometry":{"type":"Point","coordinates":[-2.5537802634939712,48.86269498204621]},"properties":{"category":"offshore_platform","score":0.9603503942489624}},{"type":"Feature","geometry":{"type":"Point","coordinates":[1.6511384045687794,60.627982275761006]},"properties":{"category":"offshore_platform","score":0.9871935248374939}},{"type":"Feature","geometry":{"type":"Point","coordinates":[1.596515870735687,51.454984521042675]},"properties":{"category":"offshore_wind_turbine","score":0.9983585476875305}},{"type":"Feature","geometry":{"type":"Point","coordinates":[3.9729995331145767,52.259882735425855]},"properties":{"category":"offshore_platform","score":0.9524924755096436}},{"type":"Feature","geometry":{"type":"Point","coordinates":[1.4587862103139118,53.8760259511404]},"properties":{"category":"offshore_wind_turbine","score":0.9953833222389221}},{"type":"Feature","geometry":{"type":"Point","coordinates":[5.466839123019123,4.644184557275184]},"properties":{"category":"offshore_platform","score":0.9446066617965698}},{"type":"Feature","geometry":{"type":"Point","coordinates":[1.7798087052649543,52.65595764145287]},"properties":{"category":"offshore_wind_turbine","score":0.9984727501869202}},{"type":"Feature","geometry":{"type":"Point","coordinates":[1.5444412951218158,53.98880263895104]},"properties":{"category":"offshore_wind_turbine","score":0.9931457042694092}},{"type":"Feature","geometry":{"type":"Point","coordinates":[5.954715063747669,54.32884798117789]},"properties":{"category":"offshore_wind_turbine","score":0.9576444029808044}},{"type":"Feature","geometry":{"type":"Point","coordinates":[11.185501282851673,56.5190397141005]},"properties":{"category":"offshore_wind_turbine","score":0.9984673857688904}},{"type":"Feature","geometry":{"type":"Point","coordinates":[6.360960401528609,54.394751680834354]},"properties":{"category":"offshore_platform","score":0.9801214933395386}},{"type":"Feature","geometry":{"type":"Point","coordinates":[7.2275878016050745,55.066229993097636]},"properties":{"category":"offshore_wind_turbine","score":0.8652148246765137}},{"type":"Feature","geometry":{"type":"Point","coordinates":[7.953586169601431,56.069371469908674]},"properties":{"category":"offshore_platform","score":0.8873789310455322}},{"type":"Feature","geometry":{"type":"Point","coordinates":[10.508901293160214,64.39139335049147]},"properties":{"category":"offshore_platform","score":0.9712669253349304}},{"type":"Feature","geometry":{"type":"Point","coordinates":[7.877388897336987,55.498988276995554]},"properties":{"category":"offshore_wind_turbine","score":0.9944674968719482}},{"type":"Feature","geometry":{"type":"Point","coordinates":[17.194318281770467,40.42957092765179]},"properties":{"category":"offshore_platform","score":0.981693685054779}},{"type":"Feature","geometry":{"type":"Point","coordinates":[33.29761779905189,34.705791489842305]},"properties":{"category":"offshore_platform","score":0.983053982257843}},{"type":"Feature","geometry":{"type":"Point","coordinates":[38.96755537367771,38.89622511332781]},"properties":{"category":"offshore_platform","score":0.9791743159294128}},{"type":"Feature","geometry":{"type":"Point","coordinates":[48.009427474630414,42.470900210501924]},"properties":{"category":"offshore_platform","score":0.9207600951194763}},{"type":"Feature","geometry":{"type":"Point","coordinates":[52.49931639710266,26.42248205179583]},"properties":{"category":"offshore_platform","score":0.8939545750617981}},{"type":"Feature","geometry":{"type":"Point","coordinates":[50.36527045435746,29.349806235525158]},"properties":{"category":"offshore_platform","score":0.9902179837226868}},{"type":"Feature","geometry":{"type":"Point","coordinates":[52.87890935258448,25.175710801029165]},"properties":{"category":"offshore_platform","score":0.8757138252258301}},{"type":"Feature","geometry":{"type":"Point","coordinates":[52.35156716272383,25.33012140908876]},"properties":{"category":"offshore_platform","score":0.9854410290718079}},{"type":"Feature","geometry":{"type":"Point","coordinates":[72.27916556313967,18.531384531808502]},"properties":{"category":"offshore_platform","score":0.9786539673805237}},{"type":"Feature","geometry":{"type":"Point","coordinates":[96.86835378508871,13.048960444366893]},"properties":{"category":"offshore_platform","score":0.9760178327560425}},{"type":"Feature","geometry":{"type":"Point","coordinates":[101.22053253142398,11.310766017996094]},"properties":{"category":"offshore_platform","score":0.8884962797164917}},{"type":"Feature","geometry":{"type":"Point","coordinates":[105.69352328794368,9.143910549448938]},"properties":{"category":"offshore_platform","score":0.8669725656509399}},{"type":"Feature","geometry":{"type":"Point","coordinates":[107.57088835743528,24.368955270413025]},"properties":{"category":"offshore_platform","score":0.9521406888961792}},{"type":"Feature","geometry":{"type":"Point","coordinates":[106.82434348427942,10.121652123148126]},"properties":{"category":"offshore_wind_turbine","score":0.9984094500541687}},{"type":"Feature","geometry":{"type":"Point","coordinates":[110.64425457294347,20.532023676407317]},"properties":{"category":"offshore_wind_turbine","score":0.9490216970443726}},{"type":"Feature","geometry":{"type":"Point","coordinates":[111.47882451375376,21.246034086664952]},"properties":{"category":"offshore_wind_turbine","score":0.9976763129234314}},{"type":"Feature","geometry":{"type":"Point","coordinates":[111.62005693701168,21.000902924847328]},"properties":{"category":"offshore_platform","score":0.9179423451423645}},{"type":"Feature","geometry":{"type":"Point","coordinates":[114.92154260174902,22.270358627879045]},"properties":{"category":"offshore_wind_turbine","score":0.9899279475212097}},{"type":"Feature","geometry":{"type":"Point","coordinates":[116.111257042019,22.615548196189202]},"properties":{"category":"offshore_wind_turbine","score":0.9973055124282837}},{"type":"Feature","geometry":{"type":"Point","coordinates":[118.30415705472328,4.282176767957405]},"properties":{"category":"offshore_platform","score":0.852715015411377}},{"type":"Feature","geometry":{"type":"Point","coordinates":[121.8397151119786,28.832883395921648]},"properties":{"category":"offshore_wind_turbine","score":0.9599195122718811}},{"type":"Feature","geometry":{"type":"Point","coordinates":[119.3037597706824,25.11486396554264]},"properties":{"category":"offshore_platform","score":0.9648554921150208}},{"type":"Feature","geometry":{"type":"Point","coordinates":[120.10221782036464,24.00845723807237]},"properties":{"category":"offshore_wind_turbine","score":0.9533674716949463}},{"type":"Feature","geometry":{"type":"Point","coordinates":[121.20471371718801,36.389634229739436]},"properties":{"category":"offshore_wind_turbine","score":0.9924748539924622}},{"type":"Feature","geometry":{"type":"Point","coordinates":[120.01868994921034,23.628095161522758]},"properties":{"category":"offshore_wind_turbine","score":0.8596981763839722}},{"type":"Feature","geometry":{"type":"Point","coordinates":[121.21026678528804,33.473208926047036]},"properties":{"category":"offshore_wind_turbine","score":0.9963609576225281}},{"type":"Feature","geometry":{"type":"Point","coordinates":[121.49713973719274,32.74740015428451]},"properties":{"category":"offshore_platform","score":0.9322006702423096}},{"type":"Feature","geometry":{"type":"Point","coordinates":[121.84923175558427,32.64648226351453]},"properties":{"category":"offshore_wind_turbine","score":0.9971022009849548}},{"type":"Feature","geometry":{"type":"Point","coordinates":[121.07893845412478,33.304742218150054]},"properties":{"category":"offshore_platform","score":0.8855998516082764}},{"type":"Feature","geometry":{"type":"Point","coordinates":[119.5736436827499,25.237428679648627]},"properties":{"category":"offshore_wind_turbine","score":0.9954877495765686}},{"type":"Feature","geometry":{"type":"Point","coordinates":[122.04229038756498,29.099058733670315]},"properties":{"category":"offshore_wind_turbine","score":0.9974954724311829}},{"type":"Feature","geometry":{"type":"Point","coordinates":[123.37997473904863,39.417949629197466]},"properties":{"category":"offshore_platform","score":0.9042689204216003}},{"type":"Feature","geometry":{"type":"Point","coordinates":[121.45421764831413,30.442092040111017]},"properties":{"category":"offshore_platform","score":0.9514838457107544}},{"type":"Feature","geometry":{"type":"Point","coordinates":[125.12555519905207,28.844311885158213]},"properties":{"category":"offshore_platform","score":0.9933359622955322}},{"type":"Feature","geometry":{"type":"Point","coordinates":[121.37264650195588,32.88368771066361]},"properties":{"category":"offshore_wind_turbine","score":0.976617693901062}},{"type":"Feature","geometry":{"type":"Point","coordinates":[121.54907434789986,32.64984510098665]},"properties":{"category":"offshore_wind_turbine","score":0.9957352876663208}},{"type":"Feature","geometry":{"type":"Point","coordinates":[121.9646681222205,32.631842110142415]},"properties":{"category":"offshore_wind_turbine","score":0.9974174499511719}},{"type":"Feature","geometry":{"type":"Point","coordinates":[-131.37921372466988,-73.90679663405824]},"properties":{"category":"offshore_platform","score":0.979688823223114}},{"type":"Feature","geometry":{"type":"Point","coordinates":[-49.48972642347546,-25.499989533722204]},"properties":{"category":"offshore_platform","score":0.9783157110214233}},{"type":"Feature","geometry":{"type":"Point","coordinates":[23.851212965092582,-4.1507666193658865]},"properties":{"category":"offshore_platform","score":0.9659479856491089}},{"type":"Feature","geometry":{"type":"Point","coordinates":[106.41338579184314,-2.298853238337736]},"properties":{"category":"offshore_platform","score":0.8627400398254395}},{"type":"Feature","geometry":{"type":"Point","coordinates":[126.82983019846051,-13.931208126060858]},"properties":{"category":"offshore_platform","score":0.9902043342590332}},{"type":"Feature","geometry":{"type":"Point","coordinates":[-95.92314562650088,28.462568976989598]},"properties":{"category":"offshore_platform","score":0.9905202388763428}},{"type":"Feature","geometry":{"type":"Point","coordinates":[-71.24709583338964,9.999429379304448]},"properties":{"category":"offshore_platform","score":0.899710476398468}},{"type":"Feature","geometry":{"type":"Point","coordinates":[74.0714191171512,18.132377141666563]},"properties":{"category":"offshore_platform","score":0.9845326542854309}},{"type":"Feature","geometry":{"type":"Point","coordinates":[115.81107424197687,5.580683079426382]},"properties":{"category":"offshore_platform","score":0.9619859457015991}},{"type":"Feature","geometry":{"type":"Point","coordinates":[-96.00982476045436,64.58323084498436]},"properties":{"category":"offshore_platform","score":0.8785440921783447}},{"type":"Feature","geometry":{"type":"Point","coordinates":[72.73059830142496,3.8847609565764354]},"properties":{"category":"offshore_platform","score":0.9290409684181213}},{"type":"Feature","geometry":{"type":"Point","coordinates":[-70.3320552663154,66.3893887321007]},"properties":{"category":"offshore_platform","score":0.9566213488578796}},{"type":"Feature","geometry":{"type":"Point","coordinates":[105.09498243704904,-65.732305084772]},"properties":{"category":"offshore_platform","score":0.913801372051239}},{"type":"Feature","geometry":{"type":"Point","coordinates":[18.078605551067795,80.19193000728679]},"properties":{"category":"offshore_platform","score":0.9949873685836792}},{"type":"Feature","geometry":{"type":"Point","coordinates":[-92.5558194055882,29.756005814915383]},"properties":{"category":"offshore_platform","score":0.9455505609512329}},{"type":"Feature","geometry":{"type":"Point","coordinates":[-92.258228360613,19.608715054116384]},"properties":{"category":"offshore_platform","score":0.9929407835006714}},{"type":"Feature","geometry":{"type":"Point","coordinates":[-90.16567884174368,28.9365713044974]},"properties":{"category":"offshore_platform","score":0.9785351157188416}},{"type":"Feature","geometry":{"type":"Point","coordinates":[-89.26438998456871,28.970924682205062]},"properties":{"category":"offshore_platform","score":0.9497957825660706}},{"type":"Feature","geometry":{"type":"Point","coordinates":[-75.11312571493265,38.986032566430715]},"properties":{"category":"offshore_platform","score":0.8873581290245056}},{"type":"Feature","geometry":{"type":"Point","coordinates":[-71.48361620466511,10.25546500913067]},"properties":{"category":"offshore_platform","score":0.861014187335968}},{"type":"Feature","geometry":{"type":"Point","coordinates":[-71.61201786452516,9.986803852398374]},"properties":{"category":"offshore_platform","score":0.8718987703323364}},{"type":"Feature","geometry":{"type":"Point","coordinates":[-71.40918360530358,10.29074507282785]},"properties":{"category":"offshore_platform","score":0.977820634841919}},{"type":"Feature","geometry":{"type":"Point","coordinates":[-62.261843708098574,10.084355379711132]},"properties":{"category":"offshore_platform","score":0.9455187320709229}},{"type":"Feature","geometry":{"type":"Point","coordinates":[-3.1969539701507994,53.498652879048436]},"properties":{"category":"offshore_wind_turbine","score":0.9990420937538147}},{"type":"Feature","geometry":{"type":"Point","coordinates":[-3.602055438804205,54.05304695109364]},"properties":{"category":"offshore_wind_turbine","score":0.99825519323349}},{"type":"Feature","geometry":{"type":"Point","coordinates":[-2.5437040884284357,46.88154032471252]},"properties":{"category":"offshore_platform","score":0.8680548071861267}},{"type":"Feature","geometry":{"type":"Point","coordinates":[1.961576388918685,51.90253622026824]},"properties":{"category":"offshore_wind_turbine","score":0.9982598423957825}},{"type":"Feature","geometry":{"type":"Point","coordinates":[0.29101569716614023,53.62977910858394]},"properties":{"category":"offshore_wind_turbine","score":0.9976744055747986}},{"type":"Feature","geometry":{"type":"Point","coordinates":[-2.245193318385972,56.26649874501249]},"properties":{"category":"offshore_platform","score":0.8660750389099121}},{"type":"Feature","geometry":{"type":"Point","coordinates":[-3.4350844697831797,53.414735034931304]},"properties":{"category":"offshore_wind_turbine","score":0.9984657764434814}},{"type":"Feature","geometry":{"type":"Point","coordinates":[1.4812562572258587,51.613623239520756]},"properties":{"category":"offshore_wind_turbine","score":0.9977134466171265}},{"type":"Feature","geometry":{"type":"Point","coordinates":[3.0312460564979826,51.527498968538936]},"properties":{"category":"offshore_platform","score":0.9364091753959656}},{"type":"Feature","geometry":{"type":"Point","coordinates":[1.3741266146858695,53.28694737579258]},"properties":{"category":"offshore_wind_turbine","score":0.9017214179039001}},{"type":"Feature","geometry":{"type":"Point","coordinates":[6.186026876838463,54.40010973120351]},"properties":{"category":"offshore_platform","score":0.9540155529975891}},{"type":"Feature","geometry":{"type":"Point","coordinates":[2.966505408126582,51.62731685138319]},"properties":{"category":"offshore_wind_turbine","score":0.9972932934761047}},{"type":"Feature","geometry":{"type":"Point","coordinates":[6.001626546462343,54.39849887998838]},"properties":{"category":"offshore_wind_turbine","score":0.9958869814872742}},{"type":"Feature","geometry":{"type":"Point","coordinates":[14.005597963513095,44.07165844070703]},"properties":{"category":"offshore_platform","score":0.9952453970909119}},{"type":"Feature","geometry":{"type":"Point","coordinates":[6.374391354602399,54.409760740644415]},"properties":{"category":"offshore_platform","score":0.9532774686813354}},{"type":"Feature","geometry":{"type":"Point","coordinates":[6.833063775183575,55.23764193023611]},"properties":{"category":"offshore_platform","score":0.9115328192710876}},{"type":"Feature","geometry":{"type":"Point","coordinates":[7.810835789196513,55.47825148490668]},"properties":{"category":"offshore_wind_turbine","score":0.9962788224220276}},{"type":"Feature","geometry":{"type":"Point","coordinates":[12.813833307494276,55.0447768386431]},"properties":{"category":"offshore_wind_turbine","score":0.9405840039253235}},{"type":"Feature","geometry":{"type":"Point","coordinates":[7.641062022139683,54.53882995982906]},"properties":{"category":"offshore_wind_turbine","score":0.9945951104164124}},{"type":"Feature","geometry":{"type":"Point","coordinates":[17.632175113154936,55.08380205663366]},"properties":{"category":"offshore_platform","score":0.970385730266571}},{"type":"Feature","geometry":{"type":"Point","coordinates":[29.548690852213728,44.52700436060028]},"properties":{"category":"offshore_platform","score":0.9915575981140137}},{"type":"Feature","geometry":{"type":"Point","coordinates":[50.02969035410662,40.268059268483015]},"properties":{"category":"offshore_platform","score":0.8554598093032837}},{"type":"Feature","geometry":{"type":"Point","coordinates":[49.10317061798248,28.397288692140908]},"properties":{"category":"offshore_platform","score":0.991182804107666}},{"type":"Feature","geometry":{"type":"Point","coordinates":[50.26604600132076,29.218306302860313]},"properties":{"category":"offshore_platform","score":0.9880712032318115}},{"type":"Feature","geometry":{"type":"Point","coordinates":[51.09666950500837,40.1995788857193]},"properties":{"category":"offshore_platform","score":0.9894604682922363}},{"type":"Feature","geometry":{"type":"Point","coordinates":[54.325923757359696,25.52088345257853]},"properties":{"category":"offshore_platform","score":0.9893997311592102}},{"type":"Feature","geometry":{"type":"Point","coordinates":[69.70820954700118,22.526822415119305]},"properties":{"category":"offshore_platform","score":0.9714127779006958}},{"type":"Feature","geometry":{"type":"Point","coordinates":[75.66809342063382,18.920755120928433]},"properties":{"category":"offshore_platform","score":0.976727306842804}},{"type":"Feature","geometry":{"type":"Point","coordinates":[101.32835269735355,8.65158128944651]},"properties":{"category":"offshore_platform","score":0.9650105237960815}},{"type":"Feature","geometry":{"type":"Point","coordinates":[104.75843374839846,9.772145685580753]},"properties":{"category":"offshore_platform","score":0.8605708479881287}},{"type":"Feature","geometry":{"type":"Point","coordinates":[108.84695013280984,20.843444417894197]},"properties":{"category":"offshore_platform","score":0.9919024109840393}},{"type":"Feature","geometry":{"type":"Point","coordinates":[108.23138822062732,21.37905978620811]},"properties":{"category":"offshore_wind_turbine","score":0.9924885034561157}},{"type":"Feature","geometry":{"type":"Point","coordinates":[113.4326042127275,21.885629772356452]},"properties":{"category":"offshore_wind_turbine","score":0.9965354204177856}},{"type":"Feature","geometry":{"type":"Point","coordinates":[111.59650991114482,21.299938146916677]},"properties":{"category":"offshore_wind_turbine","score":0.9957535266876221}},{"type":"Feature","geometry":{"type":"Point","coordinates":[112.28405903587033,21.500362456703307]},"properties":{"category":"offshore_wind_turbine","score":0.9254699945449829}},{"type":"Feature","geometry":{"type":"Point","coordinates":[113.0475535726476,3.372388491430979]},"properties":{"category":"offshore_platform","score":0.962357223033905}},{"type":"Feature","geometry":{"type":"Point","coordinates":[116.21211131564966,22.762772657489705]},"properties":{"category":"offshore_wind_turbine","score":0.9921233057975769}},{"type":"Feature","geometry":{"type":"Point","coordinates":[118.77868222631325,38.998708460734036]},"properties":{"category":"offshore_wind_turbine","score":0.9979350566864014}},{"type":"Feature","geometry":{"type":"Point","coordinates":[121.20827620201099,39.10735787055185]},"properties":{"category":"offshore_platform","score":0.9455173015594482}},{"type":"Feature","geometry":{"type":"Point","coordinates":[121.8538493898608,30.478585244319362]},"properties":{"category":"offshore_platform","score":0.9670397043228149}},{"type":"Feature","geometry":{"type":"Point","coordinates":[119.96875438283078,24.150343215111015]},"properties":{"category":"offshore_wind_turbine","score":0.9957019686698914}},{"type":"Feature","geometry":{"type":"Point","coordinates":[121.59119943387758,36.523877950166955]},"properties":{"category":"offshore_wind_turbine","score":0.998508632183075}},{"type":"Feature","geometry":{"type":"Point","coordinates":[119.77300185293514,34.603831431946375]},"properties":{"category":"offshore_wind_turbine","score":0.9926767349243164}},{"type":"Feature","geometry":{"type":"Point","coordinates":[121.12712433292408,32.68533834238376]},"properties":{"category":"offshore_wind_turbine","score":0.979033887386322}},{"type":"Feature","geometry":{"type":"Point","coordinates":[121.43751437405683,32.54720763287975]},"properties":{"category":"offshore_platform","score":0.8887526988983154}},{"type":"Feature","geometry":{"type":"Point","coordinates":[120.40309387408233,34.52444267233518]},"properties":{"category":"offshore_wind_turbine","score":0.9917027354240417}},{"type":"Feature","geometry":{"type":"Point","coordinates":[120.32692239272991,37.82064582920351]},"properties":{"category":"offshore_wind_turbine","score":0.9550110697746277}},{"type":"Feature","geometry":{"type":"Point","coordinates":[124.02723465540332,45.18895017635194]},"properties":{"category":"offshore_wind_turbine","score":0.9299630522727966}},{"type":"Feature","geometry":{"type":"Point","coordinates":[121.38037244996154,36.3831757462876]},"properties":{"category":"offshore_wind_turbine","score":0.9978296160697937}},{"type":"Feature","geometry":{"type":"Point","coordinates":[122.00881909446436,30.71238632160987]},"properties":{"category":"offshore_wind_turbine","score":0.9536487460136414}},{"type":"Feature","geometry":{"type":"Point","coordinates":[121.28983506959656,32.99465993296283]},"properties":{"category":"offshore_wind_turbine","score":0.9972278475761414}},{"type":"Feature","geometry":{"type":"Point","coordinates":[121.37878371988405,32.886575185786896]},"properties":{"category":"offshore_wind_turbine","score":0.9904510378837585}},{"type":"Feature","geometry":{"type":"Point","coordinates":[121.83974247265323,32.630514542479396]},"properties":{"category":"offshore_wind_turbine","score":0.8936883211135864}},{"type":"Feature","geometry":{"type":"Point","coordinates":[-81.32518801434946,-4.714325713813926]},"properties":{"category":"offshore_platform","score":0.9851077198982239}},{"type":"Feature","geometry":{"type":"Point","coordinates":[-42.468536413257766,-24.951919686759958]},"properties":{"category":"offshore_platform","score":0.939426600933075}},{"type":"Feature","geometry":{"type":"Point","coordinates":[104.38948435142467,-0.39226109086830724]},"properties":{"category":"offshore_platform","score":0.8966504335403442}},{"type":"Feature","geometry":{"type":"Point","coordinates":[117.67942859448543,-0.017025675648083667]},"properties":{"category":"offshore_platform","score":0.9480875134468079}},{"type":"Feature","geometry":{"type":"Point","coordinates":[-120.72435928335398,77.02273942236458]},"properties":{"category":"offshore_platform","score":0.8643261790275574}},{"type":"Feature","geometry":{"type":"Point","coordinates":[-86.23167077323704,34.43224522732404]},"properties":{"category":"offshore_platform","score":0.9918787479400635}},{"type":"Feature","geometry":{"type":"Point","coordinates":[10.268873969906041,42.73305296557786]},"properties":{"category":"offshore_platform","score":0.9792560338973999}},{"type":"Feature","geometry":{"type":"Point","coordinates":[79.25128074380058,13.035390782236727]},"properties":{"category":"offshore_platform","score":0.9407543540000916}},{"type":"Feature","geometry":{"type":"Point","coordinates":[116.90434185422994,6.690798126949485]},"properties":{"category":"offshore_platform","score":0.9449595212936401}},{"type":"Feature","geometry":{"type":"Point","coordinates":[-76.21362769572846,39.326862554732095]},"properties":{"category":"offshore_platform","score":0.9351212382316589}},{"type":"Feature","geometry":{"type":"Point","coordinates":[96.16788096395997,76.10913722638114]},"properties":{"category":"offshore_platform","score":0.971321702003479}},{"type":"Feature","geometry":{"type":"Point","coordinates":[-45.77439876964159,-21.32254541605614]},"properties":{"category":"offshore_platform","score":0.9173594117164612}},{"type":"Feature","geometry":{"type":"Point","coordinates":[58.074437863554245,74.56309229175895]},"properties":{"category":"offshore_platform","score":0.9693858027458191}},{"type":"Feature","geometry":{"type":"Point","coordinates":[-97.04225972037217,20.96145878330645]},"properties":{"category":"offshore_platform","score":0.9929417371749878}},{"type":"Feature","geometry":{"type":"Point","coordinates":[-91.61484318323859,28.67109422510405]},"properties":{"category":"offshore_platform","score":0.9921367168426514}},{"type":"Feature","geometry":{"type":"Point","coordinates":[-90.47407163346293,29.109942892175315]},"properties":{"category":"offshore_platform","score":0.9921223521232605}},{"type":"Feature","geometry":{"type":"Point","coordinates":[-91.0290687749255,28.455297792763844]},"properties":{"category":"offshore_platform","score":0.9714505672454834}},{"type":"Feature","geometry":{"type":"Point","coordinates":[-75.71565493678024,55.19263862005748]},"properties":{"category":"offshore_platform","score":0.9467766880989075}},{"type":"Feature","geometry":{"type":"Point","coordinates":[-72.44197859287586,19.834454716237964]},"properties":{"category":"offshore_platform","score":0.9088993072509766}},{"type":"Feature","geometry":{"type":"Point","coordinates":[-71.88120077499522,10.090819145515292]},"properties":{"category":"offshore_platform","score":0.9596664905548096}},{"type":"Feature","geometry":{"type":"Point","coordinates":[-71.48197953954914,10.151456399002743]},"properties":{"category":"offshore_platform","score":0.9846163988113403}},{"type":"Feature","geometry":{"type":"Point","coordinates":[-16.576710591593134,13.437304639044514]},"properties":{"category":"offshore_platform","score":0.9232195019721985}},{"type":"Feature","geometry":{"type":"Point","coordinates":[-2.5557258545186046,48.84761372235289]},"properties":{"category":"offshore_platform","score":0.9879447221755981}},{"type":"Feature","geometry":{"type":"Point","coordinates":[-3.4677038194002163,54.011759662570185]},"properties":{"category":"offshore_wind_turbine","score":0.9947084188461304}},{"type":"Feature","geometry":{"type":"Point","coordinates":[1.1088769595795367,51.46189906754775]},"properties":{"category":"offshore_wind_turbine","score":0.9986978769302368}},{"type":"Feature","geometry":{"type":"Point","coordinates":[3.0172414466530384,51.64972040653472]},"properties":{"category":"offshore_wind_turbine","score":0.984076201915741}},{"type":"Feature","geometry":{"type":"Point","coordinates":[1.3816102273755841,53.258383152846065]},"properties":{"category":"offshore_platform","score":0.9372055530548096}},{"type":"Feature","geometry":{"type":"Point","coordinates":[-2.549867995024379,48.89359755932196]},"properties":{"category":"offshore_wind_turbine","score":0.9878661632537842}},{"type":"Feature","geometry":{"type":"Point","coordinates":[-1.1110612965265267,54.64641318210973]},"properties":{"category":"offshore_wind_turbine","score":0.9978554844856262}},{"type":"Feature","geometry":{"type":"Point","coordinates":[1.9028100067654563,51.93804604843423]},"properties":{"category":"offshore_wind_turbine","score":0.998762845993042}},{"type":"Feature","geometry":{"type":"Point","coordinates":[3.961348892327509,52.203947205514666]},"properties":{"category":"offshore_platform","score":0.9631476998329163}},{"type":"Feature","geometry":{"type":"Point","coordinates":[1.586713273903231,53.84249571029188]},"properties":{"category":"offshore_platform","score":0.9897953867912292}},{"type":"Feature","geometry":{"type":"Point","coordinates":[5.9097110974820835,54.318352647462625]},"properties":{"category":"offshore_wind_turbine","score":0.9931273460388184}},{"type":"Feature","geometry":{"type":"Point","coordinates":[3.009725459542737,51.56741048143015]},"properties":{"category":"offshore_wind_turbine","score":0.9978779554367065}},{"type":"Feature","geometry":{"type":"Point","coordinates":[5.909757137808653,54.35487507955324]},"properties":{"category":"offshore_wind_turbine","score":0.9019232988357544}},{"type":"Feature","geometry":{"type":"Point","coordinates":[8.256213772886266,56.66912632161586]},"properties":{"category":"offshore_platform","score":0.9178804755210876}},{"type":"Feature","geometry":{"type":"Point","coordinates":[6.394552631451802,54.534643287379886]},"properties":{"category":"offshore_wind_turbine","score":0.9961444139480591}},{"type":"Feature","geometry":{"type":"Point","coordinates":[7.016651614200009,54.07380093142423]},"properties":{"category":"offshore_wind_turbine","score":0.9901212453842163}},{"type":"Feature","geometry":{"type":"Point","coordinates":[11.546916621590357,54.53804688204663]},"properties":{"category":"offshore_wind_turbine","score":0.9984157085418701}},{"type":"Feature","geometry":{"type":"Point","coordinates":[14.113154621831734,54.77446684644012]},"properties":{"category":"offshore_platform","score":0.9358370900154114}},{"type":"Feature","geometry":{"type":"Point","coordinates":[7.6892233955968115,54.36641899937148]},"properties":{"category":"offshore_wind_turbine","score":0.9979799389839172}},{"type":"Feature","geometry":{"type":"Point","coordinates":[14.073227233583038,54.805762831761406]},"properties":{"category":"offshore_platform","score":0.9468324780464172}},{"type":"Feature","geometry":{"type":"Point","coordinates":[30.16812338183218,36.26825994874197]},"properties":{"category":"offshore_platform","score":0.9563926458358765}},{"type":"Feature","geometry":{"type":"Point","coordinates":[49.86921235272758,39.84947448819095]},"properties":{"category":"offshore_platform","score":0.9942528605461121}},{"type":"Feature","geometry":{"type":"Point","coordinates":[48.94661338005298,28.389731815645277]},"properties":{"category":"offshore_platform","score":0.988636314868927}},{"type":"Feature","geometry":{"type":"Point","coordinates":[49.267956861278634,28.40484856613526]},"properties":{"category":"offshore_platform","score":0.9948666095733643}},{"type":"Feature","geometry":{"type":"Point","coordinates":[49.56308693833257,39.98937014587868]},"properties":{"category":"offshore_platform","score":0.9777874946594238}},{"type":"Feature","geometry":{"type":"Point","coordinates":[53.20569263205,25.315972869419475]},"properties":{"category":"offshore_platform","score":0.9576150178909302}},{"type":"Feature","geometry":{"type":"Point","coordinates":[53.08578471296613,39.442678053330766]},"properties":{"category":"offshore_platform","score":0.9243804216384888}},{"type":"Feature","geometry":{"type":"Point","coordinates":[59.18874177519589,44.57706756184974]},"properties":{"category":"offshore_platform","score":0.9151256084442139}},{"type":"Feature","geometry":{"type":"Point","coordinates":[82.34368456936683,16.515580208936175]},"properties":{"category":"offshore_platform","score":0.8658575415611267}},{"type":"Feature","geometry":{"type":"Point","coordinates":[103.09625548457127,7.223318529072744]},"properties":{"category":"offshore_platform","score":0.9726437926292419}},{"type":"Feature","geometry":{"type":"Point","coordinates":[105.82815560061785,9.239585150943354]},"properties":{"category":"offshore_wind_turbine","score":0.9964315891265869}},{"type":"Feature","geometry":{"type":"Point","coordinates":[106.81514509312527,10.097227351080496]},"properties":{"category":"offshore_wind_turbine","score":0.9483540654182434}},{"type":"Feature","geometry":{"type":"Point","coordinates":[109.47270808790917,20.11338570152173]},"properties":{"category":"offshore_wind_turbine","score":0.9973413348197937}},{"type":"Feature","geometry":{"type":"Point","coordinates":[114.92127559501392,22.313546684133414]},"properties":{"category":"offshore_wind_turbine","score":0.8793003559112549}},{"type":"Feature","geometry":{"type":"Point","coordinates":[111.52579561517486,21.006716091419804]},"properties":{"category":"offshore_wind_turbine","score":0.8581616878509521}},{"type":"Feature","geometry":{"type":"Point","coordinates":[112.2080518320494,21.377984697268538]},"properties":{"category":"offshore_wind_turbine","score":0.9911724925041199}},{"type":"Feature","geometry":{"type":"Point","coordinates":[118.22791449555693,23.942859578053284]},"properties":{"category":"offshore_wind_turbine","score":0.9975614547729492}},{"type":"Feature","geometry":{"type":"Point","coordinates":[116.44405874785939,22.717289566638605]},"properties":{"category":"offshore_wind_turbine","score":0.9946053624153137}},{"type":"Feature","geometry":{"type":"Point","coordinates":[119.18269271818848,39.10733697605232]},"properties":{"category":"offshore_platform","score":0.9874051213264465}},{"type":"Feature","geometry":{"type":"Point","coordinates":[116.13831041169877,6.632732398573719]},"properties":{"category":"offshore_platform","score":0.9936339855194092}},{"type":"Feature","geometry":{"type":"Point","coordinates":[119.80649005066941,24.238244955706737]},"properties":{"category":"offshore_platform","score":0.9576175212860107}},{"type":"Feature","geometry":{"type":"Point","coordinates":[119.4081559611317,38.29699318493868]},"properties":{"category":"offshore_platform","score":0.9938632249832153}},{"type":"Feature","geometry":{"type":"Point","coordinates":[120.99111817261705,27.24023934595733]},"properties":{"category":"offshore_wind_turbine","score":0.9987198114395142}},{"type":"Feature","geometry":{"type":"Point","coordinates":[121.11826245335448,33.3144416491423]},"properties":{"category":"offshore_wind_turbine","score":0.9972532391548157}},{"type":"Feature","geometry":{"type":"Point","coordinates":[121.57628297496642,33.280994036733375]},"properties":{"category":"offshore_wind_turbine","score":0.9985587000846863}},{"type":"Feature","geometry":{"type":"Point","coordinates":[120.36361155980569,34.483208098841]},"properties":{"category":"offshore_wind_turbine","score":0.9971100687980652}},{"type":"Feature","geometry":{"type":"Point","coordinates":[118.8391223802692,38.26981054139186]},"properties":{"category":"offshore_platform","score":0.9640612006187439}},{"type":"Feature","geometry":{"type":"Point","coordinates":[120.80236885623668,24.75398749008807]},"properties":{"category":"offshore_platform","score":0.8981488347053528}},{"type":"Feature","geometry":{"type":"Point","coordinates":[121.51013809121153,36.40337930356554]},"properties":{"category":"offshore_wind_turbine","score":0.9985419511795044}},{"type":"Feature","geometry":{"type":"Point","coordinates":[121.76858618475889,30.7140618237241]},"properties":{"category":"offshore_wind_turbine","score":0.9974361062049866}},{"type":"Feature","geometry":{"type":"Point","coordinates":[121.18486429823537,33.41922890023819]},"properties":{"category":"offshore_wind_turbine","score":0.9952665567398071}},{"type":"Feature","geometry":{"type":"Point","coordinates":[121.43853627976219,33.13555051954516]},"properties":{"category":"offshore_wind_turbine","score":0.9959108829498291}},{"type":"Feature","geometry":{"type":"Point","coordinates":[121.64434049028685,32.69422119523656]},"properties":{"category":"offshore_wind_turbine","score":0.9982549548149109}},{"type":"Feature","geometry":{"type":"Point","coordinates":[126.26170839232566,33.4657787478033]},"properties":{"category":"offshore_platform","score":0.8780011534690857}},{"type":"Feature","geometry":{"type":"Point","coordinates":[-160.615709732301,-73.97678301417797]},"properties":{"category":"offshore_wind_turbine","score":0.9920870661735535}},{"type":"Feature","geometry":{"type":"Point","coordinates":[-48.40555426803375,-10.649643236473953]},"properties":{"category":"offshore_platform","score":0.9834094047546387}},{"type":"Feature","geometry":{"type":"Point","coordinates":[41.13686330397326,-11.215275081302906]},"properties":{"category":"offshore_platform","score":0.937006950378418}},{"type":"Feature","geometry":{"type":"Point","coordinates":[113.3272458490711,-6.636470009773522]},"properties":{"category":"offshore_platform","score":0.9922160506248474}},{"type":"Feature","geometry":{"type":"Point","coordinates":[147.4302570094994,-43.12157560681142]},"properties":{"category":"offshore_platform","score":0.8966574668884277}},{"type":"Feature","geometry":{"type":"Point","coordinates":[-91.51577925609017,18.764163401084122]},"properties":{"category":"offshore_platform","score":0.9273478984832764}},{"type":"Feature","geometry":{"type":"Point","coordinates":[-71.16800258422988,9.69695968763595]},"properties":{"category":"offshore_platform","score":0.9688374400138855}},{"type":"Feature","geometry":{"type":"Point","coordinates":[35.36296746647776,41.73489829205238]},"properties":{"category":"offshore_platform","score":0.9846277236938477}},{"type":"Feature","geometry":{"type":"Point","coordinates":[93.49777640056962,19.487691876930775]},"properties":{"category":"offshore_platform","score":0.9422926902770996}},{"type":"Feature","geometry":{"type":"Point","coordinates":[139.04957414398766,35.79023695234209]},"properties":{"category":"offshore_platform","score":0.9621639251708984}},{"type":"Feature","geometry":{"type":"Point","coordinates":[-71.18669773032492,9.852021822091459]},"properties":{"category":"offshore_platform","score":0.9510990381240845}},{"type":"Feature","geometry":{"type":"Point","coordinates":[117.87771675602528,2.5962761140170096]},"properties":{"category":"offshore_platform","score":0.8728280663490295}},{"type":"Feature","geometry":{"type":"Point","coordinates":[-53.233466228437166,67.87752170785177]},"properties":{"category":"offshore_platform","score":0.9818589091300964}},{"type":"Feature","geometry":{"type":"Point","coordinates":[177.26821254514897,-17.915770863751792]},"properties":{"category":"offshore_platform","score":0.8674278259277344}},{"type":"Feature","geometry":{"type":"Point","coordinates":[-1.6827073236297778,4.9351465312791865]},"properties":{"category":"offshore_platform","score":0.9660536646842957}},{"type":"Feature","geometry":{"type":"Point","coordinates":[-93.86991378776548,28.095501425926454]},"properties":{"category":"offshore_platform","score":0.9942786693572998}},{"type":"Feature","geometry":{"type":"Point","coordinates":[-92.26387226583638,19.40495681585389]},"properties":{"category":"offshore_platform","score":0.9916695356369019}},{"type":"Feature","geometry":{"type":"Point","coordinates":[-89.95895020609892,28.998699583026116]},"properties":{"category":"offshore_platform","score":0.9920703768730164}},{"type":"Feature","geometry":{"type":"Point","coordinates":[-88.73759177154835,28.208763542141607]},"properties":{"category":"offshore_platform","score":0.9944990873336792}},{"type":"Feature","geometry":{"type":"Point","coordinates":[-70.41757309929498,41.037434333893025]},"properties":{"category":"offshore_platform","score":0.9612269997596741}},{"type":"Feature","geometry":{"type":"Point","coordinates":[-71.32655570805352,10.096188333525356]},"properties":{"category":"offshore_platform","score":0.9422213435173035}},{"type":"Feature","geometry":{"type":"Point","coordinates":[-71.44260220422143,10.304523015993762]},"properties":{"category":"offshore_platform","score":0.9914965629577637}},{"type":"Feature","geometry":{"type":"Point","coordinates":[-61.8868863958622,10.243923478739967]},"properties":{"category":"offshore_platform","score":0.8694297075271606}},{"type":"Feature","geometry":{"type":"Point","coordinates":[-3.611410185668648,53.49002142508186]},"properties":{"category":"offshore_wind_turbine","score":0.9987078905105591}},{"type":"Feature","geometry":{"type":"Point","coordinates":[1.1814831466169236,50.199014879867775]},"properties":{"category":"offshore_wind_turbine","score":0.9904391765594482}},{"type":"Feature","geometry":{"type":"Point","coordinates":[-3.4006705870451985,53.98904059944577]},"properties":{"category":"offshore_wind_turbine","score":0.9979543685913086}},{"type":"Feature","geometry":{"type":"Point","coordinates":[1.4981100502518425,51.616582394935875]},"properties":{"category":"offshore_wind_turbine","score":0.9972823858261108}},{"type":"Feature","geometry":{"type":"Point","coordinates":[3.0670386187956353,51.542954954488046]},"properties":{"category":"offshore_wind_turbine","score":0.9417874217033386}},{"type":"Feature","geometry":{"type":"Point","coordinates":[-0.23123789018074783,50.693438555630394]},"properties":{"category":"offshore_wind_turbine","score":0.9962345957756042}},{"type":"Feature","geometry":{"type":"Point","coordinates":[-3.5622626797350216,54.068266860261396]},"properties":{"category":"offshore_wind_turbine","score":0.9976499676704407}},{"type":"Feature","geometry":{"type":"Point","coordinates":[1.4434519863132063,51.62204483289818]},"properties":{"category":"offshore_wind_turbine","score":0.9946720004081726}},{"type":"Feature","geometry":{"type":"Point","coordinates":[2.865963906950548,51.654966228008746]},"properties":{"category":"offshore_wind_turbine","score":0.8713585734367371}},{"type":"Feature","geometry":{"type":"Point","coordinates":[4.430796241263273,52.5951160291494]},"properties":{"category":"offshore_wind_turbine","score":0.998375654220581}},{"type":"Feature","geometry":{"type":"Point","coordinates":[1.944348011123934,53.90832788297423]},"properties":{"category":"offshore_platform","score":0.9786126613616943}},{"type":"Feature","geometry":{"type":"Point","coordinates":[1.5575213483479555,59.53381044688553]},"properties":{"category":"offshore_platform","score":0.9294755458831787}},{"type":"Feature","geometry":{"type":"Point","coordinates":[1.5080445625094543,53.977062635863]},"properties":{"category":"offshore_wind_turbine","score":0.9972483515739441}},{"type":"Feature","geometry":{"type":"Point","coordinates":[5.978697450648048,54.30501943226373]},"properties":{"category":"offshore_wind_turbine","score":0.9941200613975525}},{"type":"Feature","geometry":{"type":"Point","coordinates":[11.267032641027713,56.58625345723102]},"properties":{"category":"offshore_wind_turbine","score":0.9980910420417786}},{"type":"Feature","geometry":{"type":"Point","coordinates":[6.548592453223025,53.987590238392414]},"properties":{"category":"offshore_wind_turbine","score":0.9976508021354675}},{"type":"Feature","geometry":{"type":"Point","coordinates":[7.778665758404365,55.05873627954816]},"properties":{"category":"offshore_wind_turbine","score":0.9985490441322327}},{"type":"Feature","geometry":{"type":"Point","coordinates":[13.589304812185047,54.32565343535276]},"properties":{"category":"offshore_platform","score":0.9768223166465759}},{"type":"Feature","geometry":{"type":"Point","coordinates":[7.693793350796219,54.38210139168353]},"properties":{"category":"offshore_wind_turbine","score":0.9986516833305359}},{"type":"Feature","geometry":{"type":"Point","coordinates":[14.14129834763349,54.765768455218854]},"properties":{"category":"offshore_wind_turbine","score":0.9298413991928101}},{"type":"Feature","geometry":{"type":"Point","coordinates":[33.46675768854088,28.235157329568768]},"properties":{"category":"offshore_platform","score":0.9824375510215759}},{"type":"Feature","geometry":{"type":"Point","coordinates":[48.86369745245186,28.120329625940865]},"properties":{"category":"offshore_platform","score":0.9945058226585388}},{"type":"Feature","geometry":{"type":"Point","coordinates":[52.44412383955298,25.120629155543654]},"properties":{"category":"offshore_platform","score":0.8529129028320312}},{"type":"Feature","geometry":{"type":"Point","coordinates":[51.578661866054766,26.678213034099294]},"properties":{"category":"offshore_platform","score":0.9672746062278748}},{"type":"Feature","geometry":{"type":"Point","coordinates":[52.71369057838713,25.4242619674856]},"properties":{"category":"offshore_platform","score":0.9935894012451172}},{"type":"Feature","geometry":{"type":"Point","coordinates":[54.471371770941985,25.60916391295434]},"properties":{"category":"offshore_platform","score":0.9924275279045105}},{"type":"Feature","geometry":{"type":"Point","coordinates":[58.08467120616658,19.917069711874117]},"properties":{"category":"offshore_platform","score":0.9709550738334656}},{"type":"Feature","geometry":{"type":"Point","coordinates":[71.41880404065385,19.37955076373158]},"properties":{"category":"offshore_platform","score":0.9839001893997192}},{"type":"Feature","geometry":{"type":"Point","coordinates":[101.15191048705819,10.568208027946916]},"properties":{"category":"offshore_platform","score":0.9871659874916077}},{"type":"Feature","geometry":{"type":"Point","coordinates":[100.76610873247579,26.1861679574078]},"properties":{"category":"offshore_platform","score":0.8827577829360962}},{"type":"Feature","geometry":{"type":"Point","coordinates":[105.80738470690294,9.219420003969159]},"properties":{"category":"offshore_wind_turbine","score":0.9823924899101257}},{"type":"Feature","geometry":{"type":"Point","coordinates":[104.47328653503013,-0.11870649419509605]},"properties":{"category":"offshore_platform","score":0.9286189675331116}},{"type":"Feature","geometry":{"type":"Point","coordinates":[109.27662050139202,20.15155768263489]},"properties":{"category":"offshore_platform","score":0.963546872138977}},{"type":"Feature","geometry":{"type":"Point","coordinates":[113.40572314508547,21.89325312002533]},"properties":{"category":"offshore_wind_turbine","score":0.9974989295005798}},{"type":"Feature","geometry":{"type":"Point","coordinates":[111.5225588954021,21.25039242566959]},"properties":{"category":"offshore_platform","score":0.852299690246582}},{"type":"Feature","geometry":{"type":"Point","coordinates":[113.97531326385725,4.803537863576058]},"properties":{"category":"offshore_platform","score":0.9903706908226013}},{"type":"Feature","geometry":{"type":"Point","coordinates":[118.13109434601354,2.137042116095587]},"properties":{"category":"offshore_platform","score":0.8627128005027771}},{"type":"Feature","geometry":{"type":"Point","coordinates":[116.26438930553064,22.66431829117337]},"properties":{"category":"offshore_wind_turbine","score":0.9956820011138916}},{"type":"Feature","geometry":{"type":"Point","coordinates":[119.19087153034775,39.093404182662006]},"properties":{"category":"offshore_platform","score":0.9907165169715881}},{"type":"Feature","geometry":{"type":"Point","coordinates":[116.9177871996743,6.725162779197788]},"properties":{"category":"offshore_platform","score":0.9647254347801208}},{"type":"Feature","geometry":{"type":"Point","coordinates":[119.87007201935315,24.0158241189493]},"properties":{"category":"offshore_wind_turbine","score":0.9330435991287231}},{"type":"Feature","geometry":{"type":"Point","coordinates":[121.23245921204764,36.43239046879225]},"properties":{"category":"offshore_wind_turbine","score":0.9855060577392578}},{"type":"Feature","geometry":{"type":"Point","coordinates":[120.01219711882605,40.066458642119684]},"properties":{"category":"offshore_platform","score":0.8989683389663696}},{"type":"Feature","geometry":{"type":"Point","coordinates":[121.27528410647743,33.244350861193766]},"properties":{"category":"offshore_wind_turbine","score":0.8913640379905701}},{"type":"Feature","geometry":{"type":"Point","coordinates":[121.90254701319087,32.782496408492776]},"properties":{"category":"offshore_wind_turbine","score":0.9985557198524475}},{"type":"Feature","geometry":{"type":"Point","coordinates":[121.06603002963077,33.66462634774175]},"properties":{"category":"offshore_wind_turbine","score":0.9009789824485779}},{"type":"Feature","geometry":{"type":"Point","coordinates":[119.80204071206283,37.997146495480095]},"properties":{"category":"offshore_platform","score":0.8904274106025696}},{"type":"Feature","geometry":{"type":"Point","coordinates":[120.20549086241962,24.059955581087088]},"properties":{"category":"offshore_platform","score":0.9743621349334717}},{"type":"Feature","geometry":{"type":"Point","coordinates":[123.19633109010542,39.444049944558365]},"properties":{"category":"offshore_wind_turbine","score":0.9980046153068542}},{"type":"Feature","geometry":{"type":"Point","coordinates":[121.69055926047214,36.47418159025203]},"properties":{"category":"offshore_wind_turbine","score":0.983994722366333}},{"type":"Feature","geometry":{"type":"Point","coordinates":[121.70710922272707,30.623542541709625]},"properties":{"category":"offshore_platform","score":0.9115031361579895}},{"type":"Feature","geometry":{"type":"Point","coordinates":[121.26099134992869,33.503284857732666]},"properties":{"category":"offshore_wind_turbine","score":0.9989197254180908}},{"type":"Feature","geometry":{"type":"Point","coordinates":[121.21756067077129,32.70911854815933]},"properties":{"category":"offshore_wind_turbine","score":0.9921506643295288}},{"type":"Feature","geometry":{"type":"Point","coordinates":[121.77337345905372,32.74457583926248]},"properties":{"category":"offshore_wind_turbine","score":0.9824057817459106}},{"type":"Feature","geometry":{"type":"Point","coordinates":[128.9909813851735,32.669244885391066]},"properties":{"category":"offshore_wind_turbine","score":0.9798040390014648}},{"type":"Feature","geometry":{"type":"Point","coordinates":[-69.38193318391204,-15.49533733168575]},"properties":{"category":"offshore_platform","score":0.9481541514396667}},{"type":"Feature","geometry":{"type":"Point","coordinates":[12.342527767210063,-6.845293176598014]},"properties":{"category":"offshore_platform","score":0.974927544593811}},{"type":"Feature","geometry":{"type":"Point","coordinates":[106.53332973318643,-5.342944996889916]},"properties":{"category":"offshore_platform","score":0.993155300617218}},{"type":"Feature","geometry":{"type":"Point","coordinates":[116.30716574110657,-3.2993157334317313]},"properties":{"category":"offshore_platform","score":0.9662784337997437}},{"type":"Feature","geometry":{"type":"Point","coordinates":[-97.26543054284231,21.022213529476208]},"properties":{"category":"offshore_platform","score":0.8910728693008423}},{"type":"Feature","geometry":{"type":"Point","coordinates":[-8.654617361585185,70.92587351363655]},"properties":{"category":"offshore_wind_turbine","score":0.9854010939598083}},{"type":"Feature","geometry":{"type":"Point","coordinates":[30.600004062647216,44.05526431123583]},"properties":{"category":"offshore_platform","score":0.9914301037788391}},{"type":"Feature","geometry":{"type":"Point","coordinates":[53.22043905577767,25.180361171922915]},"properties":{"category":"offshore_platform","score":0.9375282526016235}},{"type":"Feature","geometry":{"type":"Point","coordinates":[126.66288068330037,36.242212952124056]},"properties":{"category":"offshore_platform","score":0.9220329523086548}},{"type":"Feature","geometry":{"type":"Point","coordinates":[-68.70781648977082,68.17643275067205]},"properties":{"category":"offshore_platform","score":0.9729218482971191}},{"type":"Feature","geometry":{"type":"Point","coordinates":[-95.80818725859204,19.143010943500848]},"properties":{"category":"offshore_platform","score":0.9472054839134216}},{"type":"Feature","geometry":{"type":"Point","coordinates":[154.21191517694487,-67.07527736698316]},"properties":{"category":"offshore_wind_turbine","score":0.9865103363990784}},{"type":"Feature","geometry":{"type":"Point","coordinates":[136.0313561203588,35.678899947641064]},"properties":{"category":"offshore_platform","score":0.9488003849983215}},{"type":"Feature","geometry":{"type":"Point","coordinates":[-94.14567217918383,29.51593937738918]},"properties":{"category":"offshore_platform","score":0.9911963939666748}},{"type":"Feature","geometry":{"type":"Point","coordinates":[-92.04908926845592,29.473371285892295]},"properties":{"category":"offshore_platform","score":0.9937044978141785}},{"type":"Feature","geometry":{"type":"Point","coordinates":[-91.39594122124538,28.324081065888034]},"properties":{"category":"offshore_platform","score":0.9878107905387878}},{"type":"Feature","geometry":{"type":"Point","coordinates":[-91.9595413704599,28.572743004981916]},"properties":{"category":"offshore_platform","score":0.9883576035499573}},{"type":"Feature","geometry":{"type":"Point","coordinates":[-84.14841428627874,45.913194092299385]},"properties":{"category":"offshore_platform","score":0.9834079146385193}},{"type":"Feature","geometry":{"type":"Point","coordinates":[-71.48075789943121,10.289328856782229]},"properties":{"category":"offshore_platform","score":0.9752859473228455}},{"type":"Feature","geometry":{"type":"Point","coordinates":[-71.5709964109747,9.734304148387881]},"properties":{"category":"offshore_platform","score":0.9146841764450073}},{"type":"Feature","geometry":{"type":"Point","coordinates":[-71.03525540130616,41.094960913582916]},"properties":{"category":"offshore_platform","score":0.9811439514160156}},{"type":"Feature","geometry":{"type":"Point","coordinates":[-3.605433755570071,53.46242251933408]},"properties":{"category":"offshore_wind_turbine","score":0.997443437576294}},{"type":"Feature","geometry":{"type":"Point","coordinates":[-2.816447949242466,58.105656484258404]},"properties":{"category":"offshore_platform","score":0.9775946736335754}},{"type":"Feature","geometry":{"type":"Point","coordinates":[-3.4695261666679764,53.40747775065447]},"properties":{"category":"offshore_wind_turbine","score":0.9990513920783997}},{"type":"Feature","geometry":{"type":"Point","coordinates":[1.6280552676213231,51.406034327156476]},"properties":{"category":"offshore_wind_turbine","score":0.9986822009086609}},{"type":"Feature","geometry":{"type":"Point","coordinates":[0.31270245140572,53.63814222901136]},"properties":{"category":"offshore_wind_turbine","score":0.998543381690979}},{"type":"Feature","geometry":{"type":"Point","coordinates":[-0.23073140357354263,50.661414694815306]},"properties":{"category":"offshore_platform","score":0.9743233323097229}},{"type":"Feature","geometry":{"type":"Point","coordinates":[-3.507454362422159,54.06105498587533]},"properties":{"category":"offshore_wind_turbine","score":0.997787594795227}},{"type":"Feature","geometry":{"type":"Point","coordinates":[1.0863892949804996,51.47080714299161]},"properties":{"category":"offshore_wind_turbine","score":0.9986042380332947}},{"type":"Feature","geometry":{"type":"Point","coordinates":[2.8071487514964475,51.688662387770385]},"properties":{"category":"offshore_wind_turbine","score":0.9984452128410339}},{"type":"Feature","geometry":{"type":"Point","coordinates":[5.283044399337179,53.02896550411609]},"properties":{"category":"offshore_platform","score":0.9153540134429932}},{"type":"Feature","geometry":{"type":"Point","coordinates":[2.0007447253491293,54.71705991929421]},"properties":{"category":"offshore_platform","score":0.9590646028518677}},{"type":"Feature","geometry":{"type":"Point","coordinates":[7.108432855260398,54.03844748326477]},"properties":{"category":"offshore_wind_turbine","score":0.9647882580757141}},{"type":"Feature","geometry":{"type":"Point","coordinates":[4.169310527100533,52.38442137782732]},"properties":{"category":"offshore_wind_turbine","score":0.998242974281311}},{"type":"Feature","geometry":{"type":"Point","coordinates":[5.836498669665959,54.05183499635914]},"properties":{"category":"offshore_wind_turbine","score":0.9965483546257019}},{"type":"Feature","geometry":{"type":"Point","coordinates":[8.155602960181218,4.177784740212271]},"properties":{"category":"offshore_platform","score":0.947994589805603}},{"type":"Feature","geometry":{"type":"Point","coordinates":[6.58277191397968,53.973992356528896]},"properties":{"category":"offshore_wind_turbine","score":0.9966526627540588}},{"type":"Feature","geometry":{"type":"Point","coordinates":[7.844187455806965,55.48865907349524]},"properties":{"category":"offshore_wind_turbine","score":0.9973418116569519}},{"type":"Feature","geometry":{"type":"Point","coordinates":[11.464766482040412,54.57406817200785]},"properties":{"category":"offshore_wind_turbine","score":0.9981268048286438}},{"type":"Feature","geometry":{"type":"Point","coordinates":[7.2131400211142145,55.12792174182719]},"properties":{"category":"offshore_wind_turbine","score":0.9984806180000305}},{"type":"Feature","geometry":{"type":"Point","coordinates":[16.675758949175314,57.05803927018512]},"properties":{"category":"offshore_platform","score":0.986213207244873}},{"type":"Feature","geometry":{"type":"Point","coordinates":[29.44676195105602,44.54595623239216]},"properties":{"category":"offshore_platform","score":0.9897947907447815}},{"type":"Feature","geometry":{"type":"Point","coordinates":[38.98544941787096,38.89172193141867]},"properties":{"category":"offshore_platform","score":0.9852184653282166}},{"type":"Feature","geometry":{"type":"Point","coordinates":[48.80803633306579,28.19729018233968]},"properties":{"category":"offshore_platform","score":0.992185652256012}},{"type":"Feature","geometry":{"type":"Point","coordinates":[49.232315021104824,28.36487637205389]},"properties":{"category":"offshore_platform","score":0.9954478144645691}},{"type":"Feature","geometry":{"type":"Point","coordinates":[50.37040412065657,27.871865238641]},"properties":{"category":"offshore_platform","score":0.9939725995063782}},{"type":"Feature","geometry":{"type":"Point","coordinates":[52.97586264863402,39.46955300970888]},"properties":{"category":"offshore_platform","score":0.9812595248222351}},{"type":"Feature","geometry":{"type":"Point","coordinates":[53.760066203233066,24.771296287328067]},"properties":{"category":"offshore_platform","score":0.9944239258766174}},{"type":"Feature","geometry":{"type":"Point","coordinates":[53.71501459561003,24.74485876964534]},"properties":{"category":"offshore_platform","score":0.9952850937843323}},{"type":"Feature","geometry":{"type":"Point","coordinates":[72.2218671042956,18.661732603286502]},"properties":{"category":"offshore_platform","score":0.9874969720840454}},{"type":"Feature","geometry":{"type":"Point","coordinates":[101.2172918395356,12.88856178294237]},"properties":{"category":"offshore_platform","score":0.9939122200012207}},{"type":"Feature","geometry":{"type":"Point","coordinates":[104.0537874294707,10.069899700099798]},"properties":{"category":"offshore_platform","score":0.9426668882369995}},{"type":"Feature","geometry":{"type":"Point","coordinates":[104.0210387050133,6.325164447037931]},"properties":{"category":"offshore_platform","score":0.9941568374633789}},{"type":"Feature","geometry":{"type":"Point","coordinates":[106.87588954973822,10.20346991987541]},"properties":{"category":"offshore_wind_turbine","score":0.9980881810188293}},{"type":"Feature","geometry":{"type":"Point","coordinates":[111.79520669653127,4.438252043267662]},"properties":{"category":"offshore_platform","score":0.9924266338348389}},{"type":"Feature","geometry":{"type":"Point","coordinates":[111.5854184540238,21.28181876239125]},"properties":{"category":"offshore_platform","score":0.92695152759552}},{"type":"Feature","geometry":{"type":"Point","coordinates":[112.23943523073534,21.499670613570583]},"properties":{"category":"offshore_wind_turbine","score":0.9962055683135986}},{"type":"Feature","geometry":{"type":"Point","coordinates":[114.84567022056777,22.293289213587126]},"properties":{"category":"offshore_wind_turbine","score":0.9977678060531616}},{"type":"Feature","geometry":{"type":"Point","coordinates":[116.068412843968,22.568478250894437]},"properties":{"category":"offshore_wind_turbine","score":0.9930174350738525}},{"type":"Feature","geometry":{"type":"Point","coordinates":[118.3006066020605,4.263335235712788]},"properties":{"category":"offshore_platform","score":0.9280921220779419}},{"type":"Feature","geometry":{"type":"Point","coordinates":[121.06408414499982,30.429209265420695]},"properties":{"category":"offshore_platform","score":0.9363828301429749}},{"type":"Feature","geometry":{"type":"Point","coordinates":[119.40784289685298,25.151497851940203]},"properties":{"category":"offshore_platform","score":0.9624380469322205}},{"type":"Feature","geometry":{"type":"Point","coordinates":[120.18133108483707,23.95377416940671]},"properties":{"category":"offshore_wind_turbine","score":0.9856097102165222}},{"type":"Feature","geometry":{"type":"Point","coordinates":[121.91331917555941,37.87530022740634]},"properties":{"category":"offshore_platform","score":0.9796395301818848}},{"type":"Feature","geometry":{"type":"Point","coordinates":[120.5724714254782,34.26627325394301]},"properties":{"category":"offshore_wind_turbine","score":0.8506943583488464}},{"type":"Feature","geometry":{"type":"Point","coordinates":[121.22619100523308,32.653667773324436]},"properties":{"category":"offshore_wind_turbine","score":0.9918796420097351}},{"type":"Feature","geometry":{"type":"Point","coordinates":[121.56495314588715,32.832062240665074]},"properties":{"category":"offshore_wind_turbine","score":0.9986587762832642}},{"type":"Feature","geometry":{"type":"Point","coordinates":[120.70651357926353,34.3064147046345]},"properties":{"category":"offshore_wind_turbine","score":0.9986441731452942}},{"type":"Feature","geometry":{"type":"Point","coordinates":[120.28990699702925,37.82884680786378]},"properties":{"category":"offshore_wind_turbine","score":0.9924848675727844}},{"type":"Feature","geometry":{"type":"Point","coordinates":[122.03815233968618,29.068030443568276]},"properties":{"category":"offshore_wind_turbine","score":0.9975278973579407}},{"type":"Feature","geometry":{"type":"Point","coordinates":[123.34810107189894,39.59080401724361]},"properties":{"category":"offshore_wind_turbine","score":0.8948544263839722}},{"type":"Feature","geometry":{"type":"Point","coordinates":[121.41711564319237,30.74265713467642]},"properties":{"category":"offshore_platform","score":0.9240696430206299}},{"type":"Feature","geometry":{"type":"Point","coordinates":[122.1326043870414,30.920910528706063]},"properties":{"category":"offshore_wind_turbine","score":0.9925709366798401}},{"type":"Feature","geometry":{"type":"Point","coordinates":[121.2058964678638,32.93841349356944]},"properties":{"category":"offshore_wind_turbine","score":0.9177241325378418}},{"type":"Feature","geometry":{"type":"Point","coordinates":[121.44792377721772,32.73222690309623]},"properties":{"category":"offshore_wind_turbine","score":0.9974567294120789}},{"type":"Feature","geometry":{"type":"Point","coordinates":[121.88013135439566,32.83045278467347]},"properties":{"category":"offshore_wind_turbine","score":0.9981874823570251}},{"type":"Feature","geometry":{"type":"Point","coordinates":[123.31959831343246,39.39551466515122]},"properties":{"category":"offshore_platform","score":0.9678660035133362}},{"type":"Feature","geometry":{"type":"Point","coordinates":[-68.12925483304777,-52.60600156218997]},"properties":{"category":"offshore_platform","score":0.9911236763000488}},{"type":"Feature","geometry":{"type":"Point","coordinates":[11.554985513400535,-4.572217131457388]},"properties":{"category":"offshore_platform","score":0.8941901326179504}},{"type":"Feature","geometry":{"type":"Point","coordinates":[107.51316987801115,-5.889085970384501]},"properties":{"category":"offshore_platform","score":0.9757787585258484}},{"type":"Feature","geometry":{"type":"Point","coordinates":[116.32086036998513,-3.299392375211745]},"properties":{"category":"offshore_platform","score":0.9135387539863586}},{"type":"Feature","geometry":{"type":"Point","coordinates":[-88.12696941831861,30.201115440630673]},"properties":{"category":"offshore_platform","score":0.9722470641136169}},{"type":"Feature","geometry":{"type":"Point","coordinates":[33.17719297281084,28.591330955179046]},"properties":{"category":"offshore_platform","score":0.8547488451004028}},{"type":"Feature","geometry":{"type":"Point","coordinates":[76.15915511702407,18.58308883796697]},"properties":{"category":"offshore_platform","score":0.9549220204353333}},{"type":"Feature","geometry":{"type":"Point","coordinates":[118.83153724675428,32.53837544038476]},"properties":{"category":"offshore_platform","score":0.9793807864189148}},{"type":"Feature","geometry":{"type":"Point","coordinates":[-99.9975142723216,52.76832725291527]},"properties":{"category":"offshore_platform","score":0.9816572666168213}},{"type":"Feature","geometry":{"type":"Point","coordinates":[106.34118856501172,27.66423157986957]},"properties":{"category":"offshore_platform","score":0.9470065832138062}},{"type":"Feature","geometry":{"type":"Point","coordinates":[101.46654066064676,9.83031199730043]},"properties":{"category":"offshore_platform","score":0.9734438061714172}},{"type":"Feature","geometry":{"type":"Point","coordinates":[42.9584119199933,13.353366512198832]},"properties":{"category":"offshore_platform","score":0.9603418111801147}},{"type":"Feature","geometry":{"type":"Point","coordinates":[-96.05121174318819,28.42233072479511]},"properties":{"category":"offshore_wind_turbine","score":0.985817015171051}},{"type":"Feature","geometry":{"type":"Point","coordinates":[-92.35023700875904,19.667402201271557]},"properties":{"category":"offshore_platform","score":0.9902689456939697}},{"type":"Feature","geometry":{"type":"Point","coordinates":[-90.12095607937636,29.043289356922994]},"properties":{"category":"offshore_platform","score":0.9953007698059082}},{"type":"Feature","geometry":{"type":"Point","coordinates":[-89.11708132745511,29.578506663066996]},"properties":{"category":"offshore_platform","score":0.9899437427520752}},{"type":"Feature","geometry":{"type":"Point","coordinates":[-71.10525706267903,41.160406163084815]},"properties":{"category":"offshore_platform","score":0.9788339734077454}},{"type":"Feature","geometry":{"type":"Point","coordinates":[-71.43798738581249,10.23696078764943]},"properties":{"category":"offshore_platform","score":0.8622941374778748}},{"type":"Feature","geometry":{"type":"Point","coordinates":[-71.60874528798993,9.993221736191206]},"properties":{"category":"offshore_platform","score":0.8818841576576233}},{"type":"Feature","geometry":{"type":"Point","coordinates":[-71.40734453307068,10.171580356758362]},"properties":{"category":"offshore_platform","score":0.941373348236084}},{"type":"Feature","geometry":{"type":"Point","coordinates":[-60.583477706418336,10.715493403246791]},"properties":{"category":"offshore_platform","score":0.977599024772644}},{"type":"Feature","geometry":{"type":"Point","coordinates":[-8.29437407375153,39.549098155524135]},"properties":{"category":"offshore_platform","score":0.9600396156311035}},{"type":"Feature","geometry":{"type":"Point","coordinates":[0.19108857282333724,49.897410271757835]},"properties":{"category":"offshore_wind_turbine","score":0.9161810874938965}},{"type":"Feature","geometry":{"type":"Point","coordinates":[-3.290128864740397,53.974451160021616]},"properties":{"category":"offshore_wind_turbine","score":0.9883875250816345}},{"type":"Feature","geometry":{"type":"Point","coordinates":[1.6659840377309916,51.407055646013454]},"properties":{"category":"offshore_wind_turbine","score":0.9986569881439209}},{"type":"Feature","geometry":{"type":"Point","coordinates":[0.31217604659863935,53.658839944227005]},"properties":{"category":"offshore_wind_turbine","score":0.9988742470741272}},{"type":"Feature","geometry":{"type":"Point","coordinates":[-0.2884149271566881,58.82683859063929]},"properties":{"category":"offshore_platform","score":0.9780794382095337}},{"type":"Feature","geometry":{"type":"Point","coordinates":[1.5361085988445233,59.5448619755047]},"properties":{"category":"offshore_platform","score":0.9931045174598694}},{"type":"Feature","geometry":{"type":"Point","coordinates":[1.5547808067209632,51.58567991872408]},"properties":{"category":"offshore_wind_turbine","score":0.9961143732070923}},{"type":"Feature","geometry":{"type":"Point","coordinates":[2.9695391163525593,51.687437379981226]},"properties":{"category":"offshore_wind_turbine","score":0.9237895607948303}},{"type":"Feature","geometry":{"type":"Point","coordinates":[4.149048379926118,52.40797673466053]},"properties":{"category":"offshore_wind_turbine","score":0.9983009696006775}},{"type":"Feature","geometry":{"type":"Point","coordinates":[5.294168770018282,5.3830395416635275]},"properties":{"category":"offshore_platform","score":0.9880749583244324}},{"type":"Feature","geometry":{"type":"Point","coordinates":[2.4829999474825173,52.232138619908746]},"properties":{"category":"offshore_platform","score":0.9876375198364258}},{"type":"Feature","geometry":{"type":"Point","coordinates":[1.627500470876716,53.989595734577385]},"properties":{"category":"offshore_platform","score":0.9681321978569031}},{"type":"Feature","geometry":{"type":"Point","coordinates":[5.867962661700965,54.026099471112765]},"properties":{"category":"offshore_wind_turbine","score":0.9716745018959045}},{"type":"Feature","geometry":{"type":"Point","coordinates":[11.21337662263884,56.54554596178935]},"properties":{"category":"offshore_wind_turbine","score":0.9984683394432068}},{"type":"Feature","geometry":{"type":"Point","coordinates":[6.502663525568733,53.98072217272021]},"properties":{"category":"offshore_wind_turbine","score":0.9991839528083801}},{"type":"Feature","geometry":{"type":"Point","coordinates":[7.006237310814306,54.01111652503184]},"properties":{"category":"offshore_wind_turbine","score":0.9833183288574219}},{"type":"Feature","geometry":{"type":"Point","coordinates":[15.688394240290794,59.273256043779256]},"properties":{"category":"offshore_platform","score":0.975756049156189}},{"type":"Feature","geometry":{"type":"Point","coordinates":[7.2060715753402755,55.09214080845033]},"properties":{"category":"offshore_wind_turbine","score":0.9989515542984009}},{"type":"Feature","geometry":{"type":"Point","coordinates":[13.7577190845642,44.086271126257884]},"properties":{"category":"offshore_platform","score":0.9903550148010254}},{"type":"Feature","geometry":{"type":"Point","coordinates":[26.84525959038231,64.3621514509382]},"properties":{"category":"offshore_platform","score":0.8875389099121094}},{"type":"Feature","geometry":{"type":"Point","coordinates":[38.77437031951774,40.99474036030605]},"properties":{"category":"offshore_platform","score":0.9121600389480591}},{"type":"Feature","geometry":{"type":"Point","coordinates":[48.9659832551833,28.6745611885331]},"properties":{"category":"offshore_platform","score":0.9445533752441406}},{"type":"Feature","geometry":{"type":"Point","coordinates":[51.806254088510556,25.910367211369557]},"properties":{"category":"offshore_platform","score":0.9749383926391602}},{"type":"Feature","geometry":{"type":"Point","coordinates":[50.47378813821968,26.920263587386774]},"properties":{"category":"offshore_platform","score":0.9932234287261963}},{"type":"Feature","geometry":{"type":"Point","coordinates":[52.734101915444555,25.428995415255834]},"properties":{"category":"offshore_platform","score":0.9864194989204407}},{"type":"Feature","geometry":{"type":"Point","coordinates":[52.79438242666722,39.45286531837792]},"properties":{"category":"offshore_platform","score":0.9929836988449097}},{"type":"Feature","geometry":{"type":"Point","coordinates":[72.25719691514125,18.538557020482184]},"properties":{"category":"offshore_platform","score":0.969238817691803}},{"type":"Feature","geometry":{"type":"Point","coordinates":[87.90389904012969,36.03662627751271]},"properties":{"category":"offshore_platform","score":0.8505820035934448}},{"type":"Feature","geometry":{"type":"Point","coordinates":[101.41006850715806,8.598339257251839]},"properties":{"category":"offshore_platform","score":0.9791512489318848}},{"type":"Feature","geometry":{"type":"Point","coordinates":[104.1665601367843,10.11854815111231]},"properties":{"category":"offshore_platform","score":0.9935706853866577}},{"type":"Feature","geometry":{"type":"Point","coordinates":[105.45450901085347,5.806340099445545]},"properties":{"category":"offshore_platform","score":0.9843870997428894}},{"type":"Feature","geometry":{"type":"Point","coordinates":[104.46738328328586,-0.12041667006797872]},"properties":{"category":"offshore_platform","score":0.8820038437843323}},{"type":"Feature","geometry":{"type":"Point","coordinates":[109.11150470822741,20.142330846121805]},"properties":{"category":"offshore_platform","score":0.9706969857215881}},{"type":"Feature","geometry":{"type":"Point","coordinates":[114.76054397283819,22.76818738998855]},"properties":{"category":"offshore_platform","score":0.9410529136657715}},{"type":"Feature","geometry":{"type":"Point","coordinates":[111.6141490581993,21.232058157244165]},"properties":{"category":"offshore_platform","score":0.9462950229644775}},{"type":"Feature","geometry":{"type":"Point","coordinates":[114.28048450180039,36.41711167477005]},"properties":{"category":"offshore_platform","score":0.9653809070587158}},{"type":"Feature","geometry":{"type":"Point","coordinates":[114.87665557039782,5.603217423013213]},"properties":{"category":"offshore_platform","score":0.9545280337333679}},{"type":"Feature","geometry":{"type":"Point","coordinates":[116.17710102345679,22.6147535281932]},"properties":{"category":"offshore_wind_turbine","score":0.9977299571037292}},{"type":"Feature","geometry":{"type":"Point","coordinates":[115.83736480630982,5.615254790488925]},"properties":{"category":"offshore_platform","score":0.9456632733345032}},{"type":"Feature","geometry":{"type":"Point","coordinates":[121.73091476195695,30.60383951953077]},"properties":{"category":"offshore_wind_turbine","score":0.996880292892456}},{"type":"Feature","geometry":{"type":"Point","coordinates":[119.41597558500177,25.142503708595086]},"properties":{"category":"offshore_platform","score":0.9789283275604248}},{"type":"Feature","geometry":{"type":"Point","coordinates":[120.80284535753157,24.697869807880515]},"properties":{"category":"offshore_wind_turbine","score":0.9896842241287231}},{"type":"Feature","geometry":{"type":"Point","coordinates":[121.6523122328768,36.580693235305716]},"properties":{"category":"offshore_wind_turbine","score":0.9977657794952393}},{"type":"Feature","geometry":{"type":"Point","coordinates":[120.97326221801097,33.51345591842972]},"properties":{"category":"offshore_wind_turbine","score":0.9739086031913757}},{"type":"Feature","geometry":{"type":"Point","coordinates":[121.27183114179674,32.54537966072019]},"properties":{"category":"offshore_wind_turbine","score":0.9965553283691406}},{"type":"Feature","geometry":{"type":"Point","coordinates":[120.53641345761693,34.28757227764594]},"properties":{"category":"offshore_wind_turbine","score":0.9069612622261047}},{"type":"Feature","geometry":{"type":"Point","coordinates":[121.06569386834832,32.72231717628248]},"properties":{"category":"offshore_wind_turbine","score":0.9959922432899475}},{"type":"Feature","geometry":{"type":"Point","coordinates":[119.61272959760943,25.60461587159381]},"properties":{"category":"offshore_wind_turbine","score":0.9668949842453003}},{"type":"Feature","geometry":{"type":"Point","coordinates":[121.9774150128172,28.89295100141003]},"properties":{"category":"offshore_wind_turbine","score":0.9982384443283081}},{"type":"Feature","geometry":{"type":"Point","coordinates":[121.4531418968308,36.382427721750986]},"properties":{"category":"offshore_wind_turbine","score":0.8958910703659058}},{"type":"Feature","geometry":{"type":"Point","coordinates":[121.90690365524453,30.443029540930034]},"properties":{"category":"offshore_wind_turbine","score":0.9887836575508118}},{"type":"Feature","geometry":{"type":"Point","coordinates":[121.26162744341057,33.51920210211811]},"properties":{"category":"offshore_wind_turbine","score":0.9910215735435486}},{"type":"Feature","geometry":{"type":"Point","coordinates":[121.37063091814447,33.44330505584644]},"properties":{"category":"offshore_wind_turbine","score":0.991613507270813}},{"type":"Feature","geometry":{"type":"Point","coordinates":[121.84188670054162,32.856319576668376]},"properties":{"category":"offshore_wind_turbine","score":0.8935646414756775}},{"type":"Feature","geometry":{"type":"Point","coordinates":[130.22875689396207,31.54983342150431]},"properties":{"category":"offshore_platform","score":0.8546172976493835}},{"type":"Feature","geometry":{"type":"Point","coordinates":[-76.2661362304738,-13.767895989735496]},"properties":{"category":"offshore_platform","score":0.9882955551147461}},{"type":"Feature","geometry":{"type":"Point","coordinates":[10.436471848200737,-3.7167455040533635]},"properties":{"category":"offshore_platform","score":0.9863452315330505}},{"type":"Feature","geometry":{"type":"Point","coordinates":[113.3514263735623,-7.745784970906032]},"properties":{"category":"offshore_platform","score":0.872148334980011}},{"type":"Feature","geometry":{"type":"Point","coordinates":[116.3500170892959,-3.777148885902721]},"properties":{"category":"offshore_platform","score":0.94161057472229}},{"type":"Feature","geometry":{"type":"Point","coordinates":[-93.48026565470492,38.20999683627681]},"properties":{"category":"offshore_platform","score":0.8643369674682617}},{"type":"Feature","geometry":{"type":"Point","coordinates":[-58.95287898516129,-2.686604687549516]},"properties":{"category":"offshore_platform","score":0.9117550849914551}},{"type":"Feature","geometry":{"type":"Point","coordinates":[50.5770387930485,40.24505605886984]},"properties":{"category":"offshore_platform","score":0.9634628295898438}},{"type":"Feature","geometry":{"type":"Point","coordinates":[117.11884674973669,36.04992763857973]},"properties":{"category":"offshore_platform","score":0.9926458597183228}},{"type":"Feature","geometry":{"type":"Point","coordinates":[-102.41857640332674,57.24430471652732]},"properties":{"category":"offshore_platform","score":0.9439651966094971}},{"type":"Feature","geometry":{"type":"Point","coordinates":[40.161991095452244,39.1680860840935]},"properties":{"category":"offshore_platform","score":0.8721290230751038}},{"type":"Feature","geometry":{"type":"Point","coordinates":[116.96117537443618,6.738141336298843]},"properties":{"category":"offshore_platform","score":0.8838600516319275}},{"type":"Feature","geometry":{"type":"Point","coordinates":[144.5380862934778,-38.09580242789352]},"properties":{"category":"offshore_platform","score":0.8902753591537476}},{"type":"Feature","geometry":{"type":"Point","coordinates":[-114.63473387491696,61.78482995018014]},"properties":{"category":"offshore_platform","score":0.8763741850852966}},{"type":"Feature","geometry":{"type":"Point","coordinates":[-93.51804289065058,27.971819772693184]},"properties":{"category":"offshore_platform","score":0.9925284385681152}},{"type":"Feature","geometry":{"type":"Point","coordinates":[-92.17130935615339,19.220520666422164]},"properties":{"category":"offshore_platform","score":0.9889079928398132}},{"type":"Feature","geometry":{"type":"Point","coordinates":[-89.43085988413723,28.720184410225357]},"properties":{"category":"offshore_platform","score":0.9926337599754333}},{"type":"Feature","geometry":{"type":"Point","coordinates":[-89.01653631270267,29.412379007547635]},"properties":{"category":"offshore_platform","score":0.8879696130752563}},{"type":"Feature","geometry":{"type":"Point","coordinates":[-75.40392762084636,36.946490021021546]},"properties":{"category":"offshore_platform","score":0.9806827306747437}},{"type":"Feature","geometry":{"type":"Point","coordinates":[-71.64569958387415,10.784480712889442]},"properties":{"category":"offshore_platform","score":0.9905238747596741}},{"type":"Feature","geometry":{"type":"Point","coordinates":[-71.83071410017816,9.940257780155129]},"properties":{"category":"offshore_platform","score":0.8627251386642456}},{"type":"Feature","geometry":{"type":"Point","coordinates":[-71.43894905911088,10.233972071674119]},"properties":{"category":"offshore_platform","score":0.87700355052948}},{"type":"Feature","geometry":{"type":"Point","coordinates":[-71.21500722784727,9.813244850302082]},"properties":{"category":"offshore_platform","score":0.9220716953277588}},{"type":"Feature","geometry":{"type":"Point","coordinates":[-2.684675764852192,58.15546651184699]},"properties":{"category":"offshore_platform","score":0.9862434267997742}},{"type":"Feature","geometry":{"type":"Point","coordinates":[-2.914422142746829,58.253100877000314]},"properties":{"category":"offshore_platform","score":0.9923842549324036}},{"type":"Feature","geometry":{"type":"Point","coordinates":[-3.5484002808670216,53.44036298797396]},"properties":{"category":"offshore_wind_turbine","score":0.9965755343437195}},{"type":"Feature","geometry":{"type":"Point","coordinates":[1.4979500468197142,51.58075660509072]},"properties":{"category":"offshore_wind_turbine","score":0.8655586838722229}},{"type":"Feature","geometry":{"type":"Point","coordinates":[3.073501690085383,51.53805873006156]},"properties":{"category":"offshore_wind_turbine","score":0.9964548349380493}},{"type":"Feature","geometry":{"type":"Point","coordinates":[1.7451200767519897,53.835212444125084]},"properties":{"category":"offshore_platform","score":0.9711651802062988}},{"type":"Feature","geometry":{"type":"Point","coordinates":[0.18754603259263397,49.887876430535414]},"properties":{"category":"offshore_wind_turbine","score":0.8964516520500183}},{"type":"Feature","geometry":{"type":"Point","coordinates":[-1.0925576331977462,54.650773334595215]},"properties":{"category":"offshore_wind_turbine","score":0.9981829524040222}},{"type":"Feature","geometry":{"type":"Point","coordinates":[1.479029106406545,51.63844871853557]},"properties":{"category":"offshore_wind_turbine","score":0.9969974756240845}},{"type":"Feature","geometry":{"type":"Point","coordinates":[2.904330980183001,51.612199584208426]},"properties":{"category":"offshore_wind_turbine","score":0.9971750974655151}},{"type":"Feature","geometry":{"type":"Point","coordinates":[1.5167926557955633,53.98734117228218]},"properties":{"category":"offshore_wind_turbine","score":0.9908444285392761}},{"type":"Feature","geometry":{"type":"Point","coordinates":[7.638977588699891,56.38357641507412]},"properties":{"category":"offshore_platform","score":0.8989627361297607}},{"type":"Feature","geometry":{"type":"Point","coordinates":[2.9000420372836935,51.61481900100476]},"properties":{"category":"offshore_wind_turbine","score":0.9978502988815308}},{"type":"Feature","geometry":{"type":"Point","coordinates":[6.006292663324636,54.40621009849559]},"properties":{"category":"offshore_wind_turbine","score":0.9928439259529114}},{"type":"Feature","geometry":{"type":"Point","coordinates":[12.704665032509181,44.229139280069774]},"properties":{"category":"offshore_platform","score":0.9873223900794983}},{"type":"Feature","geometry":{"type":"Point","coordinates":[8.456207080139595,4.135165008428999]},"properties":{"category":"offshore_platform","score":0.9588640928268433}},{"type":"Feature","geometry":{"type":"Point","coordinates":[6.952116107603595,54.08590795539522]},"properties":{"category":"offshore_wind_turbine","score":0.9223726987838745}},{"type":"Feature","geometry":{"type":"Point","coordinates":[7.697067626049339,54.47138800500225]},"properties":{"category":"offshore_wind_turbine","score":0.9900755286216736}},{"type":"Feature","geometry":{"type":"Point","coordinates":[11.181502377529117,56.59556100300826]},"properties":{"category":"offshore_wind_turbine","score":0.9979251623153687}},{"type":"Feature","geometry":{"type":"Point","coordinates":[10.960517708118505,55.34347840190747]},"properties":{"category":"offshore_wind_turbine","score":0.9735634326934814}},{"type":"Feature","geometry":{"type":"Point","coordinates":[13.186308011658138,54.97904077452203]},"properties":{"category":"offshore_wind_turbine","score":0.9981216788291931}},{"type":"Feature","geometry":{"type":"Point","coordinates":[33.11170359890844,28.619801659882686]},"properties":{"category":"offshore_platform","score":0.9950050711631775}},{"type":"Feature","geometry":{"type":"Point","coordinates":[48.73040315345205,28.135851613210324]},"properties":{"category":"offshore_platform","score":0.9927400946617126}},{"type":"Feature","geometry":{"type":"Point","coordinates":[50.01560683649685,14.819964051489222]},"properties":{"category":"offshore_platform","score":0.9592838287353516}},{"type":"Feature","geometry":{"type":"Point","coordinates":[49.71683478902764,27.265484272140256]},"properties":{"category":"offshore_platform","score":0.9902800917625427}},{"type":"Feature","geometry":{"type":"Point","coordinates":[52.62346058895876,25.09807871966713]},"properties":{"category":"offshore_platform","score":0.9924087524414062}},{"type":"Feature","geometry":{"type":"Point","coordinates":[51.45302961802007,40.019524630122476]},"properties":{"category":"offshore_platform","score":0.9967484474182129}},{"type":"Feature","geometry":{"type":"Point","coordinates":[71.29938296987096,19.499520209220695]},"properties":{"category":"offshore_platform","score":0.9764076471328735}},{"type":"Feature","geometry":{"type":"Point","coordinates":[101.3592279618388,9.565836794416402]},"properties":{"category":"offshore_platform","score":0.9737436771392822}},{"type":"Feature","geometry":{"type":"Point","coordinates":[102.38040959161268,8.030782372686044]},"properties":{"category":"offshore_platform","score":0.9630346894264221}},{"type":"Feature","geometry":{"type":"Point","coordinates":[105.8568637300538,9.22970667173003]},"properties":{"category":"offshore_platform","score":0.8564918637275696}},{"type":"Feature","geometry":{"type":"Point","coordinates":[104.36937653194808,-0.36800899807665244]},"properties":{"category":"offshore_platform","score":0.8714554309844971}},{"type":"Feature","geometry":{"type":"Point","coordinates":[108.22226070766764,21.298941791744603]},"properties":{"category":"offshore_wind_turbine","score":0.9519186615943909}},{"type":"Feature","geometry":{"type":"Point","coordinates":[111.49762576084446,20.730551506402957]},"properties":{"category":"offshore_platform","score":0.9711124300956726}},{"type":"Feature","geometry":{"type":"Point","coordinates":[111.66424441711902,21.33351540229917]},"properties":{"category":"offshore_wind_turbine","score":0.9976674914360046}},{"type":"Feature","geometry":{"type":"Point","coordinates":[111.6328414390792,20.92373136897335]},"properties":{"category":"offshore_wind_turbine","score":0.9943424463272095}},{"type":"Feature","geometry":{"type":"Point","coordinates":[114.95662736356601,5.59304640082165]},"properties":{"category":"offshore_platform","score":0.9363487362861633}},{"type":"Feature","geometry":{"type":"Point","coordinates":[116.15359455857681,22.57905282307288]},"properties":{"category":"offshore_wind_turbine","score":0.997521698474884}},{"type":"Feature","geometry":{"type":"Point","coordinates":[118.31516904867055,4.262653875475682]},"properties":{"category":"offshore_platform","score":0.9421849250793457}},{"type":"Feature","geometry":{"type":"Point","coordinates":[120.41844262007142,39.24973022546853]},"properties":{"category":"offshore_platform","score":0.9894835352897644}},{"type":"Feature","geometry":{"type":"Point","coordinates":[116.90002354863165,6.721412032358525]},"properties":{"category":"offshore_platform","score":0.9502312541007996}},{"type":"Feature","geometry":{"type":"Point","coordinates":[120.02966457418934,25.85056654569322]},"properties":{"category":"offshore_wind_turbine","score":0.9002789855003357}},{"type":"Feature","geometry":{"type":"Point","coordinates":[119.45935402524812,37.25244998049145]},"properties":{"category":"offshore_wind_turbine","score":0.9981038570404053}},{"type":"Feature","geometry":{"type":"Point","coordinates":[120.89478775844088,27.28750074219968]},"properties":{"category":"offshore_wind_turbine","score":0.9946715235710144}},{"type":"Feature","geometry":{"type":"Point","coordinates":[121.06304483025228,33.30572957495605]},"properties":{"category":"offshore_wind_turbine","score":0.9973539113998413}},{"type":"Feature","geometry":{"type":"Point","coordinates":[121.31182032805985,32.52026959524568]},"properties":{"category":"offshore_wind_turbine","score":0.99664705991745}},{"type":"Feature","geometry":{"type":"Point","coordinates":[120.54254268352098,34.28412243305225]},"properties":{"category":"offshore_wind_turbine","score":0.9987200498580933}},{"type":"Feature","geometry":{"type":"Point","coordinates":[118.79950411403513,38.268708472446264]},"properties":{"category":"offshore_platform","score":0.9479141235351562}},{"type":"Feature","geometry":{"type":"Point","coordinates":[119.29066684910657,25.01650924912778]},"properties":{"category":"offshore_wind_turbine","score":0.9931963682174683}},{"type":"Feature","geometry":{"type":"Point","coordinates":[122.04996029696159,29.512612722796725]},"properties":{"category":"offshore_wind_turbine","score":0.9930189251899719}},{"type":"Feature","geometry":{"type":"Point","coordinates":[121.43890859420398,36.40152363679587]},"properties":{"category":"offshore_wind_turbine","score":0.8947320580482483}},{"type":"Feature","geometry":{"type":"Point","coordinates":[122.13441181285123,32.09774604605926]},"properties":{"category":"offshore_wind_turbine","score":0.9934859871864319}},{"type":"Feature","geometry":{"type":"Point","coordinates":[121.25915529630797,32.95250917302893]},"properties":{"category":"offshore_wind_turbine","score":0.9857096672058105}},{"type":"Feature","geometry":{"type":"Point","coordinates":[121.50904142931974,32.83223225659605]},"properties":{"category":"offshore_wind_turbine","score":0.9906407594680786}},{"type":"Feature","geometry":{"type":"Point","coordinates":[121.8871933999854,32.85560948663896]},"properties":{"category":"offshore_wind_turbine","score":0.9983440637588501}},{"type":"Feature","geometry":{"type":"Point","coordinates":[123.40624832542638,39.38544970548564]},"properties":{"category":"offshore_wind_turbine","score":0.9471212029457092}},{"type":"Feature","geometry":{"type":"Point","coordinates":[-68.49238786096855,-52.36604714209967]},"properties":{"category":"offshore_platform","score":0.990069568157196}},{"type":"Feature","geometry":{"type":"Point","coordinates":[12.040165789915212,-5.418753785924965]},"properties":{"category":"offshore_platform","score":0.9656863212585449}},{"type":"Feature","geometry":{"type":"Point","coordinates":[108.14904529409426,-6.098071102256732]},"properties":{"category":"offshore_platform","score":0.9189086556434631}},{"type":"Feature","geometry":{"type":"Point","coordinates":[116.37696280061623,-3.279937622014256]},"properties":{"category":"offshore_platform","score":0.9094135761260986}},{"type":"Feature","geometry":{"type":"Point","coordinates":[-90.23661044023459,30.351407767746633]},"properties":{"category":"offshore_platform","score":0.8724877834320068}},{"type":"Feature","geometry":{"type":"Point","coordinates":[-0.7093167745897698,11.552783816806318]},"properties":{"category":"offshore_platform","score":0.8642805218696594}},{"type":"Feature","geometry":{"type":"Point","coordinates":[48.83393923449677,28.225361921980916]},"properties":{"category":"offshore_platform","score":0.8742296695709229}},{"type":"Feature","geometry":{"type":"Point","coordinates":[77.03824865779622,13.326048717648384]},"properties":{"category":"offshore_platform","score":0.8721916675567627}},{"type":"Feature","geometry":{"type":"Point","coordinates":[119.78339656952525,25.69380680905847]},"properties":{"category":"offshore_wind_turbine","score":0.9951345324516296}},{"type":"Feature","geometry":{"type":"Point","coordinates":[149.89443493264034,-21.00100438252236]},"properties":{"category":"offshore_platform","score":0.945147693157196}},{"type":"Feature","geometry":{"type":"Point","coordinates":[-88.95570255336901,29.063934261199943]},"properties":{"category":"offshore_platform","score":0.9956606030464172}},{"type":"Feature","geometry":{"type":"Point","coordinates":[116.88933160541615,6.706412443554416]},"properties":{"category":"offshore_platform","score":0.9345465898513794}},{"type":"Feature","geometry":{"type":"Point","coordinates":[99.42815009852741,10.145043043219465]},"properties":{"category":"offshore_platform","score":0.8984463810920715}},{"type":"Feature","geometry":{"type":"Point","coordinates":[-71.12467714326957,66.79166305235154]},"properties":{"category":"offshore_platform","score":0.8542787432670593}},{"type":"Feature","geometry":{"type":"Point","coordinates":[-116.23741515710556,46.55724917513309]},"properties":{"category":"offshore_platform","score":0.9626033902168274}},{"type":"Feature","geometry":{"type":"Point","coordinates":[-94.9553846322848,49.35503682731105]},"properties":{"category":"offshore_platform","score":0.8861417770385742}},{"type":"Feature","geometry":{"type":"Point","coordinates":[-92.38599031642039,19.269854206301478]},"properties":{"category":"offshore_platform","score":0.9523607492446899}},{"type":"Feature","geometry":{"type":"Point","coordinates":[-89.8228647402066,28.952413929224925]},"properties":{"category":"offshore_platform","score":0.9479248523712158}},{"type":"Feature","geometry":{"type":"Point","coordinates":[-89.69385268363004,29.11862869052593]},"properties":{"category":"offshore_platform","score":0.9863502383232117}},{"type":"Feature","geometry":{"type":"Point","coordinates":[-75.37679481551434,39.305264153979365]},"properties":{"category":"offshore_platform","score":0.8866013288497925}},{"type":"Feature","geometry":{"type":"Point","coordinates":[-71.48005082257218,10.308479648424145]},"properties":{"category":"offshore_platform","score":0.9379953742027283}},{"type":"Feature","geometry":{"type":"Point","coordinates":[-71.59793950870522,10.043587478030865]},"properties":{"category":"offshore_platform","score":0.9585884809494019}},{"type":"Feature","geometry":{"type":"Point","coordinates":[-71.41304194835352,10.177091038209946]},"properties":{"category":"offshore_platform","score":0.9341080784797668}},{"type":"Feature","geometry":{"type":"Point","coordinates":[-2.8243019683780752,58.26071209301419]},"properties":{"category":"offshore_platform","score":0.9916886687278748}},{"type":"Feature","geometry":{"type":"Point","coordinates":[-2.5714883661348207,48.823474781728144]},"properties":{"category":"offshore_platform","score":0.92879718542099}},{"type":"Feature","geometry":{"type":"Point","coordinates":[-3.449426299324083,54.08073078405951]},"properties":{"category":"offshore_wind_turbine","score":0.9977607727050781}},{"type":"Feature","geometry":{"type":"Point","coordinates":[1.9190313962938184,51.91587569597032]},"properties":{"category":"offshore_wind_turbine","score":0.9983944296836853}},{"type":"Feature","geometry":{"type":"Point","coordinates":[0.308068257125959,53.64908170878142]},"properties":{"category":"offshore_wind_turbine","score":0.9990353584289551}},{"type":"Feature","geometry":{"type":"Point","coordinates":[-2.9111398805639372,58.09115684357294]},"properties":{"category":"offshore_platform","score":0.9833067059516907}},{"type":"Feature","geometry":{"type":"Point","coordinates":[2.2729302556370774,61.32746266068444]},"properties":{"category":"offshore_wind_turbine","score":0.9986158609390259}},{"type":"Feature","geometry":{"type":"Point","coordinates":[1.8823566975315817,51.90267001252527]},"properties":{"category":"offshore_wind_turbine","score":0.9989238381385803}},{"type":"Feature","geometry":{"type":"Point","coordinates":[3.0334476342485766,51.63500994304869]},"properties":{"category":"offshore_wind_turbine","score":0.9718243479728699}},{"type":"Feature","geometry":{"type":"Point","coordinates":[0.842015696026428,53.239056361843915]},"properties":{"category":"offshore_platform","score":0.950506865978241}},{"type":"Feature","geometry":{"type":"Point","coordinates":[5.597796911373646,52.782525739933305]},"properties":{"category":"offshore_wind_turbine","score":0.8578862547874451}},{"type":"Feature","geometry":{"type":"Point","coordinates":[7.684811619221301,54.491242683144336]},"properties":{"category":"offshore_wind_turbine","score":0.9967940449714661}},{"type":"Feature","geometry":{"type":"Point","coordinates":[1.7415803087789261,53.97736567036849]},"properties":{"category":"offshore_platform","score":0.9049444794654846}},{"type":"Feature","geometry":{"type":"Point","coordinates":[7.758865683869626,56.33340396842398]},"properties":{"category":"offshore_platform","score":0.9578099846839905}},{"type":"Feature","geometry":{"type":"Point","coordinates":[6.403638629439721,54.5102581282831]},"properties":{"category":"offshore_wind_turbine","score":0.9893547296524048}},{"type":"Feature","geometry":{"type":"Point","coordinates":[6.8446421372912765,53.99283585033824]},"properties":{"category":"offshore_platform","score":0.9154894948005676}},{"type":"Feature","geometry":{"type":"Point","coordinates":[7.746022456056941,54.401691813334054]},"properties":{"category":"offshore_wind_turbine","score":0.9955087900161743}},{"type":"Feature","geometry":{"type":"Point","coordinates":[13.694711432008766,54.81719725654795]},"properties":{"category":"offshore_wind_turbine","score":0.9617233872413635}},{"type":"Feature","geometry":{"type":"Point","coordinates":[7.773231878628596,54.97710581373584]},"properties":{"category":"offshore_wind_turbine","score":0.999076247215271}},{"type":"Feature","geometry":{"type":"Point","coordinates":[17.04231429441051,56.97010586496252]},"properties":{"category":"offshore_wind_turbine","score":0.9960902333259583}},{"type":"Feature","geometry":{"type":"Point","coordinates":[17.006242273820998,56.994490816187636]},"properties":{"category":"offshore_wind_turbine","score":0.9976296424865723}},{"type":"Feature","geometry":{"type":"Point","coordinates":[33.312354428701866,28.28341272900579]},"properties":{"category":"offshore_platform","score":0.9864833950996399}},{"type":"Feature","geometry":{"type":"Point","coordinates":[49.39913292526068,28.50984518743527]},"properties":{"category":"offshore_platform","score":0.9781825542449951}},{"type":"Feature","geometry":{"type":"Point","coordinates":[48.88108047909375,28.21027520148221]},"properties":{"category":"offshore_platform","score":0.958228349685669}},{"type":"Feature","geometry":{"type":"Point","coordinates":[49.45036215227843,28.306571410445123]},"properties":{"category":"offshore_platform","score":0.9905621409416199}},{"type":"Feature","geometry":{"type":"Point","coordinates":[50.79817604613961,40.26644567562518]},"properties":{"category":"offshore_platform","score":0.9628586173057556}},{"type":"Feature","geometry":{"type":"Point","coordinates":[53.76054514753655,24.858132251964367]},"properties":{"category":"offshore_platform","score":0.9940615296363831}},{"type":"Feature","geometry":{"type":"Point","coordinates":[53.28068590792345,25.20152283574177]},"properties":{"category":"offshore_platform","score":0.9879547357559204}},{"type":"Feature","geometry":{"type":"Point","coordinates":[71.99901273674828,19.27164142424156]},"properties":{"category":"offshore_platform","score":0.9519231915473938}},{"type":"Feature","geometry":{"type":"Point","coordinates":[100.15430331309764,24.83226380442506]},"properties":{"category":"offshore_platform","score":0.987989068031311}},{"type":"Feature","geometry":{"type":"Point","coordinates":[102.39368408799605,8.366866548828057]},"properties":{"category":"offshore_platform","score":0.9879959225654602}},{"type":"Feature","geometry":{"type":"Point","coordinates":[105.63199576117887,9.120075045441862]},"properties":{"category":"offshore_platform","score":0.9467115998268127}},{"type":"Feature","geometry":{"type":"Point","coordinates":[109.10522872618834,20.1101330470764]},"properties":{"category":"offshore_wind_turbine","score":0.9959355592727661}},{"type":"Feature","geometry":{"type":"Point","coordinates":[107.98638686563767,9.610918016872738]},"properties":{"category":"offshore_platform","score":0.9886078834533691}},{"type":"Feature","geometry":{"type":"Point","coordinates":[110.63037891346875,20.590831108712244]},"properties":{"category":"offshore_wind_turbine","score":0.9724171161651611}},{"type":"Feature","geometry":{"type":"Point","coordinates":[114.96176294324208,22.35160692225659]},"properties":{"category":"offshore_wind_turbine","score":0.9967516660690308}},{"type":"Feature","geometry":{"type":"Point","coordinates":[111.6641657453977,21.258015737689362]},"properties":{"category":"offshore_wind_turbine","score":0.9946690201759338}},{"type":"Feature","geometry":{"type":"Point","coordinates":[112.40460755333534,3.764007282029942]},"properties":{"category":"offshore_platform","score":0.982752799987793}},{"type":"Feature","geometry":{"type":"Point","coordinates":[118.11668568845305,2.0049713118516594]},"properties":{"category":"offshore_platform","score":0.9387840628623962}},{"type":"Feature","geometry":{"type":"Point","coordinates":[116.44730817500661,22.708902311636102]},"properties":{"category":"offshore_wind_turbine","score":0.977020800113678}},{"type":"Feature","geometry":{"type":"Point","coordinates":[118.27235672508849,4.2583216208121]},"properties":{"category":"offshore_platform","score":0.9311488270759583}},{"type":"Feature","geometry":{"type":"Point","coordinates":[120.97398221632884,27.25505034878142]},"properties":{"category":"offshore_wind_turbine","score":0.9322595000267029}},{"type":"Feature","geometry":{"type":"Point","coordinates":[116.87920819380845,6.706539614931085]},"properties":{"category":"offshore_platform","score":0.862138032913208}},{"type":"Feature","geometry":{"type":"Point","coordinates":[120.24590644700639,23.998606794180102]},"properties":{"category":"offshore_wind_turbine","score":0.9758769273757935}},{"type":"Feature","geometry":{"type":"Point","coordinates":[121.5430749092662,36.57306674306943]},"properties":{"category":"offshore_wind_turbine","score":0.9979504942893982}},{"type":"Feature","geometry":{"type":"Point","coordinates":[118.43049395275091,38.442200568844115]},"properties":{"category":"offshore_platform","score":0.9746208190917969}},{"type":"Feature","geometry":{"type":"Point","coordinates":[121.1988119467355,32.5579737911971]},"properties":{"category":"offshore_wind_turbine","score":0.9984734654426575}},{"type":"Feature","geometry":{"type":"Point","coordinates":[121.87694845634377,32.762237820435]},"properties":{"category":"offshore_wind_turbine","score":0.9980809688568115}},{"type":"Feature","geometry":{"type":"Point","coordinates":[120.94996600978263,33.40113036012061]},"properties":{"category":"offshore_wind_turbine","score":0.9958998560905457}},{"type":"Feature","geometry":{"type":"Point","coordinates":[120.99044463405,38.32302171264813]},"properties":{"category":"offshore_platform","score":0.9812033772468567}},{"type":"Feature","geometry":{"type":"Point","coordinates":[121.86054922126306,28.840114386320742]},"properties":{"category":"offshore_wind_turbine","score":0.9976657629013062}},{"type":"Feature","geometry":{"type":"Point","coordinates":[123.38065468640245,39.50021544666788]},"properties":{"category":"offshore_wind_turbine","score":0.9086400866508484}},{"type":"Feature","geometry":{"type":"Point","coordinates":[121.19662141293415,32.531276452299196]},"properties":{"category":"offshore_wind_turbine","score":0.9960585832595825}},{"type":"Feature","geometry":{"type":"Point","coordinates":[122.14808061852102,30.94096921123564]},"properties":{"category":"offshore_wind_turbine","score":0.99759441614151}},{"type":"Feature","geometry":{"type":"Point","coordinates":[121.30653410504216,33.3013096800414]},"properties":{"category":"offshore_wind_turbine","score":0.9628473520278931}},{"type":"Feature","geometry":{"type":"Point","coordinates":[121.37930257589613,33.00604157254504]},"properties":{"category":"offshore_wind_turbine","score":0.9922642707824707}},{"type":"Feature","geometry":{"type":"Point","coordinates":[121.84770831687172,32.82424942213161]},"properties":{"category":"offshore_wind_turbine","score":0.9967525005340576}},{"type":"Feature","geometry":{"type":"Point","coordinates":[123.38720692658856,39.429321964561794]},"properties":{"category":"offshore_platform","score":0.8676338195800781}},{"type":"Feature","geometry":{"type":"Point","coordinates":[-81.29847744691904,-4.282150610764142]},"properties":{"category":"offshore_platform","score":0.9888057708740234}},{"type":"Feature","geometry":{"type":"Point","coordinates":[-40.40867076672346,-20.985010349827736]},"properties":{"category":"offshore_platform","score":0.9867772459983826}},{"type":"Feature","geometry":{"type":"Point","coordinates":[11.881994457609752,-4.892900781088722]},"properties":{"category":"offshore_platform","score":0.9261637926101685}},{"type":"Feature","geometry":{"type":"Point","coordinates":[107.75515851100326,-6.065399772515096]},"properties":{"category":"offshore_platform","score":0.951693594455719}},{"type":"Feature","geometry":{"type":"Point","coordinates":[116.36080708407387,-3.2853588848925575]},"properties":{"category":"offshore_platform","score":0.9292132258415222}},{"type":"Feature","geometry":{"type":"Point","coordinates":[-90.40551072595069,41.56854166751108]},"properties":{"category":"offshore_platform","score":0.8983297944068909}},{"type":"Feature","geometry":{"type":"Point","coordinates":[24.674205107140875,36.99029256629859]},"properties":{"category":"offshore_platform","score":0.9534739851951599}},{"type":"Feature","geometry":{"type":"Point","coordinates":[73.80268984855906,16.426937852160737]},"properties":{"category":"offshore_platform","score":0.9458174109458923}},{"type":"Feature","geometry":{"type":"Point","coordinates":[106.45506411123911,-2.3054831705694028]},"properties":{"category":"offshore_platform","score":0.8689042925834656}},{"type":"Feature","geometry":{"type":"Point","coordinates":[126.13504790525486,34.68578598536593]},"properties":{"category":"offshore_platform","score":0.860537052154541}},{"type":"Feature","geometry":{"type":"Point","coordinates":[-43.612471473118525,82.61770905786571]},"properties":{"category":"offshore_platform","score":0.9014183282852173}},{"type":"Feature","geometry":{"type":"Point","coordinates":[104.68856678162034,0.10570189410772007]},"properties":{"category":"offshore_platform","score":0.8886178731918335}},{"type":"Feature","geometry":{"type":"Point","coordinates":[49.70004275875358,39.994438547225386]},"properties":{"category":"offshore_platform","score":0.9500398635864258}},{"type":"Feature","geometry":{"type":"Point","coordinates":[-103.14329816211537,71.57300967681435]},"properties":{"category":"offshore_wind_turbine","score":0.911375880241394}},{"type":"Feature","geometry":{"type":"Point","coordinates":[-120.16866313541915,34.37667369639904]},"properties":{"category":"offshore_platform","score":0.9925971031188965}},{"type":"Feature","geometry":{"type":"Point","coordinates":[-93.2857956523418,29.683588745262362]},"properties":{"category":"offshore_platform","score":0.9818654656410217}},{"type":"Feature","geometry":{"type":"Point","coordinates":[-92.30286783208666,19.412759884422428]},"properties":{"category":"offshore_platform","score":0.988558292388916}},{"type":"Feature","geometry":{"type":"Point","coordinates":[-89.00449641001933,29.404146121247475]},"properties":{"category":"offshore_platform","score":0.992233395576477}},{"type":"Feature","geometry":{"type":"Point","coordinates":[-89.51374917257968,29.419119858467944]},"properties":{"category":"offshore_platform","score":0.9804807305335999}},{"type":"Feature","geometry":{"type":"Point","coordinates":[-75.26849295916031,39.18217308765198]},"properties":{"category":"offshore_platform","score":0.9554513692855835}},{"type":"Feature","geometry":{"type":"Point","coordinates":[-71.44410678829003,10.19870116529016]},"properties":{"category":"offshore_platform","score":0.8512131571769714}},{"type":"Feature","geometry":{"type":"Point","coordinates":[-71.45244752574901,10.245203969849996]},"properties":{"category":"offshore_platform","score":0.8645576238632202}},{"type":"Feature","geometry":{"type":"Point","coordinates":[-61.89386888404372,10.238918467730318]},"properties":{"category":"offshore_platform","score":0.8600397706031799}},{"type":"Feature","geometry":{"type":"Point","coordinates":[-3.571508014425499,53.48500412559121]},"properties":{"category":"offshore_wind_turbine","score":0.9974967837333679}},{"type":"Feature","geometry":{"type":"Point","coordinates":[-2.9112017725682935,58.26349864126392]},"properties":{"category":"offshore_platform","score":0.96942138671875}},{"type":"Feature","geometry":{"type":"Point","coordinates":[-3.5457057827402663,54.04113461681423]},"properties":{"category":"offshore_wind_turbine","score":0.9963621497154236}},{"type":"Feature","geometry":{"type":"Point","coordinates":[-0.3616401693581825,50.67970601204529]},"properties":{"category":"offshore_wind_turbine","score":0.9461191892623901}},{"type":"Feature","geometry":{"type":"Point","coordinates":[1.998445515221689,51.801964084182295]},"properties":{"category":"offshore_wind_turbine","score":0.9978391528129578}},{"type":"Feature","geometry":{"type":"Point","coordinates":[0.8111267849383206,53.32836425592297]},"properties":{"category":"offshore_platform","score":0.9098102450370789}},{"type":"Feature","geometry":{"type":"Point","coordinates":[-2.8158738529336236,58.17678926296982]},"properties":{"category":"offshore_platform","score":0.9272760152816772}},{"type":"Feature","geometry":{"type":"Point","coordinates":[2.5552936610436787,58.83642331213008]},"properties":{"category":"offshore_platform","score":0.971487283706665}},{"type":"Feature","geometry":{"type":"Point","coordinates":[1.9940425227218355,51.80866639741323]},"properties":{"category":"offshore_wind_turbine","score":0.9987388253211975}},{"type":"Feature","geometry":{"type":"Point","coordinates":[4.146140925831004,52.3922000782665]},"properties":{"category":"offshore_wind_turbine","score":0.9986826777458191}},{"type":"Feature","geometry":{"type":"Point","coordinates":[2.148681123030459,54.82948556437246]},"properties":{"category":"offshore_platform","score":0.9728136658668518}},{"type":"Feature","geometry":{"type":"Point","coordinates":[6.822773252004736,3.1409314564755593]},"properties":{"category":"offshore_platform","score":0.9714970588684082}},{"type":"Feature","geometry":{"type":"Point","coordinates":[5.605858734268541,52.79045664573198]},"properties":{"category":"offshore_wind_turbine","score":0.9974285960197449}},{"type":"Feature","geometry":{"type":"Point","coordinates":[6.235865891734992,54.357095509805916]},"properties":{"category":"offshore_platform","score":0.9782966375350952}},{"type":"Feature","geometry":{"type":"Point","coordinates":[6.550399704494675,64.99399512244209]},"properties":{"category":"offshore_platform","score":0.9969774484634399}},{"type":"Feature","geometry":{"type":"Point","coordinates":[6.477566125743625,53.69810473260338]},"properties":{"category":"offshore_wind_turbine","score":0.9875404238700867}},{"type":"Feature","geometry":{"type":"Point","coordinates":[7.799851373629312,54.9855108813285]},"properties":{"category":"offshore_wind_turbine","score":0.9983435869216919}},{"type":"Feature","geometry":{"type":"Point","coordinates":[13.158169237522696,54.96741838942227]},"properties":{"category":"offshore_wind_turbine","score":0.9984151124954224}},{"type":"Feature","geometry":{"type":"Point","coordinates":[7.653840450524141,54.53880828783215]},"properties":{"category":"offshore_wind_turbine","score":0.9978711605072021}},{"type":"Feature","geometry":{"type":"Point","coordinates":[12.768877937094834,55.50056979325709]},"properties":{"category":"offshore_wind_turbine","score":0.9977052807807922}},{"type":"Feature","geometry":{"type":"Point","coordinates":[27.350117482351624,37.28383781560848]},"properties":{"category":"offshore_platform","score":0.8940198421478271}},{"type":"Feature","geometry":{"type":"Point","coordinates":[33.07149971363237,-0.3413233910051073]},"properties":{"category":"offshore_platform","score":0.8507234454154968}},{"type":"Feature","geometry":{"type":"Point","coordinates":[49.00552142451217,28.498197548626642]},"properties":{"category":"offshore_platform","score":0.9168182015419006}},{"type":"Feature","geometry":{"type":"Point","coordinates":[52.37967096083067,25.457587368857663]},"properties":{"category":"offshore_platform","score":0.9467149376869202}},{"type":"Feature","geometry":{"type":"Point","coordinates":[50.56175146865412,26.9872409409746]},"properties":{"category":"offshore_platform","score":0.9967922568321228}},{"type":"Feature","geometry":{"type":"Point","coordinates":[52.61115882091132,25.114566910196658]},"properties":{"category":"offshore_platform","score":0.9942712783813477}},{"type":"Feature","geometry":{"type":"Point","coordinates":[52.800993345485466,39.44143516395593]},"properties":{"category":"offshore_platform","score":0.9841327667236328}},{"type":"Feature","geometry":{"type":"Point","coordinates":[70.10357833224802,22.887048220186283]},"properties":{"category":"offshore_platform","score":0.9056025147438049}},{"type":"Feature","geometry":{"type":"Point","coordinates":[78.65293545727992,16.53326552456207]},"properties":{"category":"offshore_platform","score":0.9753252863883972}},{"type":"Feature","geometry":{"type":"Point","coordinates":[102.45845954293718,8.339766257711783]},"properties":{"category":"offshore_platform","score":0.9530744552612305}},{"type":"Feature","geometry":{"type":"Point","coordinates":[104.18294213097612,10.129151148598549]},"properties":{"category":"offshore_platform","score":0.9691948294639587}},{"type":"Feature","geometry":{"type":"Point","coordinates":[103.46398838474664,7.336989785691966]},"properties":{"category":"offshore_platform","score":0.9734896421432495}},{"type":"Feature","geometry":{"type":"Point","coordinates":[106.47801885897073,9.52918992085172]},"properties":{"category":"offshore_wind_turbine","score":0.9768934845924377}},{"type":"Feature","geometry":{"type":"Point","coordinates":[109.13326966608285,20.084512124514916]},"properties":{"category":"offshore_wind_turbine","score":0.9901803731918335}},{"type":"Feature","geometry":{"type":"Point","coordinates":[112.35629225442234,4.134187927487813]},"properties":{"category":"offshore_platform","score":0.9919820427894592}},{"type":"Feature","geometry":{"type":"Point","coordinates":[111.62148738693693,21.370729941671243]},"properties":{"category":"offshore_wind_turbine","score":0.998396098613739}},{"type":"Feature","geometry":{"type":"Point","coordinates":[111.6636458566881,20.923973297297273]},"properties":{"category":"offshore_wind_turbine","score":0.9957705140113831}},{"type":"Feature","geometry":{"type":"Point","coordinates":[115.00513050376956,22.290999272966356]},"properties":{"category":"offshore_wind_turbine","score":0.9983715415000916}},{"type":"Feature","geometry":{"type":"Point","coordinates":[116.23773925172115,22.670139065407696]},"properties":{"category":"offshore_wind_turbine","score":0.996275782585144}},{"type":"Feature","geometry":{"type":"Point","coordinates":[117.80982950260879,-0.768208049745541]},"properties":{"category":"offshore_platform","score":0.9116584658622742}},{"type":"Feature","geometry":{"type":"Point","coordinates":[121.7092666928831,32.36847744945041]},"properties":{"category":"offshore_wind_turbine","score":0.9979867935180664}},{"type":"Feature","geometry":{"type":"Point","coordinates":[119.39758253220192,25.41255412611276]},"properties":{"category":"offshore_platform","score":0.8736698031425476}},{"type":"Feature","geometry":{"type":"Point","coordinates":[120.82825360705108,24.72766233338479]},"properties":{"category":"offshore_wind_turbine","score":0.9979019165039062}},{"type":"Feature","geometry":{"type":"Point","coordinates":[121.38468733968077,36.4427645636661]},"properties":{"category":"offshore_wind_turbine","score":0.9942346215248108}},{"type":"Feature","geometry":{"type":"Point","coordinates":[120.57348644023243,34.2790619875881]},"properties":{"category":"offshore_wind_turbine","score":0.9830483198165894}},{"type":"Feature","geometry":{"type":"Point","coordinates":[121.36632494229956,32.912013148028926]},"properties":{"category":"offshore_wind_turbine","score":0.982771098613739}},{"type":"Feature","geometry":{"type":"Point","coordinates":[121.77323271111891,32.70402596802869]},"properties":{"category":"offshore_wind_turbine","score":0.9986440539360046}},{"type":"Feature","geometry":{"type":"Point","coordinates":[120.98413982829668,33.50697277726218]},"properties":{"category":"offshore_wind_turbine","score":0.9170822501182556}},{"type":"Feature","geometry":{"type":"Point","coordinates":[119.03411677746256,25.21086568983148]},"properties":{"category":"offshore_platform","score":0.9411406517028809}},{"type":"Feature","geometry":{"type":"Point","coordinates":[121.85163642452429,28.822125141095004]},"properties":{"category":"offshore_wind_turbine","score":0.9989359974861145}},{"type":"Feature","geometry":{"type":"Point","coordinates":[123.46963610094977,39.44058108584411]},"properties":{"category":"offshore_wind_turbine","score":0.9984484910964966}},{"type":"Feature","geometry":{"type":"Point","coordinates":[122.05299279202032,32.130446099815984]},"properties":{"category":"offshore_platform","score":0.9434552788734436}},{"type":"Feature","geometry":{"type":"Point","coordinates":[121.27420301863191,33.29104862681238]},"properties":{"category":"offshore_wind_turbine","score":0.9933308959007263}},{"type":"Feature","geometry":{"type":"Point","coordinates":[121.62003580710353,33.33723843529766]},"properties":{"category":"offshore_wind_turbine","score":0.9925730228424072}},{"type":"Feature","geometry":{"type":"Point","coordinates":[121.82689457115977,32.630984441621564]},"properties":{"category":"offshore_wind_turbine","score":0.9702014327049255}},{"type":"Feature","geometry":{"type":"Point","coordinates":[-128.57885285476374,-73.06735071778186]},"properties":{"category":"offshore_wind_turbine","score":0.9204318523406982}},{"type":"Feature","geometry":{"type":"Point","coordinates":[-74.01724871235254,-45.2112230574504]},"properties":{"category":"offshore_platform","score":0.9787243008613586}},{"type":"Feature","geometry":{"type":"Point","coordinates":[8.715168712265141,-0.9331357278730122]},"properties":{"category":"offshore_platform","score":0.9680179357528687}},{"type":"Feature","geometry":{"type":"Point","coordinates":[105.9736498091987,-5.009252887759917]},"properties":{"category":"offshore_platform","score":0.8604167103767395}},{"type":"Feature","geometry":{"type":"Point","coordinates":[116.30067977395862,-3.259178979092792]},"properties":{"category":"offshore_platform","score":0.884838342666626}},{"type":"Feature","geometry":{"type":"Point","coordinates":[-95.5095582376466,66.93855190505069]},"properties":{"category":"offshore_platform","score":0.868898332118988}},{"type":"Feature","geometry":{"type":"Point","coordinates":[-76.67293286637853,38.54593130272574]},"properties":{"category":"offshore_platform","score":0.9893906712532043}},{"type":"Feature","geometry":{"type":"Point","coordinates":[33.15083450814354,28.593420496650115]},"properties":{"category":"offshore_platform","score":0.9321841597557068}},{"type":"Feature","geometry":{"type":"Point","coordinates":[81.20579873494499,24.247277520102426]},"properties":{"category":"offshore_platform","score":0.9644280672073364}},{"type":"Feature","geometry":{"type":"Point","coordinates":[119.70234688863393,37.55392937830994]},"properties":{"category":"offshore_platform","score":0.9204939007759094}},{"type":"Feature","geometry":{"type":"Point","coordinates":[116.32884743579969,-3.2360406579688203]},"properties":{"category":"offshore_platform","score":0.9177619814872742}},{"type":"Feature","geometry":{"type":"Point","coordinates":[6.64730792745165,43.16632487118077]},"properties":{"category":"offshore_platform","score":0.8901578187942505}},{"type":"Feature","geometry":{"type":"Point","coordinates":[-109.30694470342091,67.79882565020108]},"properties":{"category":"offshore_platform","score":0.9550750851631165}},{"type":"Feature","geometry":{"type":"Point","coordinates":[3.4586867665232557,56.176057835415165]},"properties":{"category":"offshore_platform","score":0.9914051294326782}},{"type":"Feature","geometry":{"type":"Point","coordinates":[3.7586975088168044,52.4063117739188]},"properties":{"category":"offshore_platform","score":0.9383501410484314}},{"type":"Feature","geometry":{"type":"Point","coordinates":[-99.85554023323114,54.797771691484726]},"properties":{"category":"offshore_platform","score":0.9717841744422913}},{"type":"Feature","geometry":{"type":"Point","coordinates":[-92.27254501197912,19.59192506957731]},"properties":{"category":"offshore_platform","score":0.9909949898719788}},{"type":"Feature","geometry":{"type":"Point","coordinates":[-89.40619499595103,28.831150027381224]},"properties":{"category":"offshore_platform","score":0.9948674440383911}},{"type":"Feature","geometry":{"type":"Point","coordinates":[-88.73694770842205,29.18351532193527]},"properties":{"category":"offshore_platform","score":0.994309663772583}},{"type":"Feature","geometry":{"type":"Point","coordinates":[-71.50755522579396,41.12567852628372]},"properties":{"category":"offshore_platform","score":0.9812526106834412}},{"type":"Feature","geometry":{"type":"Point","coordinates":[-71.22034550723401,9.842260657394398]},"properties":{"category":"offshore_wind_turbine","score":0.9656538367271423}},{"type":"Feature","geometry":{"type":"Point","coordinates":[-71.45198255725299,10.289873250843462]},"properties":{"category":"offshore_platform","score":0.9594070315361023}},{"type":"Feature","geometry":{"type":"Point","coordinates":[-70.86076022219561,41.13123820891774]},"properties":{"category":"offshore_platform","score":0.9049850702285767}},{"type":"Feature","geometry":{"type":"Point","coordinates":[-2.859410297989618,58.31206765923965]},"properties":{"category":"offshore_platform","score":0.9877516031265259}},{"type":"Feature","geometry":{"type":"Point","coordinates":[-2.5535488542723743,46.914026999438576]},"properties":{"category":"offshore_platform","score":0.9867846369743347}},{"type":"Feature","geometry":{"type":"Point","coordinates":[-3.611959944070381,54.04614805604431]},"properties":{"category":"offshore_wind_turbine","score":0.895020067691803}},{"type":"Feature","geometry":{"type":"Point","coordinates":[0.43266941310983115,53.16947658533023]},"properties":{"category":"offshore_wind_turbine","score":0.9990429282188416}},{"type":"Feature","geometry":{"type":"Point","coordinates":[2.025407564617847,51.75767317567999]},"properties":{"category":"offshore_platform","score":0.8634396195411682}},{"type":"Feature","geometry":{"type":"Point","coordinates":[0.9361238209400752,53.62714911667795]},"properties":{"category":"offshore_platform","score":0.9911099672317505}},{"type":"Feature","geometry":{"type":"Point","coordinates":[0.27925832546145796,49.91259683931727]},"properties":{"category":"offshore_wind_turbine","score":0.9735220670700073}},{"type":"Feature","geometry":{"type":"Point","coordinates":[1.0555992950361703,51.45072861153921]},"properties":{"category":"offshore_wind_turbine","score":0.9989511966705322}},{"type":"Feature","geometry":{"type":"Point","coordinates":[2.088147797756767,51.931029955540204]},"properties":{"category":"offshore_platform","score":0.9559595584869385}},{"type":"Feature","geometry":{"type":"Point","coordinates":[4.203515031902968,52.591429393709284]},"properties":{"category":"offshore_wind_turbine","score":0.9948983788490295}},{"type":"Feature","geometry":{"type":"Point","coordinates":[1.6875214718188432,55.0685076946019]},"properties":{"category":"offshore_platform","score":0.9000660181045532}},{"type":"Feature","geometry":{"type":"Point","coordinates":[4.815454452175007,5.498596358871437]},"properties":{"category":"offshore_platform","score":0.98191237449646}},{"type":"Feature","geometry":{"type":"Point","coordinates":[7.601263550046488,55.59061156011037]},"properties":{"category":"offshore_wind_turbine","score":0.9875079989433289}},{"type":"Feature","geometry":{"type":"Point","coordinates":[4.239880204710537,52.665979992755496]},"properties":{"category":"offshore_platform","score":0.9151102304458618}},{"type":"Feature","geometry":{"type":"Point","coordinates":[5.994833345406709,54.3225194713181]},"properties":{"category":"offshore_wind_turbine","score":0.9918870329856873}},{"type":"Feature","geometry":{"type":"Point","coordinates":[11.213865479573304,56.53765942309999]},"properties":{"category":"offshore_wind_turbine","score":0.9983512163162231}},{"type":"Feature","geometry":{"type":"Point","coordinates":[6.462148397621279,54.00006789420625]},"properties":{"category":"offshore_wind_turbine","score":0.9981334805488586}},{"type":"Feature","geometry":{"type":"Point","coordinates":[7.714324757021547,55.68299616876835]},"properties":{"category":"offshore_wind_turbine","score":0.9955188035964966}},{"type":"Feature","geometry":{"type":"Point","coordinates":[12.682843991558476,33.751263515526595]},"properties":{"category":"offshore_platform","score":0.9849339723587036}},{"type":"Feature","geometry":{"type":"Point","coordinates":[7.244120752439464,55.08164854573366]},"properties":{"category":"offshore_wind_turbine","score":0.9989701509475708}},{"type":"Feature","geometry":{"type":"Point","coordinates":[11.591026551895748,54.546521938776316]},"properties":{"category":"offshore_wind_turbine","score":0.9982120990753174}},{"type":"Feature","geometry":{"type":"Point","coordinates":[14.035763525841421,54.84836625970503]},"properties":{"category":"offshore_wind_turbine","score":0.9792056679725647}},{"type":"Feature","geometry":{"type":"Point","coordinates":[32.57847259408816,31.495088440474852]},"properties":{"category":"offshore_platform","score":0.9877443909645081}},{"type":"Feature","geometry":{"type":"Point","coordinates":[41.02232963523297,19.249007860049442]},"properties":{"category":"offshore_platform","score":0.9235883951187134}},{"type":"Feature","geometry":{"type":"Point","coordinates":[49.000283009250545,28.510272281253172]},"properties":{"category":"offshore_platform","score":0.9809927344322205}},{"type":"Feature","geometry":{"type":"Point","coordinates":[52.37229942218923,25.495747441290746]},"properties":{"category":"offshore_platform","score":0.996914267539978}},{"type":"Feature","geometry":{"type":"Point","coordinates":[49.52139904234871,40.19445974090595]},"properties":{"category":"offshore_platform","score":0.974862277507782}},{"type":"Feature","geometry":{"type":"Point","coordinates":[53.22610236845826,25.189673618722868]},"properties":{"category":"offshore_platform","score":0.9881334900856018}},{"type":"Feature","geometry":{"type":"Point","coordinates":[51.992478884819455,26.476851685630646]},"properties":{"category":"offshore_platform","score":0.9529992341995239}},{"type":"Feature","geometry":{"type":"Point","coordinates":[56.20298233631435,26.87964853415711]},"properties":{"category":"offshore_platform","score":0.9123063087463379}},{"type":"Feature","geometry":{"type":"Point","coordinates":[72.24033471360181,18.582920137590545]},"properties":{"category":"offshore_platform","score":0.9904888868331909}},{"type":"Feature","geometry":{"type":"Point","coordinates":[101.75251921400177,8.713774586227306]},"properties":{"category":"offshore_platform","score":0.9895171523094177}},{"type":"Feature","geometry":{"type":"Point","coordinates":[104.47008826647121,10.243565915377888]},"properties":{"category":"offshore_platform","score":0.961263120174408}},{"type":"Feature","geometry":{"type":"Point","coordinates":[105.01810328736681,5.629875957021538]},"properties":{"category":"offshore_platform","score":0.9850303530693054}},{"type":"Feature","geometry":{"type":"Point","coordinates":[106.8760295635801,10.176244779696237]},"properties":{"category":"offshore_wind_turbine","score":0.9927581548690796}},{"type":"Feature","geometry":{"type":"Point","coordinates":[110.62026941295818,20.601422981930074]},"properties":{"category":"offshore_wind_turbine","score":0.9985573887825012}},{"type":"Feature","geometry":{"type":"Point","coordinates":[111.45410386907184,21.292422818862416]},"properties":{"category":"offshore_wind_turbine","score":0.8516727685928345}},{"type":"Feature","geometry":{"type":"Point","coordinates":[111.66359642218703,21.108292666241187]},"properties":{"category":"offshore_platform","score":0.9620388150215149}},{"type":"Feature","geometry":{"type":"Point","coordinates":[113.47077310995162,21.89405820974191]},"properties":{"category":"offshore_wind_turbine","score":0.9401251673698425}},{"type":"Feature","geometry":{"type":"Point","coordinates":[118.63905017173002,38.26610498468774]},"properties":{"category":"offshore_wind_turbine","score":0.9639884233474731}},{"type":"Feature","geometry":{"type":"Point","coordinates":[117.08323198965539,23.281467207673305]},"properties":{"category":"offshore_wind_turbine","score":0.9975723624229431}},{"type":"Feature","geometry":{"type":"Point","coordinates":[121.49996993271267,30.625288688135274]},"properties":{"category":"offshore_platform","score":0.9502006769180298}},{"type":"Feature","geometry":{"type":"Point","coordinates":[118.58916009516516,26.420092989908646]},"properties":{"category":"offshore_platform","score":0.9057437181472778}},{"type":"Feature","geometry":{"type":"Point","coordinates":[120.00501268605129,25.818402331949212]},"properties":{"category":"offshore_platform","score":0.9125807285308838}},{"type":"Feature","geometry":{"type":"Point","coordinates":[121.61037286696116,36.57791821090157]},"properties":{"category":"offshore_wind_turbine","score":0.9938691854476929}},{"type":"Feature","geometry":{"type":"Point","coordinates":[121.04941767635555,33.31496618695968]},"properties":{"category":"offshore_wind_turbine","score":0.9539896249771118}},{"type":"Feature","geometry":{"type":"Point","coordinates":[121.46689585693305,32.71238862099467]},"properties":{"category":"offshore_wind_turbine","score":0.9982530474662781}},{"type":"Feature","geometry":{"type":"Point","coordinates":[120.07983855147809,34.50227454844605]},"properties":{"category":"offshore_wind_turbine","score":0.9972112774848938}},{"type":"Feature","geometry":{"type":"Point","coordinates":[121.11103912848809,32.65023776467834]},"properties":{"category":"offshore_wind_turbine","score":0.9692230224609375}},{"type":"Feature","geometry":{"type":"Point","coordinates":[120.01163936417771,25.818037595593236]},"properties":{"category":"offshore_platform","score":0.956631064414978}},{"type":"Feature","geometry":{"type":"Point","coordinates":[123.33286623435654,39.52364769953667]},"properties":{"category":"offshore_wind_turbine","score":0.9991605281829834}},{"type":"Feature","geometry":{"type":"Point","coordinates":[121.16631992306004,32.542830054014026]},"properties":{"category":"offshore_wind_turbine","score":0.9922885298728943}},{"type":"Feature","geometry":{"type":"Point","coordinates":[122.18184900614693,32.07887388107281]},"properties":{"category":"offshore_wind_turbine","score":0.9766426086425781}},{"type":"Feature","geometry":{"type":"Point","coordinates":[121.29740264256328,33.29074113460736]},"properties":{"category":"offshore_wind_turbine","score":0.9751876592636108}},{"type":"Feature","geometry":{"type":"Point","coordinates":[121.50264992496251,32.83221742773324]},"properties":{"category":"offshore_wind_turbine","score":0.9810003042221069}},{"type":"Feature","geometry":{"type":"Point","coordinates":[121.95522177552719,32.759512555474224]},"properties":{"category":"offshore_wind_turbine","score":0.9806883335113525}},{"type":"Feature","geometry":{"type":"Point","coordinates":[132.95771206375926,-2.3253742020774406]},"properties":{"category":"offshore_platform","score":0.859424352645874}},{"type":"Feature","geometry":{"type":"Point","coordinates":[-73.04522543280589,-45.414964979717645]},"properties":{"category":"offshore_platform","score":0.8559310436248779}},{"type":"Feature","geometry":{"type":"Point","coordinates":[-39.02301297882156,-3.0350401910021225]},"properties":{"category":"offshore_platform","score":0.9520336985588074}},{"type":"Feature","geometry":{"type":"Point","coordinates":[105.96450479528048,-4.988491745708094]},"properties":{"category":"offshore_platform","score":0.8866100907325745}},{"type":"Feature","geometry":{"type":"Point","coordinates":[117.65603644429872,-0.1530400527519656]},"properties":{"category":"offshore_platform","score":0.9669504165649414}},{"type":"Feature","geometry":{"type":"Point","coordinates":[175.97518982696042,-37.50044207293224]},"properties":{"category":"offshore_platform","score":0.9808505773544312}},{"type":"Feature","geometry":{"type":"Point","coordinates":[-87.58911388003386,15.025251809072333]},"properties":{"category":"offshore_platform","score":0.9305156469345093}},{"type":"Feature","geometry":{"type":"Point","coordinates":[-70.75007036093278,19.293309739252873]},"properties":{"category":"offshore_platform","score":0.9979264736175537}},{"type":"Feature","geometry":{"type":"Point","coordinates":[33.178699965271015,28.579328274988868]},"properties":{"category":"offshore_platform","score":0.9657726883888245}},{"type":"Feature","geometry":{"type":"Point","coordinates":[95.4503641525163,37.53365887910663]},"properties":{"category":"offshore_platform","score":0.9164842963218689}},{"type":"Feature","geometry":{"type":"Point","coordinates":[121.86917538253324,30.10101206007291]},"properties":{"category":"offshore_platform","score":0.9895548820495605}},{"type":"Feature","geometry":{"type":"Point","coordinates":[-71.06254379277532,66.9121041735657]},"properties":{"category":"offshore_platform","score":0.9593784213066101}},{"type":"Feature","geometry":{"type":"Point","coordinates":[124.99138038217767,11.62030900773344]},"properties":{"category":"offshore_platform","score":0.9098859429359436}},{"type":"Feature","geometry":{"type":"Point","coordinates":[101.2947704471503,9.147497192242897]},"properties":{"category":"offshore_platform","score":0.9846938848495483}},{"type":"Feature","geometry":{"type":"Point","coordinates":[-77.91436205662,73.208356790469]},"properties":{"category":"offshore_platform","score":0.867544949054718}},{"type":"Feature","geometry":{"type":"Point","coordinates":[-98.60754465338778,59.2604047215703]},"properties":{"category":"offshore_platform","score":0.9679415225982666}},{"type":"Feature","geometry":{"type":"Point","coordinates":[-91.6330225336589,29.461293413268788]},"properties":{"category":"offshore_platform","score":0.9820950627326965}},{"type":"Feature","geometry":{"type":"Point","coordinates":[-90.86615655494359,28.421888143886974]},"properties":{"category":"offshore_platform","score":0.9869058728218079}},{"type":"Feature","geometry":{"type":"Point","coordinates":[-91.01004871250129,28.570929254231157]},"properties":{"category":"offshore_platform","score":0.898945689201355}},{"type":"Feature","geometry":{"type":"Point","coordinates":[-88.1676012636639,29.18199349387694]},"properties":{"category":"offshore_platform","score":0.9907222986221313}},{"type":"Feature","geometry":{"type":"Point","coordinates":[-71.14966671229415,41.192882527740494]},"properties":{"category":"offshore_platform","score":0.9365801811218262}},{"type":"Feature","geometry":{"type":"Point","coordinates":[-71.42371330010795,10.085854201797073]},"properties":{"category":"offshore_platform","score":0.9719399809837341}},{"type":"Feature","geometry":{"type":"Point","coordinates":[-71.46061921517736,10.32506525916881]},"properties":{"category":"offshore_platform","score":0.970666229724884}},{"type":"Feature","geometry":{"type":"Point","coordinates":[-71.2228200387881,9.816498922104902]},"properties":{"category":"offshore_platform","score":0.9651237726211548}},{"type":"Feature","geometry":{"type":"Point","coordinates":[-2.4931524039306843,48.80688403796086]},"properties":{"category":"offshore_wind_turbine","score":0.9964426159858704}},{"type":"Feature","geometry":{"type":"Point","coordinates":[-2.588298739687946,47.12743978101023]},"properties":{"category":"offshore_wind_turbine","score":0.9661791324615479}},{"type":"Feature","geometry":{"type":"Point","coordinates":[-3.8268136871599405,54.14602703559519]},"properties":{"category":"offshore_wind_turbine","score":0.9982607960700989}},{"type":"Feature","geometry":{"type":"Point","coordinates":[-2.6912074414319194,43.50236185039574]},"properties":{"category":"offshore_platform","score":0.9944735169410706}},{"type":"Feature","geometry":{"type":"Point","coordinates":[2.0133980122475017,51.794178012438074]},"properties":{"category":"offshore_platform","score":0.9622345566749573}},{"type":"Feature","geometry":{"type":"Point","coordinates":[1.3525396012200654,53.30947317132558]},"properties":{"category":"offshore_platform","score":0.8892026543617249}},{"type":"Feature","geometry":{"type":"Point","coordinates":[-2.231001477586056,56.31725980991247]},"properties":{"category":"offshore_platform","score":0.9892697930335999}},{"type":"Feature","geometry":{"type":"Point","coordinates":[-3.4231578325454954,53.41613091333439]},"properties":{"category":"offshore_wind_turbine","score":0.9988662004470825}},{"type":"Feature","geometry":{"type":"Point","coordinates":[1.4647320158384707,51.610502405226825]},"properties":{"category":"offshore_wind_turbine","score":0.9969468712806702}},{"type":"Feature","geometry":{"type":"Point","coordinates":[3.040096751328698,51.775788920469246]},"properties":{"category":"offshore_wind_turbine","score":0.9957245588302612}},{"type":"Feature","geometry":{"type":"Point","coordinates":[0.8420532950750719,53.53399286009328]},"properties":{"category":"offshore_platform","score":0.9411392211914062}},{"type":"Feature","geometry":{"type":"Point","coordinates":[5.137847347006045,5.4668836117585045]},"properties":{"category":"offshore_platform","score":0.8948904275894165}},{"type":"Feature","geometry":{"type":"Point","coordinates":[2.4868493064054147,52.16488379833088]},"properties":{"category":"offshore_platform","score":0.9789431691169739}},{"type":"Feature","geometry":{"type":"Point","coordinates":[2.2588888366736093,54.95785681988264]},"properties":{"category":"offshore_platform","score":0.9727953672409058}},{"type":"Feature","geometry":{"type":"Point","coordinates":[6.27791468262694,54.44830624104187]},"properties":{"category":"offshore_platform","score":0.8799528479576111}},{"type":"Feature","geometry":{"type":"Point","coordinates":[8.193733022319366,4.186321370187157]},"properties":{"category":"offshore_platform","score":0.9709433913230896}},{"type":"Feature","geometry":{"type":"Point","coordinates":[6.539480508916064,53.93159730909603]},"properties":{"category":"offshore_wind_turbine","score":0.9991214871406555}},{"type":"Feature","geometry":{"type":"Point","coordinates":[7.827710409824642,55.48373387835474]},"properties":{"category":"offshore_wind_turbine","score":0.9922892451286316}},{"type":"Feature","geometry":{"type":"Point","coordinates":[11.706797202915524,54.565378024961525]},"properties":{"category":"offshore_wind_turbine","score":0.9988656044006348}},{"type":"Feature","geometry":{"type":"Point","coordinates":[7.580026423273377,55.57243955883786]},"properties":{"category":"offshore_wind_turbine","score":0.9953339695930481}},{"type":"Feature","geometry":{"type":"Point","coordinates":[12.540135782020434,56.15027177760663]},"properties":{"category":"offshore_platform","score":0.9278386831283569}},{"type":"Feature","geometry":{"type":"Point","coordinates":[22.93961412762631,39.29404097430027]},"properties":{"category":"offshore_platform","score":0.9439916610717773}},{"type":"Feature","geometry":{"type":"Point","coordinates":[48.8036383567958,29.78717840857289]},"properties":{"category":"offshore_platform","score":0.9544652700424194}},{"type":"Feature","geometry":{"type":"Point","coordinates":[48.78652544374854,28.10593628661823]},"properties":{"category":"offshore_platform","score":0.9948620200157166}},{"type":"Feature","geometry":{"type":"Point","coordinates":[49.296895339521406,28.395794154480253]},"properties":{"category":"offshore_platform","score":0.9900471568107605}},{"type":"Feature","geometry":{"type":"Point","coordinates":[49.798218014383885,39.86685941531101]},"properties":{"category":"offshore_platform","score":0.9772664308547974}},{"type":"Feature","geometry":{"type":"Point","coordinates":[53.66874128127345,24.802544365668403]},"properties":{"category":"offshore_platform","score":0.988953709602356}},{"type":"Feature","geometry":{"type":"Point","coordinates":[53.68891525728445,24.806600291360102]},"properties":{"category":"offshore_platform","score":0.9924476146697998}},{"type":"Feature","geometry":{"type":"Point","coordinates":[71.48270897562557,19.27173621451348]},"properties":{"category":"offshore_platform","score":0.9798491597175598}},{"type":"Feature","geometry":{"type":"Point","coordinates":[101.501742364472,9.082552486153597]},"properties":{"category":"offshore_platform","score":0.9089160561561584}},{"type":"Feature","geometry":{"type":"Point","coordinates":[105.43109432391107,8.94939923349723]},"properties":{"category":"offshore_wind_turbine","score":0.9984844326972961}},{"type":"Feature","geometry":{"type":"Point","coordinates":[109.1204236545626,20.14536532061681]},"properties":{"category":"offshore_platform","score":0.8746216297149658}},{"type":"Feature","geometry":{"type":"Point","coordinates":[107.61973871759169,18.489566933342026]},"properties":{"category":"offshore_platform","score":0.9883914589881897}},{"type":"Feature","geometry":{"type":"Point","coordinates":[109.91215015826613,7.5072335847747995]},"properties":{"category":"offshore_platform","score":0.9168583750724792}},{"type":"Feature","geometry":{"type":"Point","coordinates":[111.52350329855233,21.26857283014333]},"properties":{"category":"offshore_wind_turbine","score":0.9983335137367249}},{"type":"Feature","geometry":{"type":"Point","coordinates":[112.25271768446746,21.10391391858824]},"properties":{"category":"offshore_platform","score":0.9619532227516174}},{"type":"Feature","geometry":{"type":"Point","coordinates":[117.8732344035748,2.6020394116351997]},"properties":{"category":"offshore_platform","score":0.8636537194252014}},{"type":"Feature","geometry":{"type":"Point","coordinates":[116.33872846532662,22.654253847465597]},"properties":{"category":"offshore_wind_turbine","score":0.8984878659248352}},{"type":"Feature","geometry":{"type":"Point","coordinates":[122.38877274963163,39.1910165286279]},"properties":{"category":"offshore_platform","score":0.965035617351532}},{"type":"Feature","geometry":{"type":"Point","coordinates":[116.89406190856496,6.728715471946136]},"properties":{"category":"offshore_platform","score":0.9431618452072144}},{"type":"Feature","geometry":{"type":"Point","coordinates":[119.98562025150638,24.18029566655752]},"properties":{"category":"offshore_platform","score":0.9556308388710022}},{"type":"Feature","geometry":{"type":"Point","coordinates":[119.47568784312759,37.26730590498563]},"properties":{"category":"offshore_wind_turbine","score":0.9763327240943909}},{"type":"Feature","geometry":{"type":"Point","coordinates":[120.61898136043969,34.31890375264361]},"properties":{"category":"offshore_wind_turbine","score":0.9980611205101013}},{"type":"Feature","geometry":{"type":"Point","coordinates":[121.34723996877123,32.97325418621727]},"properties":{"category":"offshore_wind_turbine","score":0.9573665857315063}},{"type":"Feature","geometry":{"type":"Point","coordinates":[121.97628884120851,32.661188548170294]},"properties":{"category":"offshore_wind_turbine","score":0.9959456324577332}},{"type":"Feature","geometry":{"type":"Point","coordinates":[118.85978158742202,38.30669103762411]},"properties":{"category":"offshore_wind_turbine","score":0.9973106384277344}},{"type":"Feature","geometry":{"type":"Point","coordinates":[119.82195239143424,23.96636159049315]},"properties":{"category":"offshore_wind_turbine","score":0.9832103252410889}},{"type":"Feature","geometry":{"type":"Point","coordinates":[122.25420265267537,29.594820466136458]},"properties":{"category":"offshore_platform","score":0.8523094654083252}},{"type":"Feature","geometry":{"type":"Point","coordinates":[121.58104198035666,36.503523385780326]},"properties":{"category":"offshore_wind_turbine","score":0.9978356957435608}},{"type":"Feature","geometry":{"type":"Point","coordinates":[122.05393484191623,30.706770274207933]},"properties":{"category":"offshore_wind_turbine","score":0.945218563079834}},{"type":"Feature","geometry":{"type":"Point","coordinates":[121.17234121401378,33.440941823179806]},"properties":{"category":"offshore_wind_turbine","score":0.99048912525177}},{"type":"Feature","geometry":{"type":"Point","coordinates":[121.53585295976139,33.281450722682465]},"properties":{"category":"offshore_wind_turbine","score":0.9688544273376465}},{"type":"Feature","geometry":{"type":"Point","coordinates":[121.7828600790739,32.70735651877067]},"properties":{"category":"offshore_wind_turbine","score":0.9990099668502808}},{"type":"Feature","geometry":{"type":"Point","coordinates":[133.6900070620895,42.829960150658245]},"properties":{"category":"offshore_platform","score":0.9783052802085876}},{"type":"Feature","geometry":{"type":"Point","coordinates":[-72.74548300684796,-41.58970873240548]},"properties":{"category":"offshore_platform","score":0.8883858919143677}},{"type":"Feature","geometry":{"type":"Point","coordinates":[11.838243217626385,-5.265356815386688]},"properties":{"category":"offshore_platform","score":0.9278138279914856}},{"type":"Feature","geometry":{"type":"Point","coordinates":[106.18472109810261,-5.561677092382149]},"properties":{"category":"offshore_platform","score":0.9537380933761597}},{"type":"Feature","geometry":{"type":"Point","coordinates":[116.34648550526329,-3.272713495753427]},"properties":{"category":"offshore_platform","score":0.8966017961502075}},{"type":"Feature","geometry":{"type":"Point","coordinates":[-100.7452479227911,76.27970333237111]},"properties":{"category":"offshore_platform","score":0.9562197327613831}},{"type":"Feature","geometry":{"type":"Point","coordinates":[-73.21997270702914,71.58808197855963]},"properties":{"category":"offshore_platform","score":0.93802809715271}},{"type":"Feature","geometry":{"type":"Point","coordinates":[-61.85241939702805,10.217898503669504]},"properties":{"category":"offshore_platform","score":0.9048664569854736}},{"type":"Feature","geometry":{"type":"Point","coordinates":[38.236856554788595,38.062921673281394]},"properties":{"category":"offshore_platform","score":0.9730070233345032}},{"type":"Feature","geometry":{"type":"Point","coordinates":[115.24930467611918,27.64278053982962]},"properties":{"category":"offshore_platform","score":0.8534166812896729}},{"type":"Feature","geometry":{"type":"Point","coordinates":[106.00139291272602,-5.0037422377653815]},"properties":{"category":"offshore_platform","score":0.9541773200035095}},{"type":"Feature","geometry":{"type":"Point","coordinates":[41.24809822329148,40.66556183655559]},"properties":{"category":"offshore_platform","score":0.9885026216506958}},{"type":"Feature","geometry":{"type":"Point","coordinates":[-40.26791088135105,-19.412795261290192]},"properties":{"category":"offshore_platform","score":0.9888638257980347}},{"type":"Feature","geometry":{"type":"Point","coordinates":[10.626173962579404,64.45406522525671]},"properties":{"category":"offshore_platform","score":0.8567038774490356}},{"type":"Feature","geometry":{"type":"Point","coordinates":[56.99178594047479,-66.79212021578705]},"properties":{"category":"offshore_platform","score":0.9724715948104858}},{"type":"Feature","geometry":{"type":"Point","coordinates":[157.92554291536874,73.34829290552403]},"properties":{"category":"offshore_platform","score":0.8588099479675293}},{"type":"Feature","geometry":{"type":"Point","coordinates":[-97.25504292270492,51.612256003190275]},"properties":{"category":"offshore_platform","score":0.9119922518730164}},{"type":"Feature","geometry":{"type":"Point","coordinates":[-92.60097751884865,19.027089642149566]},"properties":{"category":"offshore_platform","score":0.9690670967102051}},{"type":"Feature","geometry":{"type":"Point","coordinates":[-90.1684681681805,28.99227864822854]},"properties":{"category":"offshore_platform","score":0.9655624628067017}},{"type":"Feature","geometry":{"type":"Point","coordinates":[-89.66161333496548,28.938076419356758]},"properties":{"category":"offshore_platform","score":0.9055554270744324}},{"type":"Feature","geometry":{"type":"Point","coordinates":[-73.7818010318091,45.40722982449152]},"properties":{"category":"offshore_platform","score":0.8936741948127747}},{"type":"Feature","geometry":{"type":"Point","coordinates":[-71.44927638221414,10.197941964860853]},"properties":{"category":"offshore_platform","score":0.9369020462036133}},{"type":"Feature","geometry":{"type":"Point","coordinates":[-71.47606330471447,10.212196364002303]},"properties":{"category":"offshore_platform","score":0.9831600785255432}},{"type":"Feature","geometry":{"type":"Point","coordinates":[-60.66438339446314,10.177223797317259]},"properties":{"category":"offshore_platform","score":0.9838665127754211}},{"type":"Feature","geometry":{"type":"Point","coordinates":[-3.456058239929169,54.093664445581084]},"properties":{"category":"offshore_wind_turbine","score":0.9970519542694092}},{"type":"Feature","geometry":{"type":"Point","coordinates":[1.2651134346766097,58.47775812547837]},"properties":{"category":"offshore_platform","score":0.9943355917930603}},{"type":"Feature","geometry":{"type":"Point","coordinates":[-2.579209060186294,46.91209739343869]},"properties":{"category":"offshore_platform","score":0.9541186094284058}},{"type":"Feature","geometry":{"type":"Point","coordinates":[1.969778356619693,51.88022380631542]},"properties":{"category":"offshore_wind_turbine","score":0.997619092464447}},{"type":"Feature","geometry":{"type":"Point","coordinates":[1.4443676045956295,53.25922868798348]},"properties":{"category":"offshore_wind_turbine","score":0.9848281741142273}},{"type":"Feature","geometry":{"type":"Point","coordinates":[0.19866414160786494,49.84521959182112]},"properties":{"category":"offshore_wind_turbine","score":0.9686172604560852}},{"type":"Feature","geometry":{"type":"Point","coordinates":[2.386511302725341,59.190346764629325]},"properties":{"category":"offshore_platform","score":0.9184208512306213}},{"type":"Feature","geometry":{"type":"Point","coordinates":[1.8573432729635884,51.88157582540975]},"properties":{"category":"offshore_wind_turbine","score":0.9990065693855286}},{"type":"Feature","geometry":{"type":"Point","coordinates":[2.9852518744141663,51.510443805104984]},"properties":{"category":"offshore_wind_turbine","score":0.9776334166526794}},{"type":"Feature","geometry":{"type":"Point","coordinates":[1.4573686435579305,53.979154189900406]},"properties":{"category":"offshore_wind_turbine","score":0.9955815672874451}},{"type":"Feature","geometry":{"type":"Point","coordinates":[5.086697456595719,5.532498558513262]},"properties":{"category":"offshore_platform","score":0.9732022285461426}},{"type":"Feature","geometry":{"type":"Point","coordinates":[2.540849282480096,52.18437276420707]},"properties":{"category":"offshore_wind_turbine","score":0.9880173206329346}},{"type":"Feature","geometry":{"type":"Point","coordinates":[2.203845376886974,53.83816713076431]},"properties":{"category":"offshore_platform","score":0.9637266397476196}},{"type":"Feature","geometry":{"type":"Point","coordinates":[6.0638256107876005,54.05672026160794]},"properties":{"category":"offshore_wind_turbine","score":0.9989534616470337}},{"type":"Feature","geometry":{"type":"Point","coordinates":[12.235681043378795,45.222394065267935]},"properties":{"category":"offshore_platform","score":0.9261755347251892}},{"type":"Feature","geometry":{"type":"Point","coordinates":[6.74722215493223,53.97320858944607]},"properties":{"category":"offshore_platform","score":0.9805450439453125}},{"type":"Feature","geometry":{"type":"Point","coordinates":[7.666771091161595,54.5062559927836]},"properties":{"category":"offshore_wind_turbine","score":0.9986875653266907}},{"type":"Feature","geometry":{"type":"Point","coordinates":[14.079750078765107,54.84996902223854]},"properties":{"category":"offshore_wind_turbine","score":0.9404023289680481}},{"type":"Feature","geometry":{"type":"Point","coordinates":[7.81388753153216,55.503486838665864]},"properties":{"category":"offshore_wind_turbine","score":0.9972508549690247}},{"type":"Feature","geometry":{"type":"Point","coordinates":[14.159472370804663,54.80695445831604]},"properties":{"category":"offshore_platform","score":0.9632759690284729}},{"type":"Feature","geometry":{"type":"Point","coordinates":[29.970032745207988,44.07187696074383]},"properties":{"category":"offshore_platform","score":0.9543404579162598}},{"type":"Feature","geometry":{"type":"Point","coordinates":[33.458182494255965,28.183533844212622]},"properties":{"category":"offshore_platform","score":0.9763851165771484}},{"type":"Feature","geometry":{"type":"Point","coordinates":[49.37488510731711,28.426652623794897]},"properties":{"category":"offshore_platform","score":0.9052044153213501}},{"type":"Feature","geometry":{"type":"Point","coordinates":[49.08968092598218,28.333575723470272]},"properties":{"category":"offshore_platform","score":0.9199197292327881}},{"type":"Feature","geometry":{"type":"Point","coordinates":[49.743449439903266,27.257162407933233]},"properties":{"category":"offshore_platform","score":0.9739631414413452}},{"type":"Feature","geometry":{"type":"Point","coordinates":[52.70425857095529,25.446164938137485]},"properties":{"category":"offshore_platform","score":0.981626033782959}},{"type":"Feature","geometry":{"type":"Point","coordinates":[52.59303201156715,39.55415188380448]},"properties":{"category":"offshore_platform","score":0.9581833481788635}},{"type":"Feature","geometry":{"type":"Point","coordinates":[59.7615168087706,45.07712180067194]},"properties":{"category":"offshore_platform","score":0.9433676600456238}},{"type":"Feature","geometry":{"type":"Point","coordinates":[90.34167614451576,34.79544573742194]},"properties":{"category":"offshore_platform","score":0.9016141295433044}},{"type":"Feature","geometry":{"type":"Point","coordinates":[101.2960304616043,9.350968060611992]},"properties":{"category":"offshore_platform","score":0.9675034284591675}},{"type":"Feature","geometry":{"type":"Point","coordinates":[105.7246025957436,9.154431345437917]},"properties":{"category":"offshore_platform","score":0.9632636904716492}},{"type":"Feature","geometry":{"type":"Point","coordinates":[106.59367858658818,9.750038115913815]},"properties":{"category":"offshore_wind_turbine","score":0.8809280395507812}},{"type":"Feature","geometry":{"type":"Point","coordinates":[109.12593249230282,20.119391591431036]},"properties":{"category":"offshore_wind_turbine","score":0.9890435934066772}},{"type":"Feature","geometry":{"type":"Point","coordinates":[113.01317802146579,21.837873413356725]},"properties":{"category":"offshore_platform","score":0.9160616397857666}},{"type":"Feature","geometry":{"type":"Point","coordinates":[111.52069352394459,21.254871557394882]},"properties":{"category":"offshore_wind_turbine","score":0.9972642660140991}},{"type":"Feature","geometry":{"type":"Point","coordinates":[111.60811248897024,20.80011126409151]},"properties":{"category":"offshore_platform","score":0.9549630284309387}},{"type":"Feature","geometry":{"type":"Point","coordinates":[113.39236050494257,21.89684883818968]},"properties":{"category":"offshore_wind_turbine","score":0.9574052691459656}},{"type":"Feature","geometry":{"type":"Point","coordinates":[117.93315928411319,2.5383086567350706]},"properties":{"category":"offshore_platform","score":0.942129909992218}},{"type":"Feature","geometry":{"type":"Point","coordinates":[116.24424534534207,22.653419939599083]},"properties":{"category":"offshore_wind_turbine","score":0.9978739023208618}},{"type":"Feature","geometry":{"type":"Point","coordinates":[118.31509037851285,4.267601024004955]},"properties":{"category":"offshore_platform","score":0.9460655450820923}},{"type":"Feature","geometry":{"type":"Point","coordinates":[121.82619364952393,28.83406637516301]},"properties":{"category":"offshore_wind_turbine","score":0.9987784028053284}},{"type":"Feature","geometry":{"type":"Point","coordinates":[119.66240857692127,25.672359162071473]},"properties":{"category":"offshore_wind_turbine","score":0.9635758399963379}},{"type":"Feature","geometry":{"type":"Point","coordinates":[119.06855486755654,38.39912920193016]},"properties":{"category":"offshore_platform","score":0.9889143109321594}},{"type":"Feature","geometry":{"type":"Point","coordinates":[120.8607188127078,27.333197545563028]},"properties":{"category":"offshore_wind_turbine","score":0.9987733960151672}},{"type":"Feature","geometry":{"type":"Point","coordinates":[121.02051074230799,32.610624111316085]},"properties":{"category":"offshore_wind_turbine","score":0.9980085492134094}},{"type":"Feature","geometry":{"type":"Point","coordinates":[121.56495367600031,33.40063008573551]},"properties":{"category":"offshore_wind_turbine","score":0.8750628232955933}},{"type":"Feature","geometry":{"type":"Point","coordinates":[120.31989050661615,34.52464043954747]},"properties":{"category":"offshore_wind_turbine","score":0.9985425472259521}},{"type":"Feature","geometry":{"type":"Point","coordinates":[121.03610307065084,32.60195601383284]},"properties":{"category":"offshore_wind_turbine","score":0.9661847352981567}},{"type":"Feature","geometry":{"type":"Point","coordinates":[119.96021559324994,25.78039933065184]},"properties":{"category":"offshore_platform","score":0.9298146367073059}},{"type":"Feature","geometry":{"type":"Point","coordinates":[122.8032553694162,39.320914397897475]},"properties":{"category":"offshore_platform","score":0.9743788838386536}},{"type":"Feature","geometry":{"type":"Point","coordinates":[121.16847097057219,32.521215220795796]},"properties":{"category":"offshore_wind_turbine","score":0.9958677291870117}},{"type":"Feature","geometry":{"type":"Point","coordinates":[122.15304028087422,30.968015666382662]},"properties":{"category":"offshore_wind_turbine","score":0.9258109331130981}},{"type":"Feature","geometry":{"type":"Point","coordinates":[121.2008075795202,32.938327641207195]},"properties":{"category":"offshore_wind_turbine","score":0.9961158037185669}},{"type":"Feature","geometry":{"type":"Point","coordinates":[121.49109508112619,32.76167949485277]},"properties":{"category":"offshore_platform","score":0.8599976301193237}},{"type":"Feature","geometry":{"type":"Point","coordinates":[121.87489898966858,32.84330869944241]},"properties":{"category":"offshore_wind_turbine","score":0.9986454844474792}},{"type":"Feature","geometry":{"type":"Point","coordinates":[123.33817790187598,41.03766646712097]},"properties":{"category":"offshore_platform","score":0.9590962529182434}},{"type":"Feature","geometry":{"type":"Point","coordinates":[-68.67418191395382,-52.56363903900773]},"properties":{"category":"offshore_platform","score":0.9752569198608398}},{"type":"Feature","geometry":{"type":"Point","coordinates":[10.929769683997803,-3.8855403130450625]},"properties":{"category":"offshore_platform","score":0.9094482660293579}},{"type":"Feature","geometry":{"type":"Point","coordinates":[107.22409799794121,-5.341589655596726]},"properties":{"category":"offshore_platform","score":0.9852572083473206}},{"type":"Feature","geometry":{"type":"Point","coordinates":[115.96257476451633,-3.75033319820143]},"properties":{"category":"offshore_platform","score":0.9775373935699463}},{"type":"Feature","geometry":{"type":"Point","coordinates":[148.30903106290197,-38.44942206567712]},"properties":{"category":"offshore_platform","score":0.9850141406059265}},{"type":"Feature","geometry":{"type":"Point","coordinates":[-93.71291265805391,29.697554744305947]},"properties":{"category":"offshore_platform","score":0.9751428961753845}},{"type":"Feature","geometry":{"type":"Point","coordinates":[-71.12636317279882,9.912365946042877]},"properties":{"category":"offshore_platform","score":0.9662430286407471}},{"type":"Feature","geometry":{"type":"Point","coordinates":[82.18835690143976,21.195405576071234]},"properties":{"category":"offshore_platform","score":0.8635492324829102}},{"type":"Feature","geometry":{"type":"Point","coordinates":[115.82966501023878,5.626310092916441]},"properties":{"category":"offshore_platform","score":0.8622872233390808}},{"type":"Feature","geometry":{"type":"Point","coordinates":[116.35509421292575,-3.7402271084392673]},"properties":{"category":"offshore_platform","score":0.9369032382965088}},{"type":"Feature","geometry":{"type":"Point","coordinates":[18.368707497221532,79.7862882622975]},"properties":{"category":"offshore_platform","score":0.9332265257835388}},{"type":"Feature","geometry":{"type":"Point","coordinates":[-91.76394050105947,18.50655500446489]},"properties":{"category":"offshore_platform","score":0.9503687024116516}},{"type":"Feature","geometry":{"type":"Point","coordinates":[-66.27256609180422,-9.361563835269921]},"properties":{"category":"offshore_platform","score":0.8588725328445435}},{"type":"Feature","geometry":{"type":"Point","coordinates":[35.63689150010917,36.74154542218269]},"properties":{"category":"offshore_platform","score":0.9799225926399231}},{"type":"Feature","geometry":{"type":"Point","coordinates":[-102.0385012100372,60.16402117296795]},"properties":{"category":"offshore_platform","score":0.8755608797073364}},{"type":"Feature","geometry":{"type":"Point","coordinates":[-91.52715182580413,28.51984854285935]},"properties":{"category":"offshore_platform","score":0.9908603429794312}},{"type":"Feature","geometry":{"type":"Point","coordinates":[-88.44785904992447,48.72096637553286]},"properties":{"category":"offshore_platform","score":0.9499179720878601}},{"type":"Feature","geometry":{"type":"Point","coordinates":[-91.46106362958899,28.91120523259777]},"properties":{"category":"offshore_platform","score":0.9898378849029541}},{"type":"Feature","geometry":{"type":"Point","coordinates":[-88.37945902949053,29.267075079857122]},"properties":{"category":"offshore_platform","score":0.9902054667472839}},{"type":"Feature","geometry":{"type":"Point","coordinates":[-70.97040952037025,41.09592200850825]},"properties":{"category":"offshore_platform","score":0.9282993674278259}},{"type":"Feature","geometry":{"type":"Point","coordinates":[-71.15465155525601,9.701885921027447]},"properties":{"category":"offshore_platform","score":0.9677896499633789}},{"type":"Feature","geometry":{"type":"Point","coordinates":[-71.43911908526883,10.25049703929028]},"properties":{"category":"offshore_platform","score":0.8990861773490906}},{"type":"Feature","geometry":{"type":"Point","coordinates":[-64.07197703671656,10.886840361456006]},"properties":{"category":"offshore_platform","score":0.9246136546134949}},{"type":"Feature","geometry":{"type":"Point","coordinates":[-3.1126012767549387,58.03199722979932]},"properties":{"category":"offshore_wind_turbine","score":0.9370871186256409}},{"type":"Feature","geometry":{"type":"Point","coordinates":[-1.2141845430245504,45.99960260177937]},"properties":{"category":"offshore_platform","score":0.990683913230896}},{"type":"Feature","geometry":{"type":"Point","coordinates":[-3.7365631054195565,54.75333661466893]},"properties":{"category":"offshore_wind_turbine","score":0.996504545211792}},{"type":"Feature","geometry":{"type":"Point","coordinates":[-2.421410067236538,46.8497502968101]},"properties":{"category":"offshore_platform","score":0.9281783103942871}},{"type":"Feature","geometry":{"type":"Point","coordinates":[2.006060649916033,51.74445144506654]},"properties":{"category":"offshore_platform","score":0.9545877575874329}},{"type":"Feature","geometry":{"type":"Point","coordinates":[1.496010992470628,53.88265360891956]},"properties":{"category":"offshore_wind_turbine","score":0.9966896772384644}},{"type":"Feature","geometry":{"type":"Point","coordinates":[-3.6211342938426694,53.43439791789451]},"properties":{"category":"offshore_wind_turbine","score":0.9974641799926758}},{"type":"Feature","geometry":{"type":"Point","coordinates":[0.4687255154808438,53.13975733980289]},"properties":{"category":"offshore_wind_turbine","score":0.9979926347732544}},{"type":"Feature","geometry":{"type":"Point","coordinates":[2.032737717034648,51.807560669576006]},"properties":{"category":"offshore_platform","score":0.9275722503662109}},{"type":"Feature","geometry":{"type":"Point","coordinates":[4.200027609014671,52.718267619238965]},"properties":{"category":"offshore_platform","score":0.8971079587936401}},{"type":"Feature","geometry":{"type":"Point","coordinates":[1.3725562579095267,53.27530359239194]},"properties":{"category":"offshore_platform","score":0.9402698278427124}},{"type":"Feature","geometry":{"type":"Point","coordinates":[6.703451618687178,3.0696661392494202]},"properties":{"category":"offshore_platform","score":0.9295417070388794}},{"type":"Feature","geometry":{"type":"Point","coordinates":[3.0735574557721206,51.770541364796486]},"properties":{"category":"offshore_wind_turbine","score":0.9981260895729065}},{"type":"Feature","geometry":{"type":"Point","coordinates":[5.804700151688339,54.33094741480671]},"properties":{"category":"offshore_wind_turbine","score":0.8782055377960205}},{"type":"Feature","geometry":{"type":"Point","coordinates":[11.186811944529545,56.65559692714369]},"properties":{"category":"offshore_wind_turbine","score":0.9912611842155457}},{"type":"Feature","geometry":{"type":"Point","coordinates":[6.344029417358959,54.44434872353048]},"properties":{"category":"offshore_platform","score":0.9682537913322449}},{"type":"Feature","geometry":{"type":"Point","coordinates":[6.868816103241746,55.140741778711984]},"properties":{"category":"offshore_wind_turbine","score":0.9941993951797485}},{"type":"Feature","geometry":{"type":"Point","coordinates":[7.661880567624728,54.36288096610896]},"properties":{"category":"offshore_wind_turbine","score":0.9962058067321777}},{"type":"Feature","geometry":{"type":"Point","coordinates":[13.224510659036937,54.993421457384]},"properties":{"category":"offshore_wind_turbine","score":0.987129271030426}},{"type":"Feature","geometry":{"type":"Point","coordinates":[7.752954329825067,54.49310466383853]},"properties":{"category":"offshore_wind_turbine","score":0.9970875382423401}},{"type":"Feature","geometry":{"type":"Point","coordinates":[13.187941117478006,55.001375418672254]},"properties":{"category":"offshore_wind_turbine","score":0.9857017993927002}},{"type":"Feature","geometry":{"type":"Point","coordinates":[26.896089768564718,38.7446210969855]},"properties":{"category":"offshore_platform","score":0.911963939666748}},{"type":"Feature","geometry":{"type":"Point","coordinates":[33.653745973777376,27.71381242103887]},"properties":{"category":"offshore_platform","score":0.9930764436721802}},{"type":"Feature","geometry":{"type":"Point","coordinates":[48.76344647265746,28.027707375541418]},"properties":{"category":"offshore_platform","score":0.9954763054847717}},{"type":"Feature","geometry":{"type":"Point","coordinates":[49.343184928190205,28.469034520972986]},"properties":{"category":"offshore_platform","score":0.9650864601135254}},{"type":"Feature","geometry":{"type":"Point","coordinates":[49.57838347827475,40.07462334830187]},"properties":{"category":"offshore_platform","score":0.9724615812301636}},{"type":"Feature","geometry":{"type":"Point","coordinates":[53.183870707553666,25.177675588292566]},"properties":{"category":"offshore_platform","score":0.9925770163536072}},{"type":"Feature","geometry":{"type":"Point","coordinates":[52.88687755797169,39.486729624930454]},"properties":{"category":"offshore_platform","score":0.9756444096565247}},{"type":"Feature","geometry":{"type":"Point","coordinates":[72.5546401293576,21.031981917120223]},"properties":{"category":"offshore_platform","score":0.9800333380699158}},{"type":"Feature","geometry":{"type":"Point","coordinates":[88.15367015055146,21.872695087398778]},"properties":{"category":"offshore_platform","score":0.9622858166694641}},{"type":"Feature","geometry":{"type":"Point","coordinates":[101.26831770232606,8.858623268090852]},"properties":{"category":"offshore_platform","score":0.9785398244857788}},{"type":"Feature","geometry":{"type":"Point","coordinates":[104.1363838706869,10.09941506722945]},"properties":{"category":"offshore_platform","score":0.9202840328216553}},{"type":"Feature","geometry":{"type":"Point","coordinates":[104.07323283755112,6.178875550227358]},"properties":{"category":"offshore_platform","score":0.990748941898346}},{"type":"Feature","geometry":{"type":"Point","coordinates":[108.36040753013528,10.380110400811562]},"properties":{"category":"offshore_platform","score":0.9945014715194702}},{"type":"Feature","geometry":{"type":"Point","coordinates":[110.5481035875664,20.733465124140846]},"properties":{"category":"offshore_wind_turbine","score":0.9986054301261902}},{"type":"Feature","geometry":{"type":"Point","coordinates":[114.9116509958795,21.379200299781143]},"properties":{"category":"offshore_platform","score":0.9909492135047913}},{"type":"Feature","geometry":{"type":"Point","coordinates":[111.51843362632357,20.982686533357686]},"properties":{"category":"offshore_wind_turbine","score":0.9979177117347717}},{"type":"Feature","geometry":{"type":"Point","coordinates":[112.44894462741694,3.46394652597588]},"properties":{"category":"offshore_platform","score":0.9884387850761414}},{"type":"Feature","geometry":{"type":"Point","coordinates":[118.62869870237259,38.33129878421753]},"properties":{"category":"offshore_wind_turbine","score":0.9532662034034729}},{"type":"Feature","geometry":{"type":"Point","coordinates":[116.9527814021121,23.193744443546766]},"properties":{"category":"offshore_platform","score":0.9615997672080994}},{"type":"Feature","geometry":{"type":"Point","coordinates":[116.7967736790624,-1.3541677755324184]},"properties":{"category":"offshore_platform","score":0.9767082333564758}},{"type":"Feature","geometry":{"type":"Point","coordinates":[121.4761022941313,30.46314681250832]},"properties":{"category":"offshore_wind_turbine","score":0.9964621663093567}},{"type":"Feature","geometry":{"type":"Point","coordinates":[119.77026832909881,25.701283825342927]},"properties":{"category":"offshore_platform","score":0.953711211681366}},{"type":"Feature","geometry":{"type":"Point","coordinates":[119.4093207027402,37.29021322786522]},"properties":{"category":"offshore_wind_turbine","score":0.9985436201095581}},{"type":"Feature","geometry":{"type":"Point","coordinates":[120.02960914427426,23.60842832728353]},"properties":{"category":"offshore_wind_turbine","score":0.9975752234458923}},{"type":"Feature","geometry":{"type":"Point","coordinates":[121.22678670888621,33.25536689432161]},"properties":{"category":"offshore_wind_turbine","score":0.9898730516433716}},{"type":"Feature","geometry":{"type":"Point","coordinates":[121.58551398632464,32.63646525939226]},"properties":{"category":"offshore_wind_turbine","score":0.9056278467178345}},{"type":"Feature","geometry":{"type":"Point","coordinates":[120.69548922751983,34.31851321443664]},"properties":{"category":"offshore_wind_turbine","score":0.9982886910438538}},{"type":"Feature","geometry":{"type":"Point","coordinates":[119.01702607418842,38.28295419243718]},"properties":{"category":"offshore_platform","score":0.9467699527740479}},{"type":"Feature","geometry":{"type":"Point","coordinates":[119.92620606694175,24.18289510006763]},"properties":{"category":"offshore_wind_turbine","score":0.9826556444168091}},{"type":"Feature","geometry":{"type":"Point","coordinates":[121.05101555416574,40.73818116452123]},"properties":{"category":"offshore_platform","score":0.8716586828231812}},{"type":"Feature","geometry":{"type":"Point","coordinates":[121.87310982336989,37.894944160785506]},"properties":{"category":"offshore_wind_turbine","score":0.9984109401702881}},{"type":"Feature","geometry":{"type":"Point","coordinates":[127.71035126297929,34.67206581478637]},"properties":{"category":"offshore_platform","score":0.9512519836425781}},{"type":"Feature","geometry":{"type":"Point","coordinates":[121.20746079440212,32.699265578920794]},"properties":{"category":"offshore_wind_turbine","score":0.9600316882133484}},{"type":"Feature","geometry":{"type":"Point","coordinates":[121.63766934397262,33.32335595318969]},"properties":{"category":"offshore_wind_turbine","score":0.9979457259178162}},{"type":"Feature","geometry":{"type":"Point","coordinates":[126.25552359672932,33.449884765564704]},"properties":{"category":"offshore_platform","score":0.8637330532073975}},{"type":"Feature","geometry":{"type":"Point","coordinates":[-167.8773653797027,-74.19030752627968]},"properties":{"category":"offshore_platform","score":0.8627033233642578}},{"type":"Feature","geometry":{"type":"Point","coordinates":[-67.11420591117006,-24.07951783645249]},"properties":{"category":"offshore_platform","score":0.9161726832389832}},{"type":"Feature","geometry":{"type":"Point","coordinates":[11.45664235941094,-4.81276850035059]},"properties":{"category":"offshore_platform","score":0.862131655216217}},{"type":"Feature","geometry":{"type":"Point","coordinates":[107.04269209968193,-5.794940771778358]},"properties":{"category":"offshore_platform","score":0.9770987629890442}},{"type":"Feature","geometry":{"type":"Point","coordinates":[116.71330291781142,-1.4160333115870976]},"properties":{"category":"offshore_platform","score":0.8751802444458008}},{"type":"Feature","geometry":{"type":"Point","coordinates":[116.3497213970976,-3.7679966496609536]},"properties":{"category":"offshore_platform","score":0.8521839380264282}},{"type":"Feature","geometry":{"type":"Point","coordinates":[-108.97363410309148,25.60675737682038]},"properties":{"category":"offshore_platform","score":0.9784906506538391}},{"type":"Feature","geometry":{"type":"Point","coordinates":[-71.41635833885935,10.069422034733805]},"properties":{"category":"offshore_platform","score":0.897229790687561}},{"type":"Feature","geometry":{"type":"Point","coordinates":[-3.3643921869411377,56.00537250655919]},"properties":{"category":"offshore_platform","score":0.8793230056762695}},{"type":"Feature","geometry":{"type":"Point","coordinates":[72.27916578045595,18.575521004573865]},"properties":{"category":"offshore_platform","score":0.9738300442695618}},{"type":"Feature","geometry":{"type":"Point","coordinates":[115.25129121652827,27.643626383543268]},"properties":{"category":"offshore_platform","score":0.981656014919281}},{"type":"Feature","geometry":{"type":"Point","coordinates":[-68.11454945292506,-19.975109989146716]},"properties":{"category":"offshore_platform","score":0.9815334677696228}},{"type":"Feature","geometry":{"type":"Point","coordinates":[-75.12323623207861,19.953125456365516]},"properties":{"category":"offshore_platform","score":0.9931710958480835}},{"type":"Feature","geometry":{"type":"Point","coordinates":[101.72110964402574,8.727436786251006]},"properties":{"category":"offshore_platform","score":0.9881653785705566}},{"type":"Feature","geometry":{"type":"Point","coordinates":[0.6022670318476917,53.64486149797467]},"properties":{"category":"offshore_platform","score":0.9750461578369141}},{"type":"Feature","geometry":{"type":"Point","coordinates":[27.803590289419052,43.18544567776286]},"properties":{"category":"offshore_platform","score":0.9940720200538635}},{"type":"Feature","geometry":{"type":"Point","coordinates":[-125.1884289213161,66.89604286109837]},"properties":{"category":"offshore_platform","score":0.9505071043968201}},{"type":"Feature","geometry":{"type":"Point","coordinates":[-96.64508828676009,61.277159341739846]},"properties":{"category":"offshore_platform","score":0.8544812202453613}},{"type":"Feature","geometry":{"type":"Point","coordinates":[-93.32377030903677,18.47465042238311]},"properties":{"category":"offshore_platform","score":0.968023955821991}},{"type":"Feature","geometry":{"type":"Point","coordinates":[-90.11617065263567,29.056460619540534]},"properties":{"category":"offshore_platform","score":0.9904769659042358}},{"type":"Feature","geometry":{"type":"Point","coordinates":[-89.98970302909171,29.094718673776274]},"properties":{"category":"offshore_platform","score":0.9915933609008789}},{"type":"Feature","geometry":{"type":"Point","coordinates":[-71.12384019720952,41.07663792033467]},"properties":{"category":"offshore_platform","score":0.888248860836029}},{"type":"Feature","geometry":{"type":"Point","coordinates":[-71.43346620657513,10.07692959144572]},"properties":{"category":"offshore_platform","score":0.8972619771957397}},{"type":"Feature","geometry":{"type":"Point","coordinates":[-71.4745728698859,10.093829597628998]},"properties":{"category":"offshore_platform","score":0.9435765743255615}},{"type":"Feature","geometry":{"type":"Point","coordinates":[-61.49954921322034,10.619411253941873]},"properties":{"category":"offshore_platform","score":0.9219240546226501}},{"type":"Feature","geometry":{"type":"Point","coordinates":[-2.8958423462716296,58.256923539607016]},"properties":{"category":"offshore_platform","score":0.9902302622795105}},{"type":"Feature","geometry":{"type":"Point","coordinates":[-2.531074785239868,47.14412616491597]},"properties":{"category":"offshore_wind_turbine","score":0.9735623002052307}},{"type":"Feature","geometry":{"type":"Point","coordinates":[2.518457356833435,52.28416680361256]},"properties":{"category":"offshore_wind_turbine","score":0.9754683375358582}},{"type":"Feature","geometry":{"type":"Point","coordinates":[1.4832870942202983,53.99923067999824]},"properties":{"category":"offshore_platform","score":0.9148123860359192}},{"type":"Feature","geometry":{"type":"Point","coordinates":[-3.7055855451172963,54.74172436813282]},"properties":{"category":"offshore_wind_turbine","score":0.9979433417320251}},{"type":"Feature","geometry":{"type":"Point","coordinates":[1.2041234748512935,53.100480723060244]},"properties":{"category":"offshore_wind_turbine","score":0.9979532957077026}},{"type":"Feature","geometry":{"type":"Point","coordinates":[2.7777707081984446,51.702862484801]},"properties":{"category":"offshore_wind_turbine","score":0.902134358882904}},{"type":"Feature","geometry":{"type":"Point","coordinates":[4.4280869715522515,52.583274110230064]},"properties":{"category":"offshore_wind_turbine","score":0.9956293106079102}},{"type":"Feature","geometry":{"type":"Point","coordinates":[5.102161833429164,5.541012692700101]},"properties":{"category":"offshore_platform","score":0.9769058227539062}},{"type":"Feature","geometry":{"type":"Point","coordinates":[2.5197152672640697,52.22282165315662]},"properties":{"category":"offshore_wind_turbine","score":0.8861874938011169}},{"type":"Feature","geometry":{"type":"Point","coordinates":[5.522226778267909,52.588223208544726]},"properties":{"category":"offshore_platform","score":0.9685406684875488}},{"type":"Feature","geometry":{"type":"Point","coordinates":[5.949245989919704,54.34460935162016]},"properties":{"category":"offshore_wind_turbine","score":0.898049533367157}},{"type":"Feature","geometry":{"type":"Point","coordinates":[13.113569436032392,44.170890732935895]},"properties":{"category":"offshore_platform","score":0.9796283841133118}},{"type":"Feature","geometry":{"type":"Point","coordinates":[8.595529879111929,4.3289916422968675]},"properties":{"category":"offshore_platform","score":0.9573946595191956}},{"type":"Feature","geometry":{"type":"Point","coordinates":[6.878733582718923,55.11418485278631]},"properties":{"category":"offshore_wind_turbine","score":0.9326592683792114}},{"type":"Feature","geometry":{"type":"Point","coordinates":[7.666737728073058,54.517018354136844]},"properties":{"category":"offshore_wind_turbine","score":0.9983152151107788}},{"type":"Feature","geometry":{"type":"Point","coordinates":[11.68049277296093,54.546416057833746]},"properties":{"category":"offshore_wind_turbine","score":0.9983678460121155}},{"type":"Feature","geometry":{"type":"Point","coordinates":[7.216922213078949,55.10211860524822]},"properties":{"category":"offshore_wind_turbine","score":0.9961340427398682}},{"type":"Feature","geometry":{"type":"Point","coordinates":[14.931768513062636,42.23565989913102]},"properties":{"category":"offshore_platform","score":0.9933951497077942}},{"type":"Feature","geometry":{"type":"Point","coordinates":[17.565581267830808,54.98053327637519]},"properties":{"category":"offshore_platform","score":0.9203497767448425}},{"type":"Feature","geometry":{"type":"Point","coordinates":[33.872829718144,27.83423313118197]},"properties":{"category":"offshore_platform","score":0.9488290548324585}},{"type":"Feature","geometry":{"type":"Point","coordinates":[49.7296386246912,27.308112813053995]},"properties":{"category":"offshore_platform","score":0.9543192982673645}},{"type":"Feature","geometry":{"type":"Point","coordinates":[49.21771411617893,28.416552862382847]},"properties":{"category":"offshore_platform","score":0.9848756194114685}},{"type":"Feature","geometry":{"type":"Point","coordinates":[50.26671225274628,29.197771140530513]},"properties":{"category":"offshore_platform","score":0.9841147661209106}},{"type":"Feature","geometry":{"type":"Point","coordinates":[52.62498009922028,25.09269316167962]},"properties":{"category":"offshore_platform","score":0.99246746301651}},{"type":"Feature","geometry":{"type":"Point","coordinates":[52.564035687863246,25.58018765055072]},"properties":{"category":"offshore_platform","score":0.9843003153800964}},{"type":"Feature","geometry":{"type":"Point","coordinates":[71.4371420415208,19.309436790637857]},"properties":{"category":"offshore_platform","score":0.983059823513031}},{"type":"Feature","geometry":{"type":"Point","coordinates":[101.34254472655022,9.04520320621409]},"properties":{"category":"offshore_platform","score":0.99112868309021}},{"type":"Feature","geometry":{"type":"Point","coordinates":[101.4248760884219,8.649334858058396]},"properties":{"category":"offshore_platform","score":0.9871177077293396}},{"type":"Feature","geometry":{"type":"Point","coordinates":[105.81965516340914,9.22499697519147]},"properties":{"category":"offshore_wind_turbine","score":0.9679092168807983}},{"type":"Feature","geometry":{"type":"Point","coordinates":[106.80531920938829,10.057087295283743]},"properties":{"category":"offshore_platform","score":0.949323832988739}},{"type":"Feature","geometry":{"type":"Point","coordinates":[109.43326111593342,20.123582719285032]},"properties":{"category":"offshore_wind_turbine","score":0.9886456727981567}},{"type":"Feature","geometry":{"type":"Point","coordinates":[114.84572635292443,22.258083088948254]},"properties":{"category":"offshore_wind_turbine","score":0.9971678853034973}},{"type":"Feature","geometry":{"type":"Point","coordinates":[111.57097875637238,20.967020217437536]},"properties":{"category":"offshore_platform","score":0.8631283640861511}},{"type":"Feature","geometry":{"type":"Point","coordinates":[114.5831114804104,20.731837784362998]},"properties":{"category":"offshore_platform","score":0.9915628433227539}},{"type":"Feature","geometry":{"type":"Point","coordinates":[118.7519422152674,38.299004953627524]},"properties":{"category":"offshore_wind_turbine","score":0.9981616139411926}},{"type":"Feature","geometry":{"type":"Point","coordinates":[116.33884492310277,22.683923684501952]},"properties":{"category":"offshore_platform","score":0.8595383763313293}},{"type":"Feature","geometry":{"type":"Point","coordinates":[117.79448915971618,-0.7550872506290444]},"properties":{"category":"offshore_platform","score":0.9945939183235168}},{"type":"Feature","geometry":{"type":"Point","coordinates":[121.96885671554486,30.79185959383086]},"properties":{"category":"offshore_wind_turbine","score":0.9981315732002258}},{"type":"Feature","geometry":{"type":"Point","coordinates":[119.88807884286318,24.149724467010177]},"properties":{"category":"offshore_wind_turbine","score":0.9569251537322998}},{"type":"Feature","geometry":{"type":"Point","coordinates":[121.59346985914519,36.576702450833416]},"properties":{"category":"offshore_wind_turbine","score":0.9970424771308899}},{"type":"Feature","geometry":{"type":"Point","coordinates":[119.33241457528932,38.95147622087879]},"properties":{"category":"offshore_platform","score":0.9823930263519287}},{"type":"Feature","geometry":{"type":"Point","coordinates":[121.1999139703755,32.62259167919005]},"properties":{"category":"offshore_wind_turbine","score":0.9983219504356384}},{"type":"Feature","geometry":{"type":"Point","coordinates":[121.55349592991986,32.63685598233387]},"properties":{"category":"offshore_wind_turbine","score":0.8586541414260864}},{"type":"Feature","geometry":{"type":"Point","coordinates":[120.66032928121368,34.28260625422683]},"properties":{"category":"offshore_wind_turbine","score":0.9838435053825378}},{"type":"Feature","geometry":{"type":"Point","coordinates":[118.69910231167798,38.27999717586938]},"properties":{"category":"offshore_platform","score":0.8776161670684814}},{"type":"Feature","geometry":{"type":"Point","coordinates":[119.84993553895265,24.0290907551919]},"properties":{"category":"offshore_wind_turbine","score":0.8916494846343994}},{"type":"Feature","geometry":{"type":"Point","coordinates":[122.35345540707792,39.22011975777643]},"properties":{"category":"offshore_platform","score":0.976718008518219}},{"type":"Feature","geometry":{"type":"Point","coordinates":[121.54809280216483,36.461822182215094]},"properties":{"category":"offshore_wind_turbine","score":0.9983062744140625}},{"type":"Feature","geometry":{"type":"Point","coordinates":[121.6845803428307,30.617227099756157]},"properties":{"category":"offshore_wind_turbine","score":0.9970381259918213}},{"type":"Feature","geometry":{"type":"Point","coordinates":[121.16596633992877,33.3247693732958]},"properties":{"category":"offshore_wind_turbine","score":0.9945287108421326}},{"type":"Feature","geometry":{"type":"Point","coordinates":[121.23648086936349,32.66465076763163]},"properties":{"category":"offshore_wind_turbine","score":0.9942986965179443}},{"type":"Feature","geometry":{"type":"Point","coordinates":[121.71554591055609,32.84070302513187]},"properties":{"category":"offshore_wind_turbine","score":0.9984739422798157}},{"type":"Feature","geometry":{"type":"Point","coordinates":[121.97822753229342,32.631709987453746]},"properties":{"category":"offshore_wind_turbine","score":0.9976925849914551}},{"type":"Feature","geometry":{"type":"Point","coordinates":[-73.00204167260286,-41.808607049908524]},"properties":{"category":"offshore_platform","score":0.9228140711784363}},{"type":"Feature","geometry":{"type":"Point","coordinates":[-40.067478158793364,-22.54735346039815]},"properties":{"category":"offshore_platform","score":0.9820672273635864}},{"type":"Feature","geometry":{"type":"Point","coordinates":[104.45608380043548,0.011105062733525885]},"properties":{"category":"offshore_platform","score":0.9775196313858032}},{"type":"Feature","geometry":{"type":"Point","coordinates":[113.79068045959762,-7.72770961703991]},"properties":{"category":"offshore_platform","score":0.9763262867927551}},{"type":"Feature","geometry":{"type":"Point","coordinates":[156.57678110122745,-80.86066806167283]},"properties":{"category":"offshore_platform","score":0.9058261513710022}},{"type":"Feature","geometry":{"type":"Point","coordinates":[-101.08316805066201,76.45363988893679]},"properties":{"category":"offshore_platform","score":0.920443058013916}},{"type":"Feature","geometry":{"type":"Point","coordinates":[-71.15132431107922,9.919084939723707]},"properties":{"category":"offshore_platform","score":0.9564945101737976}},{"type":"Feature","geometry":{"type":"Point","coordinates":[23.04514625534293,37.47491543321531]},"properties":{"category":"offshore_platform","score":0.9698724150657654}},{"type":"Feature","geometry":{"type":"Point","coordinates":[86.4660110344727,74.53088814369193]},"properties":{"category":"offshore_platform","score":0.9232407808303833}},{"type":"Feature","geometry":{"type":"Point","coordinates":[-59.833683385588415,-63.5002921620593]},"properties":{"category":"offshore_wind_turbine","score":0.9774541258811951}},{"type":"Feature","geometry":{"type":"Point","coordinates":[19.411643969510312,40.34012424977999]},"properties":{"category":"offshore_platform","score":0.8567790389060974}},{"type":"Feature","geometry":{"type":"Point","coordinates":[104.7010925646538,0.11226742737467924]},"properties":{"category":"offshore_platform","score":0.9133404493331909}},{"type":"Feature","geometry":{"type":"Point","coordinates":[-67.78332209731987,68.70189840670541]},"properties":{"category":"offshore_platform","score":0.965744137763977}},{"type":"Feature","geometry":{"type":"Point","coordinates":[59.30681902497763,-66.90061698646839]},"properties":{"category":"offshore_wind_turbine","score":0.9187966585159302}},{"type":"Feature","geometry":{"type":"Point","coordinates":[-106.16519571567487,62.23623105952256]},"properties":{"category":"offshore_platform","score":0.958897590637207}},{"type":"Feature","geometry":{"type":"Point","coordinates":[-94.83063180005144,29.145737121321158]},"properties":{"category":"offshore_platform","score":0.9757165908813477}},{"type":"Feature","geometry":{"type":"Point","coordinates":[-91.73092550411465,28.270018742250368]},"properties":{"category":"offshore_platform","score":0.9947959780693054}},{"type":"Feature","geometry":{"type":"Point","coordinates":[-90.47641996973925,28.897793050489508]},"properties":{"category":"offshore_platform","score":0.9892639517784119}},{"type":"Feature","geometry":{"type":"Point","coordinates":[-90.15135960357073,29.10394893827794]},"properties":{"category":"offshore_platform","score":0.9933056235313416}},{"type":"Feature","geometry":{"type":"Point","coordinates":[-77.95500898949177,34.147471319194864]},"properties":{"category":"offshore_platform","score":0.9673840403556824}},{"type":"Feature","geometry":{"type":"Point","coordinates":[-71.5097909242809,10.289179409514151]},"properties":{"category":"offshore_platform","score":0.9526140689849854}},{"type":"Feature","geometry":{"type":"Point","coordinates":[-71.46522530960078,10.284200929860516]},"properties":{"category":"offshore_platform","score":0.9636123776435852}},{"type":"Feature","geometry":{"type":"Point","coordinates":[-71.46892607008508,10.17948055580019]},"properties":{"category":"offshore_platform","score":0.9514369964599609}},{"type":"Feature","geometry":{"type":"Point","coordinates":[-61.94751070288261,10.169598779033878]},"properties":{"category":"offshore_platform","score":0.9877499938011169}},{"type":"Feature","geometry":{"type":"Point","coordinates":[-3.610102054214652,53.381697025826305]},"properties":{"category":"offshore_wind_turbine","score":0.9980244636535645}},{"type":"Feature","geometry":{"type":"Point","coordinates":[1.9077522082591392,58.36717449445096]},"properties":{"category":"offshore_platform","score":0.8572747111320496}},{"type":"Feature","geometry":{"type":"Point","coordinates":[-2.5702996378972376,47.160195501336524]},"properties":{"category":"offshore_platform","score":0.9627909660339355}},{"type":"Feature","geometry":{"type":"Point","coordinates":[1.9816956315011611,51.89243096798883]},"properties":{"category":"offshore_wind_turbine","score":0.9986758828163147}},{"type":"Feature","geometry":{"type":"Point","coordinates":[0.288861823153205,53.63513730707398]},"properties":{"category":"offshore_wind_turbine","score":0.99769526720047}},{"type":"Feature","geometry":{"type":"Point","coordinates":[-0.33028230038736045,50.64185472326841]},"properties":{"category":"offshore_platform","score":0.9222963452339172}},{"type":"Feature","geometry":{"type":"Point","coordinates":[-3.559526609521031,53.462643814837335]},"properties":{"category":"offshore_wind_turbine","score":0.99669349193573}},{"type":"Feature","geometry":{"type":"Point","coordinates":[1.5052636529015393,51.683978788206446]},"properties":{"category":"offshore_wind_turbine","score":0.9981281161308289}},{"type":"Feature","geometry":{"type":"Point","coordinates":[2.923638837520139,51.6195766982689]},"properties":{"category":"offshore_wind_turbine","score":0.9981735944747925}},{"type":"Feature","geometry":{"type":"Point","coordinates":[5.215713000924016,53.00535312359934]},"properties":{"category":"offshore_platform","score":0.9695120453834534}},{"type":"Feature","geometry":{"type":"Point","coordinates":[6.247301674551682,54.495318068979195]},"properties":{"category":"offshore_wind_turbine","score":0.9801205992698669}},{"type":"Feature","geometry":{"type":"Point","coordinates":[2.842761462431968,51.618283900934564]},"properties":{"category":"offshore_wind_turbine","score":0.9599443674087524}},{"type":"Feature","geometry":{"type":"Point","coordinates":[5.939359708023795,54.35640481341566]},"properties":{"category":"offshore_wind_turbine","score":0.9991183876991272}},{"type":"Feature","geometry":{"type":"Point","coordinates":[11.18371011056252,56.507833903072445]},"properties":{"category":"offshore_wind_turbine","score":0.9958056211471558}},{"type":"Feature","geometry":{"type":"Point","coordinates":[6.398111275849937,54.49192852899034]},"properties":{"category":"offshore_wind_turbine","score":0.9903960227966309}},{"type":"Feature","geometry":{"type":"Point","coordinates":[7.049312855214909,54.08056530791607]},"properties":{"category":"offshore_wind_turbine","score":0.9956951141357422}},{"type":"Feature","geometry":{"type":"Point","coordinates":[9.408669582855017,37.30461030680141]},"properties":{"category":"offshore_platform","score":0.9852462410926819}},{"type":"Feature","geometry":{"type":"Point","coordinates":[7.681437143277835,56.44335501517391]},"properties":{"category":"offshore_platform","score":0.988796591758728}},{"type":"Feature","geometry":{"type":"Point","coordinates":[11.486735509277883,54.57711765029021]},"properties":{"category":"offshore_wind_turbine","score":0.9981873631477356}},{"type":"Feature","geometry":{"type":"Point","coordinates":[14.13295873752728,54.78280905667201]},"properties":{"category":"offshore_wind_turbine","score":0.8627492189407349}},{"type":"Feature","geometry":{"type":"Point","coordinates":[31.479055217010153,36.720242640755316]},"properties":{"category":"offshore_platform","score":0.9860082268714905}},{"type":"Feature","geometry":{"type":"Point","coordinates":[50.134190051577185,40.753706177720524]},"properties":{"category":"offshore_platform","score":0.9764156937599182}},{"type":"Feature","geometry":{"type":"Point","coordinates":[50.45399950518723,25.964467931991578]},"properties":{"category":"offshore_platform","score":0.9642506241798401}},{"type":"Feature","geometry":{"type":"Point","coordinates":[50.36787101443528,27.846032625586005]},"properties":{"category":"offshore_platform","score":0.9918609857559204}},{"type":"Feature","geometry":{"type":"Point","coordinates":[52.682054617976384,39.44659492865949]},"properties":{"category":"offshore_platform","score":0.9898906946182251}},{"type":"Feature","geometry":{"type":"Point","coordinates":[53.759005335826686,24.843143729587602]},"properties":{"category":"offshore_platform","score":0.9917879700660706}},{"type":"Feature","geometry":{"type":"Point","coordinates":[53.74033559554737,24.789806993221276]},"properties":{"category":"offshore_platform","score":0.9955447912216187}},{"type":"Feature","geometry":{"type":"Point","coordinates":[95.94646583267196,14.158820890766636]},"properties":{"category":"offshore_platform","score":0.9780542254447937}},{"type":"Feature","geometry":{"type":"Point","coordinates":[101.24997814157122,9.383888824728693]},"properties":{"category":"offshore_platform","score":0.9863408803939819}},{"type":"Feature","geometry":{"type":"Point","coordinates":[105.40730482733831,8.929292467426311]},"properties":{"category":"offshore_wind_turbine","score":0.974411129951477}},{"type":"Feature","geometry":{"type":"Point","coordinates":[106.57542848028949,9.639169206698607]},"properties":{"category":"offshore_wind_turbine","score":0.9983546137809753}},{"type":"Feature","geometry":{"type":"Point","coordinates":[109.37453655894296,20.155523405166413]},"properties":{"category":"offshore_wind_turbine","score":0.9802595973014832}},{"type":"Feature","geometry":{"type":"Point","coordinates":[114.90002452448779,20.24799891588331]},"properties":{"category":"offshore_platform","score":0.9659820199012756}},{"type":"Feature","geometry":{"type":"Point","coordinates":[111.66431903403549,21.328389519177666]},"properties":{"category":"offshore_platform","score":0.9406944513320923}},{"type":"Feature","geometry":{"type":"Point","coordinates":[111.60137955144137,20.868505542952885]},"properties":{"category":"offshore_wind_turbine","score":0.9736832976341248}},{"type":"Feature","geometry":{"type":"Point","coordinates":[113.82002542336933,22.56678711950347]},"properties":{"category":"offshore_wind_turbine","score":0.979645311832428}},{"type":"Feature","geometry":{"type":"Point","coordinates":[118.11969070505437,2.06318978932963]},"properties":{"category":"offshore_platform","score":0.9199191331863403}},{"type":"Feature","geometry":{"type":"Point","coordinates":[116.44888666260827,22.704560814321514]},"properties":{"category":"offshore_wind_turbine","score":0.9961673617362976}},{"type":"Feature","geometry":{"type":"Point","coordinates":[119.2278076603721,39.135286346144916]},"properties":{"category":"offshore_platform","score":0.990412175655365}},{"type":"Feature","geometry":{"type":"Point","coordinates":[116.91032410407881,6.719877963956792]},"properties":{"category":"offshore_platform","score":0.9144418835639954}},{"type":"Feature","geometry":{"type":"Point","coordinates":[120.03615895561532,25.887153133832097]},"properties":{"category":"offshore_wind_turbine","score":0.9047660231590271}},{"type":"Feature","geometry":{"type":"Point","coordinates":[121.24697512918705,36.41663665900205]},"properties":{"category":"offshore_platform","score":0.8929659724235535}},{"type":"Feature","geometry":{"type":"Point","coordinates":[120.97422431621776,39.88386777945837]},"properties":{"category":"offshore_platform","score":0.9372058510780334}},{"type":"Feature","geometry":{"type":"Point","coordinates":[121.21099344289796,32.93849543269624]},"properties":{"category":"offshore_wind_turbine","score":0.8594959378242493}},{"type":"Feature","geometry":{"type":"Point","coordinates":[121.28116376582001,32.54007948775273]},"properties":{"category":"offshore_wind_turbine","score":0.9976298809051514}},{"type":"Feature","geometry":{"type":"Point","coordinates":[120.38654863898167,34.524585677767874]},"properties":{"category":"offshore_wind_turbine","score":0.9617612957954407}},{"type":"Feature","geometry":{"type":"Point","coordinates":[121.09773419704251,32.67108724967922]},"properties":{"category":"offshore_wind_turbine","score":0.9487667083740234}},{"type":"Feature","geometry":{"type":"Point","coordinates":[119.81931771546684,24.18729038698959]},"properties":{"category":"offshore_platform","score":0.9464935660362244}},{"type":"Feature","geometry":{"type":"Point","coordinates":[122.01226001548841,28.968167269909028]},"properties":{"category":"offshore_wind_turbine","score":0.9975735545158386}},{"type":"Feature","geometry":{"type":"Point","coordinates":[123.34258451475041,39.53276442320138]},"properties":{"category":"offshore_wind_turbine","score":0.8939939141273499}},{"type":"Feature","geometry":{"type":"Point","coordinates":[121.59129043687128,30.651732125149827]},"properties":{"category":"offshore_wind_turbine","score":0.9840325713157654}},{"type":"Feature","geometry":{"type":"Point","coordinates":[122.13020684863741,30.90495700725476]},"properties":{"category":"offshore_wind_turbine","score":0.998678982257843}},{"type":"Feature","geometry":{"type":"Point","coordinates":[121.32113939686796,32.84769146000988]},"properties":{"category":"offshore_wind_turbine","score":0.9727171063423157}},{"type":"Feature","geometry":{"type":"Point","coordinates":[121.62720594272822,33.33756144078125]},"properties":{"category":"offshore_wind_turbine","score":0.9468339681625366}},{"type":"Feature","geometry":{"type":"Point","coordinates":[126.63902507136164,37.29453012130213]},"properties":{"category":"offshore_platform","score":0.9687770009040833}},{"type":"Feature","geometry":{"type":"Point","coordinates":[-104.20860546135114,-72.72422888527143]},"properties":{"category":"offshore_wind_turbine","score":0.9283052086830139}},{"type":"Feature","geometry":{"type":"Point","coordinates":[-69.85685586126795,-15.554091195227375]},"properties":{"category":"offshore_platform","score":0.8616176843643188}},{"type":"Feature","geometry":{"type":"Point","coordinates":[-38.26505671583217,-9.021157464204727]},"properties":{"category":"offshore_platform","score":0.9667280912399292}},{"type":"Feature","geometry":{"type":"Point","coordinates":[106.54207265191965,-5.332939350714807]},"properties":{"category":"offshore_platform","score":0.9746336936950684}},{"type":"Feature","geometry":{"type":"Point","coordinates":[115.94885062293613,-3.7088070039075154]},"properties":{"category":"offshore_platform","score":0.9410728812217712}},{"type":"Feature","geometry":{"type":"Point","coordinates":[175.15811812467214,-36.78544969796726]},"properties":{"category":"offshore_platform","score":0.9863178730010986}},{"type":"Feature","geometry":{"type":"Point","coordinates":[-71.24402962460319,9.949423415397408]},"properties":{"category":"offshore_platform","score":0.9129218459129333}},{"type":"Feature","geometry":{"type":"Point","coordinates":[71.79186010229888,19.478049935257022]},"properties":{"category":"offshore_platform","score":0.8992682695388794}},{"type":"Feature","geometry":{"type":"Point","coordinates":[112.2223583749404,30.079046819596048]},"properties":{"category":"offshore_platform","score":0.938877522945404}},{"type":"Feature","geometry":{"type":"Point","coordinates":[-100.7041026768678,52.4152662719868]},"properties":{"category":"offshore_platform","score":0.9384894371032715}},{"type":"Feature","geometry":{"type":"Point","coordinates":[118.13268296956642,2.2281286430980276]},"properties":{"category":"offshore_platform","score":0.9213334321975708}},{"type":"Feature","geometry":{"type":"Point","coordinates":[1.684455931877425,53.05397426140003]},"properties":{"category":"offshore_platform","score":0.9890722036361694}},{"type":"Feature","geometry":{"type":"Point","coordinates":[-156.5426528933511,-73.18627138400214]},"properties":{"category":"offshore_wind_turbine","score":0.8861737251281738}},{"type":"Feature","geometry":{"type":"Point","coordinates":[-122.35967538356539,37.84806969897664]},"properties":{"category":"offshore_platform","score":0.9651085734367371}},{"type":"Feature","geometry":{"type":"Point","coordinates":[-94.1025368464503,28.006527536771625]},"properties":{"category":"offshore_platform","score":0.9917955994606018}},{"type":"Feature","geometry":{"type":"Point","coordinates":[-92.13923195864605,19.499551421795342]},"properties":{"category":"offshore_platform","score":0.954856812953949}},{"type":"Feature","geometry":{"type":"Point","coordinates":[-90.26897612180326,27.188630352911556]},"properties":{"category":"offshore_platform","score":0.9709761738777161}},{"type":"Feature","geometry":{"type":"Point","coordinates":[-89.84181015526515,29.014434762690037]},"properties":{"category":"offshore_platform","score":0.9932457804679871}},{"type":"Feature","geometry":{"type":"Point","coordinates":[-80.00909275794419,42.17453010082645]},"properties":{"category":"offshore_platform","score":0.9623086452484131}},{"type":"Feature","geometry":{"type":"Point","coordinates":[-71.48692423848074,10.271465263424941]},"properties":{"category":"offshore_platform","score":0.9758052229881287}},{"type":"Feature","geometry":{"type":"Point","coordinates":[-71.51198334140645,10.299798518917568]},"properties":{"category":"offshore_platform","score":0.9451691508293152}},{"type":"Feature","geometry":{"type":"Point","coordinates":[-71.4361856493199,10.284186441096475]},"properties":{"category":"offshore_platform","score":0.8987948894500732}},{"type":"Feature","geometry":{"type":"Point","coordinates":[-61.916972997941386,10.16311213472422]},"properties":{"category":"offshore_platform","score":0.9586822986602783}},{"type":"Feature","geometry":{"type":"Point","coordinates":[-7.85567167895137,41.74029298098326]},"properties":{"category":"offshore_platform","score":0.9491905570030212}},{"type":"Feature","geometry":{"type":"Point","coordinates":[-2.474985094217978,46.89517702943671]},"properties":{"category":"offshore_platform","score":0.9753585457801819}},{"type":"Feature","geometry":{"type":"Point","coordinates":[-3.5931472782296137,54.03199249766203]},"properties":{"category":"offshore_wind_turbine","score":0.8746911883354187}},{"type":"Feature","geometry":{"type":"Point","coordinates":[0.4301617830805256,53.13448629333213]},"properties":{"category":"offshore_wind_turbine","score":0.9987654685974121}},{"type":"Feature","geometry":{"type":"Point","coordinates":[2.8769676716582957,51.68158966631082]},"properties":{"category":"offshore_wind_turbine","score":0.9354361891746521}},{"type":"Feature","geometry":{"type":"Point","coordinates":[0.9120458757070344,53.48518148051541]},"properties":{"category":"offshore_platform","score":0.968686580657959}},{"type":"Feature","geometry":{"type":"Point","coordinates":[-2.5931900619279817,48.90601784647055]},"properties":{"category":"offshore_wind_turbine","score":0.9959470629692078}},{"type":"Feature","geometry":{"type":"Point","coordinates":[2.8460718162572225,57.111013038261845]},"properties":{"category":"offshore_platform","score":0.9837946891784668}},{"type":"Feature","geometry":{"type":"Point","coordinates":[1.6288136402666864,51.4238031845198]},"properties":{"category":"offshore_wind_turbine","score":0.9959486722946167}},{"type":"Feature","geometry":{"type":"Point","coordinates":[2.974173133445318,51.501997731717374]},"properties":{"category":"offshore_wind_turbine","score":0.9933592677116394}},{"type":"Feature","geometry":{"type":"Point","coordinates":[1.596392893190838,53.91648430229894]},"properties":{"category":"offshore_wind_turbine","score":0.9791924953460693}},{"type":"Feature","geometry":{"type":"Point","coordinates":[5.2803137400530815,4.84758115067446]},"properties":{"category":"offshore_platform","score":0.9416854977607727}},{"type":"Feature","geometry":{"type":"Point","coordinates":[2.8720447317835904,51.651493969441894]},"properties":{"category":"offshore_wind_turbine","score":0.9517614841461182}},{"type":"Feature","geometry":{"type":"Point","coordinates":[2.184522821380198,53.07584943902763]},"properties":{"category":"offshore_platform","score":0.9882211089134216}},{"type":"Feature","geometry":{"type":"Point","coordinates":[6.134021998150217,54.33840541784464]},"properties":{"category":"offshore_platform","score":0.9486486911773682}},{"type":"Feature","geometry":{"type":"Point","coordinates":[7.791851661505071,4.240770596754609]},"properties":{"category":"offshore_platform","score":0.9933468103408813}},{"type":"Feature","geometry":{"type":"Point","coordinates":[6.473450853433498,53.68651158406832]},"properties":{"category":"offshore_wind_turbine","score":0.9875776767730713}},{"type":"Feature","geometry":{"type":"Point","coordinates":[7.641263311442359,54.35135653015166]},"properties":{"category":"offshore_wind_turbine","score":0.9974129796028137}},{"type":"Feature","geometry":{"type":"Point","coordinates":[13.129496373077437,54.95610821239734]},"properties":{"category":"offshore_wind_turbine","score":0.9922454953193665}},{"type":"Feature","geometry":{"type":"Point","coordinates":[7.725036755939845,54.444690204790696]},"properties":{"category":"offshore_wind_turbine","score":0.999103307723999}},{"type":"Feature","geometry":{"type":"Point","coordinates":[17.62643892649731,55.000919963357006]},"properties":{"category":"offshore_platform","score":0.8691692352294922}},{"type":"Feature","geometry":{"type":"Point","coordinates":[33.12852645625702,28.59596159567326]},"properties":{"category":"offshore_platform","score":0.9816668033599854}},{"type":"Feature","geometry":{"type":"Point","coordinates":[49.62024490012698,28.554129750079042]},"properties":{"category":"offshore_platform","score":0.8638404011726379}},{"type":"Feature","geometry":{"type":"Point","coordinates":[49.040183586980675,27.73112336958643]},"properties":{"category":"offshore_platform","score":0.993466317653656}},{"type":"Feature","geometry":{"type":"Point","coordinates":[49.62033119834907,28.337393486589566]},"properties":{"category":"offshore_platform","score":0.9948102235794067}},{"type":"Feature","geometry":{"type":"Point","coordinates":[50.887548059317076,40.202540018473336]},"properties":{"category":"offshore_platform","score":0.8900790810585022}},{"type":"Feature","geometry":{"type":"Point","coordinates":[53.79104321038823,24.85042536623443]},"properties":{"category":"offshore_platform","score":0.9939866065979004}},{"type":"Feature","geometry":{"type":"Point","coordinates":[53.268997378523764,25.26312532490604]},"properties":{"category":"offshore_platform","score":0.9298586249351501}},{"type":"Feature","geometry":{"type":"Point","coordinates":[71.29026545435897,19.386674325001213]},"properties":{"category":"offshore_platform","score":0.988060712814331}},{"type":"Feature","geometry":{"type":"Point","coordinates":[101.71915529418953,8.76364184662122]},"properties":{"category":"offshore_platform","score":0.9752403497695923}},{"type":"Feature","geometry":{"type":"Point","coordinates":[104.79067837680796,9.764595688174635]},"properties":{"category":"offshore_platform","score":0.9655998349189758}},{"type":"Feature","geometry":{"type":"Point","coordinates":[105.14037734112115,8.653504911164259]},"properties":{"category":"offshore_wind_turbine","score":0.9985114932060242}},{"type":"Feature","geometry":{"type":"Point","coordinates":[106.86259698824139,10.145093100654352]},"properties":{"category":"offshore_wind_turbine","score":0.9954767823219299}},{"type":"Feature","geometry":{"type":"Point","coordinates":[110.52319434665297,20.733829319271837]},"properties":{"category":"offshore_wind_turbine","score":0.9981617331504822}},{"type":"Feature","geometry":{"type":"Point","coordinates":[113.43965517821631,21.924130149267732]},"properties":{"category":"offshore_wind_turbine","score":0.9984927177429199}},{"type":"Feature","geometry":{"type":"Point","coordinates":[111.5436741991781,21.293037923833978]},"properties":{"category":"offshore_wind_turbine","score":0.9972188472747803}},{"type":"Feature","geometry":{"type":"Point","coordinates":[112.24576872175571,21.493867890888726]},"properties":{"category":"offshore_wind_turbine","score":0.9863193035125732}},{"type":"Feature","geometry":{"type":"Point","coordinates":[113.72700976760127,4.421672772580528]},"properties":{"category":"offshore_wind_turbine","score":0.8779532313346863}},{"type":"Feature","geometry":{"type":"Point","coordinates":[116.15790147783274,22.736864587560966]},"properties":{"category":"offshore_platform","score":0.9465752840042114}},{"type":"Feature","geometry":{"type":"Point","coordinates":[115.83279186918867,5.599768038177371]},"properties":{"category":"offshore_platform","score":0.9484059810638428}},{"type":"Feature","geometry":{"type":"Point","coordinates":[121.73165540963879,32.366767527090225]},"properties":{"category":"offshore_wind_turbine","score":0.9972147345542908}},{"type":"Feature","geometry":{"type":"Point","coordinates":[119.39829378819152,25.11675029345332]},"properties":{"category":"offshore_platform","score":0.9696229100227356}},{"type":"Feature","geometry":{"type":"Point","coordinates":[118.8063501694784,38.24103222814328]},"properties":{"category":"offshore_platform","score":0.9800431728363037}},{"type":"Feature","geometry":{"type":"Point","coordinates":[121.65564904781209,36.430671333295386]},"properties":{"category":"offshore_wind_turbine","score":0.9973815083503723}},{"type":"Feature","geometry":{"type":"Point","coordinates":[120.93107917568639,33.59252834591208]},"properties":{"category":"offshore_wind_turbine","score":0.9988898634910583}},{"type":"Feature","geometry":{"type":"Point","coordinates":[121.38021420111883,33.5297040740017]},"properties":{"category":"offshore_wind_turbine","score":0.9838338494300842}},{"type":"Feature","geometry":{"type":"Point","coordinates":[121.94687257458818,32.79531396790281]},"properties":{"category":"offshore_wind_turbine","score":0.9983918070793152}},{"type":"Feature","geometry":{"type":"Point","coordinates":[121.12552360011546,33.35793962055339]},"properties":{"category":"offshore_wind_turbine","score":0.9969984292984009}},{"type":"Feature","geometry":{"type":"Point","coordinates":[119.62054683905285,25.569961959096528]},"properties":{"category":"offshore_wind_turbine","score":0.9973353743553162}},{"type":"Feature","geometry":{"type":"Point","coordinates":[121.99168056049409,28.89306267861016]},"properties":{"category":"offshore_wind_turbine","score":0.9788752794265747}},{"type":"Feature","geometry":{"type":"Point","coordinates":[121.66152242281292,37.48604411915562]},"properties":{"category":"offshore_platform","score":0.9746094942092896}},{"type":"Feature","geometry":{"type":"Point","coordinates":[121.66133744384148,30.637204378106514]},"properties":{"category":"offshore_platform","score":0.9653946757316589}},{"type":"Feature","geometry":{"type":"Point","coordinates":[121.21736328515082,33.324066848810006]},"properties":{"category":"offshore_wind_turbine","score":0.971204400062561}},{"type":"Feature","geometry":{"type":"Point","coordinates":[121.38129688646218,33.42580807072394]},"properties":{"category":"offshore_wind_turbine","score":0.9923305511474609}},{"type":"Feature","geometry":{"type":"Point","coordinates":[121.78692922978662,32.82828528194177]},"properties":{"category":"offshore_wind_turbine","score":0.9987460374832153}},{"type":"Feature","geometry":{"type":"Point","coordinates":[129.47694891275972,36.07788624803871]},"properties":{"category":"offshore_platform","score":0.9639235138893127}},{"type":"Feature","geometry":{"type":"Point","coordinates":[-73.33427401319443,-42.49460680726337]},"properties":{"category":"offshore_platform","score":0.869526743888855}},{"type":"Feature","geometry":{"type":"Point","coordinates":[11.405760170563777,-4.732919778694651]},"properties":{"category":"offshore_platform","score":0.9795299172401428}},{"type":"Feature","geometry":{"type":"Point","coordinates":[106.64413640361012,-4.584936168392149]},"properties":{"category":"offshore_platform","score":0.9872955679893494}},{"type":"Feature","geometry":{"type":"Point","coordinates":[116.3147635427257,-3.2397839875190533]},"properties":{"category":"offshore_platform","score":0.956550121307373}},{"type":"Feature","geometry":{"type":"Point","coordinates":[-123.48349014028321,76.27066196843441]},"properties":{"category":"offshore_wind_turbine","score":0.9634314179420471}},{"type":"Feature","geometry":{"type":"Point","coordinates":[-71.5101326258983,10.322335442032792]},"properties":{"category":"offshore_platform","score":0.8753777146339417}},{"type":"Feature","geometry":{"type":"Point","coordinates":[73.5080479136041,18.825970395259088]},"properties":{"category":"offshore_platform","score":0.9893375635147095}},{"type":"Feature","geometry":{"type":"Point","coordinates":[110.88945230116484,30.892071111475804]},"properties":{"category":"offshore_platform","score":0.9870198965072632}},{"type":"Feature","geometry":{"type":"Point","coordinates":[33.820230981361995,-1.4045546815113688]},"properties":{"category":"offshore_platform","score":0.908620297908783}},{"type":"Feature","geometry":{"type":"Point","coordinates":[-6.932588494750727,37.21060264089524]},"properties":{"category":"offshore_platform","score":0.9520618915557861}},{"type":"Feature","geometry":{"type":"Point","coordinates":[-108.54661901796688,69.28394547343042]},"properties":{"category":"offshore_platform","score":0.9824286103248596}},{"type":"Feature","geometry":{"type":"Point","coordinates":[-118.58043745642576,-74.35112216128036]},"properties":{"category":"offshore_platform","score":0.9407258629798889}},{"type":"Feature","geometry":{"type":"Point","coordinates":[-107.8229121942208,63.202992120984696]},"properties":{"category":"offshore_platform","score":0.9698635935783386}},{"type":"Feature","geometry":{"type":"Point","coordinates":[-92.07196465842871,28.804907138672938]},"properties":{"category":"offshore_platform","score":0.9953613877296448}},{"type":"Feature","geometry":{"type":"Point","coordinates":[-95.35645985313525,54.92342539636533]},"properties":{"category":"offshore_platform","score":0.9738515019416809}},{"type":"Feature","geometry":{"type":"Point","coordinates":[-89.38782259734197,28.680728287724282]},"properties":{"category":"offshore_platform","score":0.9959434866905212}},{"type":"Feature","geometry":{"type":"Point","coordinates":[-90.16844524186443,29.633661211962238]},"properties":{"category":"offshore_platform","score":0.9738842844963074}},{"type":"Feature","geometry":{"type":"Point","coordinates":[-71.92566927124335,10.014165215153994]},"properties":{"category":"offshore_platform","score":0.9403208494186401}},{"type":"Feature","geometry":{"type":"Point","coordinates":[-71.89012722505849,10.045805889969818]},"properties":{"category":"offshore_platform","score":0.9627695083618164}},{"type":"Feature","geometry":{"type":"Point","coordinates":[-71.46935930746659,10.203505870779734]},"properties":{"category":"offshore_platform","score":0.9461473822593689}},{"type":"Feature","geometry":{"type":"Point","coordinates":[-61.880860132917334,10.23322964762051]},"properties":{"category":"offshore_platform","score":0.9712290167808533}},{"type":"Feature","geometry":{"type":"Point","coordinates":[-2.684699531100777,58.135112876350924]},"properties":{"category":"offshore_platform","score":0.9684399962425232}},{"type":"Feature","geometry":{"type":"Point","coordinates":[-0.494585769743008,49.44218837158945]},"properties":{"category":"offshore_platform","score":0.9575579762458801}},{"type":"Feature","geometry":{"type":"Point","coordinates":[-2.455409479029895,46.8308695897774]},"properties":{"category":"offshore_platform","score":0.9090465307235718}},{"type":"Feature","geometry":{"type":"Point","coordinates":[2.465123150608781,52.26467267113379]},"properties":{"category":"offshore_wind_turbine","score":0.9763206839561462}},{"type":"Feature","geometry":{"type":"Point","coordinates":[0.8264360719912941,53.25241892391078]},"properties":{"category":"offshore_platform","score":0.8709185123443604}},{"type":"Feature","geometry":{"type":"Point","coordinates":[-2.5773828041283497,48.861106337533606]},"properties":{"category":"offshore_wind_turbine","score":0.9939165711402893}},{"type":"Feature","geometry":{"type":"Point","coordinates":[3.397984484490464,56.27460799073903]},"properties":{"category":"offshore_platform","score":0.9322233200073242}},{"type":"Feature","geometry":{"type":"Point","coordinates":[2.18751778012074,53.05198919344976]},"properties":{"category":"offshore_platform","score":0.980430006980896}},{"type":"Feature","geometry":{"type":"Point","coordinates":[3.941168362526537,52.26561071835342]},"properties":{"category":"offshore_platform","score":0.9719101190567017}},{"type":"Feature","geometry":{"type":"Point","coordinates":[1.6655451451392862,53.835571212261065]},"properties":{"category":"offshore_platform","score":0.9817526340484619}},{"type":"Feature","geometry":{"type":"Point","coordinates":[6.441388192456111,53.990993238745176]},"properties":{"category":"offshore_wind_turbine","score":0.998746395111084}},{"type":"Feature","geometry":{"type":"Point","coordinates":[4.093061544915597,52.239601577992126]},"properties":{"category":"offshore_platform","score":0.9442447423934937}},{"type":"Feature","geometry":{"type":"Point","coordinates":[5.8985021213984545,54.27491109676745]},"properties":{"category":"offshore_platform","score":0.9105331301689148}},{"type":"Feature","geometry":{"type":"Point","coordinates":[11.231820249471516,56.56942608952115]},"properties":{"category":"offshore_wind_turbine","score":0.9985419511795044}},{"type":"Feature","geometry":{"type":"Point","coordinates":[6.473718405503568,53.990940091341706]},"properties":{"category":"offshore_wind_turbine","score":0.9988462924957275}},{"type":"Feature","geometry":{"type":"Point","coordinates":[7.1868943149605276,55.14584872640927]},"properties":{"category":"offshore_wind_turbine","score":0.9981264472007751}},{"type":"Feature","geometry":{"type":"Point","coordinates":[10.566738790263532,55.513046576892876]},"properties":{"category":"offshore_platform","score":0.946191668510437}},{"type":"Feature","geometry":{"type":"Point","coordinates":[7.790978694799803,55.021460923513004]},"properties":{"category":"offshore_wind_turbine","score":0.9978051781654358}},{"type":"Feature","geometry":{"type":"Point","coordinates":[12.654784314646877,54.614855986564706]},"properties":{"category":"offshore_wind_turbine","score":0.9986817240715027}},{"type":"Feature","geometry":{"type":"Point","coordinates":[19.41083440189678,40.341930260843554]},"properties":{"category":"offshore_platform","score":0.9882297515869141}},{"type":"Feature","geometry":{"type":"Point","coordinates":[33.13021816303843,28.64266042458537]},"properties":{"category":"offshore_platform","score":0.9860323667526245}},{"type":"Feature","geometry":{"type":"Point","coordinates":[49.65944639816227,28.43632443250287]},"properties":{"category":"offshore_platform","score":0.9756370186805725}},{"type":"Feature","geometry":{"type":"Point","coordinates":[52.439934751622964,25.64688128504519]},"properties":{"category":"offshore_platform","score":0.9604870676994324}},{"type":"Feature","geometry":{"type":"Point","coordinates":[50.28810964991726,29.224380588626776]},"properties":{"category":"offshore_platform","score":0.9636592864990234}},{"type":"Feature","geometry":{"type":"Point","coordinates":[52.953979487095786,24.992363671143554]},"properties":{"category":"offshore_platform","score":0.9965774416923523}},{"type":"Feature","geometry":{"type":"Point","coordinates":[52.40163504491824,25.509076765266247]},"properties":{"category":"offshore_platform","score":0.8937944769859314}},{"type":"Feature","geometry":{"type":"Point","coordinates":[72.51714134614302,21.103337119834467]},"properties":{"category":"offshore_platform","score":0.9870083928108215}},{"type":"Feature","geometry":{"type":"Point","coordinates":[100.00021439076657,13.242711896620323]},"properties":{"category":"offshore_platform","score":0.9853358864784241}},{"type":"Feature","geometry":{"type":"Point","coordinates":[101.60474241267735,8.74802083580908]},"properties":{"category":"offshore_platform","score":0.9951194524765015}},{"type":"Feature","geometry":{"type":"Point","coordinates":[105.41154100090537,5.4101049892551885]},"properties":{"category":"offshore_platform","score":0.995966911315918}},{"type":"Feature","geometry":{"type":"Point","coordinates":[108.22040651912745,21.329585182313807]},"properties":{"category":"offshore_wind_turbine","score":0.9965697526931763}},{"type":"Feature","geometry":{"type":"Point","coordinates":[110.77517812801123,20.552532613860848]},"properties":{"category":"offshore_wind_turbine","score":0.8988180756568909}},{"type":"Feature","geometry":{"type":"Point","coordinates":[111.45389816471679,21.334956869399548]},"properties":{"category":"offshore_wind_turbine","score":0.9977391958236694}},{"type":"Feature","geometry":{"type":"Point","coordinates":[111.59130334319575,21.10492553762341]},"properties":{"category":"offshore_wind_turbine","score":0.9973114728927612}},{"type":"Feature","geometry":{"type":"Point","coordinates":[112.41221589554114,3.6053939565686077]},"properties":{"category":"offshore_platform","score":0.9793142676353455}},{"type":"Feature","geometry":{"type":"Point","coordinates":[117.84942855414272,2.6259414641476706]},"properties":{"category":"offshore_platform","score":0.8631398677825928}},{"type":"Feature","geometry":{"type":"Point","coordinates":[116.18858612105943,22.59437146838894]},"properties":{"category":"offshore_wind_turbine","score":0.9930317401885986}},{"type":"Feature","geometry":{"type":"Point","coordinates":[116.41811606319533,-2.6831455150038988]},"properties":{"category":"offshore_platform","score":0.9231661558151245}},{"type":"Feature","geometry":{"type":"Point","coordinates":[121.66668836313148,32.38197429508803]},"properties":{"category":"offshore_wind_turbine","score":0.9970034956932068}},{"type":"Feature","geometry":{"type":"Point","coordinates":[119.52264842993398,25.253369599377407]},"properties":{"category":"offshore_wind_turbine","score":0.890471339225769}},{"type":"Feature","geometry":{"type":"Point","coordinates":[120.00552793365118,24.17932145241103]},"properties":{"category":"offshore_wind_turbine","score":0.9882160425186157}},{"type":"Feature","geometry":{"type":"Point","coordinates":[121.22007183935924,36.39753389910748]},"properties":{"category":"offshore_wind_turbine","score":0.9567596316337585}},{"type":"Feature","geometry":{"type":"Point","coordinates":[121.15481197715569,32.54659207022055]},"properties":{"category":"offshore_wind_turbine","score":0.9969900846481323}},{"type":"Feature","geometry":{"type":"Point","coordinates":[121.14279748499891,33.549375181086546]},"properties":{"category":"offshore_wind_turbine","score":0.9832215309143066}},{"type":"Feature","geometry":{"type":"Point","coordinates":[121.22269587186335,32.51476612158157]},"properties":{"category":"offshore_wind_turbine","score":0.9980319142341614}},{"type":"Feature","geometry":{"type":"Point","coordinates":[121.97085891053207,32.69300767705226]},"properties":{"category":"offshore_wind_turbine","score":0.996648371219635}},{"type":"Feature","geometry":{"type":"Point","coordinates":[121.0949098677176,33.58216602313765]},"properties":{"category":"offshore_wind_turbine","score":0.9672462940216064}},{"type":"Feature","geometry":{"type":"Point","coordinates":[120.36001032045486,37.873268540483636]},"properties":{"category":"offshore_wind_turbine","score":0.9712930917739868}},{"type":"Feature","geometry":{"type":"Point","coordinates":[120.13621947667384,24.015949455922424]},"properties":{"category":"offshore_wind_turbine","score":0.97585529088974}},{"type":"Feature","geometry":{"type":"Point","coordinates":[123.3242682630705,39.48941573020494]},"properties":{"category":"offshore_wind_turbine","score":0.9965624213218689}},{"type":"Feature","geometry":{"type":"Point","coordinates":[121.44535212392148,30.633479797336975]},"properties":{"category":"offshore_platform","score":0.9552533626556396}},{"type":"Feature","geometry":{"type":"Point","coordinates":[122.10551611285078,30.90072183019456]},"properties":{"category":"offshore_wind_turbine","score":0.9944087862968445}},{"type":"Feature","geometry":{"type":"Point","coordinates":[121.5469913312856,33.321195107315205]},"properties":{"category":"offshore_wind_turbine","score":0.9985311031341553}},{"type":"Feature","geometry":{"type":"Point","coordinates":[121.8806439324757,32.737721237077885]},"properties":{"category":"offshore_wind_turbine","score":0.998329222202301}},{"type":"Feature","geometry":{"type":"Point","coordinates":[150.1855484559287,45.91885844534217]},"properties":{"category":"offshore_platform","score":0.9373871088027954}},{"type":"Feature","geometry":{"type":"Point","coordinates":[-73.10793426432537,-45.387391406376686]},"properties":{"category":"offshore_platform","score":0.9695742130279541}},{"type":"Feature","geometry":{"type":"Point","coordinates":[8.593083182236283,-1.032869069536263]},"properties":{"category":"offshore_platform","score":0.9821223020553589}},{"type":"Feature","geometry":{"type":"Point","coordinates":[117.17188896170391,-1.0263204784650697]},"properties":{"category":"offshore_platform","score":0.9013608694076538}},{"type":"Feature","geometry":{"type":"Point","coordinates":[120.29920495762347,-5.120419370711125]},"properties":{"category":"offshore_platform","score":0.9090220332145691}},{"type":"Feature","geometry":{"type":"Point","coordinates":[-90.26072365357018,30.331917292093763]},"properties":{"category":"offshore_platform","score":0.9495092034339905}},{"type":"Feature","geometry":{"type":"Point","coordinates":[-71.20438528275746,9.83834742073578]},"properties":{"category":"offshore_platform","score":0.9536243677139282}},{"type":"Feature","geometry":{"type":"Point","coordinates":[53.20478028852144,71.45675453737431]},"properties":{"category":"offshore_platform","score":0.9122800827026367}},{"type":"Feature","geometry":{"type":"Point","coordinates":[116.16299494587247,22.62120380628674]},"properties":{"category":"offshore_platform","score":0.9469955563545227}},{"type":"Feature","geometry":{"type":"Point","coordinates":[121.9147703801098,32.689237700469654]},"properties":{"category":"offshore_platform","score":0.8696008324623108}},{"type":"Feature","geometry":{"type":"Point","coordinates":[17.02766631438301,69.36932373664222]},"properties":{"category":"offshore_platform","score":0.8668753504753113}},{"type":"Feature","geometry":{"type":"Point","coordinates":[126.45655717852463,36.40698818237965]},"properties":{"category":"offshore_platform","score":0.9560536742210388}},{"type":"Feature","geometry":{"type":"Point","coordinates":[31.78902469512439,46.59789260163096]},"properties":{"category":"offshore_platform","score":0.9385422468185425}},{"type":"Feature","geometry":{"type":"Point","coordinates":[37.88752444512252,38.03178652482736]},"properties":{"category":"offshore_platform","score":0.862034022808075}},{"type":"Feature","geometry":{"type":"Point","coordinates":[18.606680525600336,-69.28839518899056]},"properties":{"category":"offshore_wind_turbine","score":0.9872131943702698}},{"type":"Feature","geometry":{"type":"Point","coordinates":[-93.54009152276328,29.702723331671443]},"properties":{"category":"offshore_platform","score":0.9885522127151489}},{"type":"Feature","geometry":{"type":"Point","coordinates":[-92.25149731050637,19.240419110822234]},"properties":{"category":"offshore_platform","score":0.949870765209198}},{"type":"Feature","geometry":{"type":"Point","coordinates":[-88.09199525831744,29.0610973502957]},"properties":{"category":"offshore_platform","score":0.994331955909729}},{"type":"Feature","geometry":{"type":"Point","coordinates":[-89.12025280105173,29.264665859750263]},"properties":{"category":"offshore_platform","score":0.9359002709388733}},{"type":"Feature","geometry":{"type":"Point","coordinates":[-70.46343780955877,41.120493802042006]},"properties":{"category":"offshore_platform","score":0.95766681432724}},{"type":"Feature","geometry":{"type":"Point","coordinates":[-71.59920730961528,10.32407068178474]},"properties":{"category":"offshore_platform","score":0.9832444190979004}},{"type":"Feature","geometry":{"type":"Point","coordinates":[-71.44471997878567,10.301916479760537]},"properties":{"category":"offshore_platform","score":0.8525091409683228}},{"type":"Feature","geometry":{"type":"Point","coordinates":[-70.571870003291,41.03548875023901]},"properties":{"category":"offshore_platform","score":0.9904402494430542}},{"type":"Feature","geometry":{"type":"Point","coordinates":[-3.454768545229867,53.965659125798595]},"properties":{"category":"offshore_wind_turbine","score":0.997836172580719}},{"type":"Feature","geometry":{"type":"Point","coordinates":[-1.6580317073066901,56.6180747366626]},"properties":{"category":"offshore_wind_turbine","score":0.9364001750946045}},{"type":"Feature","geometry":{"type":"Point","coordinates":[-2.5745314817250287,47.14283964754968]},"properties":{"category":"offshore_wind_turbine","score":0.946060299873352}},{"type":"Feature","geometry":{"type":"Point","coordinates":[1.9731697484188613,51.94545068051184]},"properties":{"category":"offshore_wind_turbine","score":0.9981289505958557}},{"type":"Feature","geometry":{"type":"Point","coordinates":[1.219386301267397,53.96287972817414]},"properties":{"category":"offshore_platform","score":0.9932035207748413}},{"type":"Feature","geometry":{"type":"Point","coordinates":[-1.759059727764024,56.584943498805146]},"properties":{"category":"offshore_platform","score":0.9703041315078735}},{"type":"Feature","geometry":{"type":"Point","coordinates":[0.1373142557911687,53.78988168089507]},"properties":{"category":"offshore_wind_turbine","score":0.9853954315185547}},{"type":"Feature","geometry":{"type":"Point","coordinates":[1.540634615104065,51.593386444809205]},"properties":{"category":"offshore_wind_turbine","score":0.996566653251648}},{"type":"Feature","geometry":{"type":"Point","coordinates":[3.0955307398979923,51.64683376410212]},"properties":{"category":"offshore_wind_turbine","score":0.9875665903091431}},{"type":"Feature","geometry":{"type":"Point","coordinates":[0.820724285099714,53.28644860198203]},"properties":{"category":"offshore_platform","score":0.9259222149848938}},{"type":"Feature","geometry":{"type":"Point","coordinates":[3.83242879167306,55.10495001202476]},"properties":{"category":"offshore_platform","score":0.9938732385635376}},{"type":"Feature","geometry":{"type":"Point","coordinates":[7.572046022685178,55.69729426851219]},"properties":{"category":"offshore_wind_turbine","score":0.9339532256126404}},{"type":"Feature","geometry":{"type":"Point","coordinates":[5.264627387338567,53.02643635831373]},"properties":{"category":"offshore_platform","score":0.9378237128257751}},{"type":"Feature","geometry":{"type":"Point","coordinates":[5.925324478337331,54.031550576562324]},"properties":{"category":"offshore_wind_turbine","score":0.9908718466758728}},{"type":"Feature","geometry":{"type":"Point","coordinates":[12.0585572267423,33.86044482809201]},"properties":{"category":"offshore_platform","score":0.99332195520401}},{"type":"Feature","geometry":{"type":"Point","coordinates":[6.474757733110528,54.01786627850987]},"properties":{"category":"offshore_wind_turbine","score":0.9981797933578491}},{"type":"Feature","geometry":{"type":"Point","coordinates":[7.233543599560809,55.122810202588326]},"properties":{"category":"offshore_wind_turbine","score":0.936829686164856}},{"type":"Feature","geometry":{"type":"Point","coordinates":[8.148620951282576,53.66908587724796]},"properties":{"category":"offshore_platform","score":0.9208436012268066}},{"type":"Feature","geometry":{"type":"Point","coordinates":[14.061876303164999,54.84675598036176]},"properties":{"category":"offshore_wind_turbine","score":0.9904828071594238}},{"type":"Feature","geometry":{"type":"Point","coordinates":[7.640283412698222,54.40604584576651]},"properties":{"category":"offshore_wind_turbine","score":0.9983919262886047}},{"type":"Feature","geometry":{"type":"Point","coordinates":[18.586713774956202,30.496592355309694]},"properties":{"category":"offshore_platform","score":0.9027467370033264}},{"type":"Feature","geometry":{"type":"Point","coordinates":[29.565779353201627,44.52288999181763]},"properties":{"category":"offshore_platform","score":0.9954829216003418}},{"type":"Feature","geometry":{"type":"Point","coordinates":[34.57400615559451,62.85950862396966]},"properties":{"category":"offshore_platform","score":0.9617444276809692}},{"type":"Feature","geometry":{"type":"Point","coordinates":[48.935675784207305,27.74011420918444]},"properties":{"category":"offshore_platform","score":0.9966933727264404}},{"type":"Feature","geometry":{"type":"Point","coordinates":[49.701700309531006,28.51429960592473]},"properties":{"category":"offshore_platform","score":0.9924484491348267}},{"type":"Feature","geometry":{"type":"Point","coordinates":[51.02900398878451,40.20105036925457]},"properties":{"category":"offshore_platform","score":0.9553924798965454}},{"type":"Feature","geometry":{"type":"Point","coordinates":[54.424390023710565,25.579766298398702]},"properties":{"category":"offshore_platform","score":0.975650429725647}},{"type":"Feature","geometry":{"type":"Point","coordinates":[56.055490760798016,26.244717331883855]},"properties":{"category":"offshore_platform","score":0.9226183891296387}},{"type":"Feature","geometry":{"type":"Point","coordinates":[76.62975694898675,19.510522903455392]},"properties":{"category":"offshore_platform","score":0.8650947213172913}},{"type":"Feature","geometry":{"type":"Point","coordinates":[101.44246923049087,9.08077778602226]},"properties":{"category":"offshore_platform","score":0.9818914532661438}},{"type":"Feature","geometry":{"type":"Point","coordinates":[105.61009062909483,9.101351176957834]},"properties":{"category":"offshore_platform","score":0.9294602870941162}},{"type":"Feature","geometry":{"type":"Point","coordinates":[109.13358189247688,20.119383361279393]},"properties":{"category":"offshore_platform","score":0.9804926514625549}},{"type":"Feature","geometry":{"type":"Point","coordinates":[109.11188035097877,20.078992183780503]},"properties":{"category":"offshore_wind_turbine","score":0.9770966172218323}},{"type":"Feature","geometry":{"type":"Point","coordinates":[112.30558250880925,4.638866589655582]},"properties":{"category":"offshore_platform","score":0.9869247674942017}},{"type":"Feature","geometry":{"type":"Point","coordinates":[111.52316180115538,21.26420612131737]},"properties":{"category":"offshore_platform","score":0.9322705864906311}},{"type":"Feature","geometry":{"type":"Point","coordinates":[112.17400745133493,21.45096303783831]},"properties":{"category":"offshore_platform","score":0.9668734073638916}},{"type":"Feature","geometry":{"type":"Point","coordinates":[113.91843586712623,4.507344374514219]},"properties":{"category":"offshore_platform","score":0.9862645268440247}},{"type":"Feature","geometry":{"type":"Point","coordinates":[116.14112108649358,22.73107551790012]},"properties":{"category":"offshore_wind_turbine","score":0.9492163062095642}},{"type":"Feature","geometry":{"type":"Point","coordinates":[118.30128953483063,4.270994423775863]},"properties":{"category":"offshore_platform","score":0.9369071125984192}},{"type":"Feature","geometry":{"type":"Point","coordinates":[119.00198490189965,38.99564084135772]},"properties":{"category":"offshore_platform","score":0.9722604751586914}},{"type":"Feature","geometry":{"type":"Point","coordinates":[119.13871551796981,25.22598909950061]},"properties":{"category":"offshore_platform","score":0.9530729651451111}},{"type":"Feature","geometry":{"type":"Point","coordinates":[118.87955802657477,38.279291827051345]},"properties":{"category":"offshore_wind_turbine","score":0.9973733425140381}},{"type":"Feature","geometry":{"type":"Point","coordinates":[121.12305812692345,14.39440368155441]},"properties":{"category":"offshore_platform","score":0.9026007652282715}},{"type":"Feature","geometry":{"type":"Point","coordinates":[120.99322556694034,32.61844973001176]},"properties":{"category":"offshore_wind_turbine","score":0.997153639793396}},{"type":"Feature","geometry":{"type":"Point","coordinates":[121.24016833893552,32.653533039212654]},"properties":{"category":"offshore_wind_turbine","score":0.958370566368103}},{"type":"Feature","geometry":{"type":"Point","coordinates":[121.6627679818349,32.63527370787245]},"properties":{"category":"offshore_wind_turbine","score":0.9972677230834961}},{"type":"Feature","geometry":{"type":"Point","coordinates":[120.65893630512792,34.306617106673116]},"properties":{"category":"offshore_wind_turbine","score":0.9943792223930359}},{"type":"Feature","geometry":{"type":"Point","coordinates":[118.67045646366778,38.266378693194355]},"properties":{"category":"offshore_wind_turbine","score":0.9491031169891357}},{"type":"Feature","geometry":{"type":"Point","coordinates":[119.888312160753,24.127754848626253]},"properties":{"category":"offshore_platform","score":0.9749014973640442}},{"type":"Feature","geometry":{"type":"Point","coordinates":[122.03846660024838,29.052010021055597]},"properties":{"category":"offshore_wind_turbine","score":0.997478187084198}},{"type":"Feature","geometry":{"type":"Point","coordinates":[123.42512114447906,39.477423923250726]},"properties":{"category":"offshore_platform","score":0.9353319406509399}},{"type":"Feature","geometry":{"type":"Point","coordinates":[121.65031740386694,32.3731153103198]},"properties":{"category":"offshore_wind_turbine","score":0.9976377487182617}},{"type":"Feature","geometry":{"type":"Point","coordinates":[121.34072277025784,33.459865267815736]},"properties":{"category":"offshore_wind_turbine","score":0.9984408020973206}},{"type":"Feature","geometry":{"type":"Point","coordinates":[121.56067929854703,33.321591568060505]},"properties":{"category":"offshore_wind_turbine","score":0.9657636880874634}},{"type":"Feature","geometry":{"type":"Point","coordinates":[121.71582732262394,32.68384306745282]},"properties":{"category":"offshore_wind_turbine","score":0.9983671307563782}},{"type":"Feature","geometry":{"type":"Point","coordinates":[143.4977207011399,52.93294096537105]},"properties":{"category":"offshore_platform","score":0.955312967300415}},{"type":"Feature","geometry":{"type":"Point","coordinates":[-72.6630533364865,-40.796621429494515]},"properties":{"category":"offshore_platform","score":0.9524489045143127}},{"type":"Feature","geometry":{"type":"Point","coordinates":[-36.998637373628256,-75.66285700415871]},"properties":{"category":"offshore_platform","score":0.8952385187149048}},{"type":"Feature","geometry":{"type":"Point","coordinates":[11.56979729658085,-4.553993972710098]},"properties":{"category":"offshore_platform","score":0.9701460003852844}},{"type":"Feature","geometry":{"type":"Point","coordinates":[107.92722505428596,-5.969668335966782]},"properties":{"category":"offshore_platform","score":0.9633378386497498}},{"type":"Feature","geometry":{"type":"Point","coordinates":[123.53151341867171,-16.488276234397233]},"properties":{"category":"offshore_platform","score":0.8841726183891296}},{"type":"Feature","geometry":{"type":"Point","coordinates":[-84.00908178766178,35.55513577090019]},"properties":{"category":"offshore_platform","score":0.9597532153129578}},{"type":"Feature","geometry":{"type":"Point","coordinates":[-71.8378269570101,10.09237205627533]},"properties":{"category":"offshore_platform","score":0.9618661403656006}},{"type":"Feature","geometry":{"type":"Point","coordinates":[27.04375391868463,38.934575224461724]},"properties":{"category":"offshore_platform","score":0.980334997177124}},{"type":"Feature","geometry":{"type":"Point","coordinates":[76.10826257271128,18.335983552550054]},"properties":{"category":"offshore_platform","score":0.9509856104850769}},{"type":"Feature","geometry":{"type":"Point","coordinates":[117.76061152224382,38.24072620888994]},"properties":{"category":"offshore_platform","score":0.9457188844680786}},{"type":"Feature","geometry":{"type":"Point","coordinates":[-66.71492338314226,-23.497982360298455]},"properties":{"category":"offshore_platform","score":0.9683415293693542}},{"type":"Feature","geometry":{"type":"Point","coordinates":[-68.02135160069352,68.59499784550374]},"properties":{"category":"offshore_platform","score":0.9719381928443909}},{"type":"Feature","geometry":{"type":"Point","coordinates":[104.49462692493654,0.4023643418221917]},"properties":{"category":"offshore_platform","score":0.8995206952095032}},{"type":"Feature","geometry":{"type":"Point","coordinates":[47.957139788507,-67.45063756187744]},"properties":{"category":"offshore_platform","score":0.9549147486686707}},{"type":"Feature","geometry":{"type":"Point","coordinates":[121.30497195614852,38.24199983587]},"properties":{"category":"offshore_platform","score":0.8661390542984009}},{"type":"Feature","geometry":{"type":"Point","coordinates":[-96.08180192773031,28.495384026892943]},"properties":{"category":"offshore_platform","score":0.9740301966667175}},{"type":"Feature","geometry":{"type":"Point","coordinates":[-91.96189093094763,28.973374229401138]},"properties":{"category":"offshore_platform","score":0.9952207207679749}},{"type":"Feature","geometry":{"type":"Point","coordinates":[-90.14773135676832,29.01281116828689]},"properties":{"category":"offshore_platform","score":0.9863008260726929}},{"type":"Feature","geometry":{"type":"Point","coordinates":[-89.60764181413714,28.865059366921436]},"properties":{"category":"offshore_platform","score":0.9930602312088013}},{"type":"Feature","geometry":{"type":"Point","coordinates":[-73.5424615825955,41.013608491706904]},"properties":{"category":"offshore_platform","score":0.9242661595344543}},{"type":"Feature","geometry":{"type":"Point","coordinates":[-71.39994573013792,10.168597889178693]},"properties":{"category":"offshore_platform","score":0.9152061939239502}},{"type":"Feature","geometry":{"type":"Point","coordinates":[-71.44761466846828,10.293191348248625]},"properties":{"category":"offshore_platform","score":0.9413006901741028}},{"type":"Feature","geometry":{"type":"Point","coordinates":[-71.21765791012794,9.807669141050797]},"properties":{"category":"offshore_platform","score":0.9588361382484436}},{"type":"Feature","geometry":{"type":"Point","coordinates":[-2.8220780263437915,58.319267465660126]},"properties":{"category":"offshore_platform","score":0.9844515323638916}},{"type":"Feature","geometry":{"type":"Point","coordinates":[-2.647601643716474,47.19268154005315]},"properties":{"category":"offshore_platform","score":0.9773847460746765}},{"type":"Feature","geometry":{"type":"Point","coordinates":[0.272003211957488,49.89340782652091]},"properties":{"category":"offshore_wind_turbine","score":0.9882302284240723}},{"type":"Feature","geometry":{"type":"Point","coordinates":[-3.424345054016098,53.419210289720596]},"properties":{"category":"offshore_wind_turbine","score":0.9983499050140381}},{"type":"Feature","geometry":{"type":"Point","coordinates":[1.6332818335421992,51.42061968481171]},"properties":{"category":"offshore_wind_turbine","score":0.9972699284553528}},{"type":"Feature","geometry":{"type":"Point","coordinates":[0.26875273842905195,53.64188290656243]},"properties":{"category":"offshore_wind_turbine","score":0.9979204535484314}},{"type":"Feature","geometry":{"type":"Point","coordinates":[2.0519000462236865,53.961557180777255]},"properties":{"category":"offshore_wind_turbine","score":0.9921171069145203}},{"type":"Feature","geometry":{"type":"Point","coordinates":[-3.616205997742705,53.46237376135113]},"properties":{"category":"offshore_wind_turbine","score":0.9966807961463928}},{"type":"Feature","geometry":{"type":"Point","coordinates":[0.4752661527396062,53.16390180299896]},"properties":{"category":"offshore_wind_turbine","score":0.9974184036254883}},{"type":"Feature","geometry":{"type":"Point","coordinates":[1.6098902711301804,51.42775212621784]},"properties":{"category":"offshore_wind_turbine","score":0.998316764831543}},{"type":"Feature","geometry":{"type":"Point","coordinates":[3.6850515145337575,52.3057710453479]},"properties":{"category":"offshore_platform","score":0.977830708026886}},{"type":"Feature","geometry":{"type":"Point","coordinates":[1.6372913181756923,54.80220477913788]},"properties":{"category":"offshore_platform","score":0.9505958557128906}},{"type":"Feature","geometry":{"type":"Point","coordinates":[6.148980670524332,54.36809945153797]},"properties":{"category":"offshore_platform","score":0.8823009729385376}},{"type":"Feature","geometry":{"type":"Point","coordinates":[1.7778004408002412,52.63254077131519]},"properties":{"category":"offshore_wind_turbine","score":0.9979413151741028}},{"type":"Feature","geometry":{"type":"Point","coordinates":[2.175567561656164,53.84595041161078]},"properties":{"category":"offshore_platform","score":0.9555181860923767}},{"type":"Feature","geometry":{"type":"Point","coordinates":[6.067230885327236,54.00452834321085]},"properties":{"category":"offshore_wind_turbine","score":0.9830309152603149}},{"type":"Feature","geometry":{"type":"Point","coordinates":[8.56460247622938,4.27203364908705]},"properties":{"category":"offshore_platform","score":0.9765755534172058}},{"type":"Feature","geometry":{"type":"Point","coordinates":[6.974223154261106,54.073858011026374]},"properties":{"category":"offshore_wind_turbine","score":0.9583373069763184}},{"type":"Feature","geometry":{"type":"Point","coordinates":[7.641368815225188,54.383246080405144]},"properties":{"category":"offshore_wind_turbine","score":0.9342275857925415}},{"type":"Feature","geometry":{"type":"Point","coordinates":[14.094646186338567,54.800949692796515]},"properties":{"category":"offshore_wind_turbine","score":0.9846056699752808}},{"type":"Feature","geometry":{"type":"Point","coordinates":[11.568942503054654,54.55756279465985]},"properties":{"category":"offshore_wind_turbine","score":0.9974924325942993}},{"type":"Feature","geometry":{"type":"Point","coordinates":[13.921322802516773,54.789135627127905]},"properties":{"category":"offshore_wind_turbine","score":0.999035120010376}},{"type":"Feature","geometry":{"type":"Point","coordinates":[29.717986571447152,59.98960561012148]},"properties":{"category":"offshore_platform","score":0.8730046153068542}},{"type":"Feature","geometry":{"type":"Point","coordinates":[50.2619824969161,40.72043995846914]},"properties":{"category":"offshore_platform","score":0.9500689506530762}},{"type":"Feature","geometry":{"type":"Point","coordinates":[49.13162613454964,28.44127427412708]},"properties":{"category":"offshore_platform","score":0.9393070936203003}},{"type":"Feature","geometry":{"type":"Point","coordinates":[49.67984239177215,28.401981069473326]},"properties":{"category":"offshore_platform","score":0.9927774667739868}},{"type":"Feature","geometry":{"type":"Point","coordinates":[50.903290419437404,40.234285684842604]},"properties":{"category":"offshore_platform","score":0.9276475310325623}},{"type":"Feature","geometry":{"type":"Point","coordinates":[54.15355790768671,24.610513084583975]},"properties":{"category":"offshore_platform","score":0.9909288287162781}},{"type":"Feature","geometry":{"type":"Point","coordinates":[55.96796135751175,26.413922474762032]},"properties":{"category":"offshore_platform","score":0.9730191230773926}},{"type":"Feature","geometry":{"type":"Point","coordinates":[84.5203137635034,22.596821811287683]},"properties":{"category":"offshore_platform","score":0.9748393893241882}},{"type":"Feature","geometry":{"type":"Point","coordinates":[102.21861639083306,8.1382287217959]},"properties":{"category":"offshore_platform","score":0.9896563291549683}},{"type":"Feature","geometry":{"type":"Point","coordinates":[104.17370850204867,10.12335747264086]},"properties":{"category":"offshore_platform","score":0.9860647916793823}},{"type":"Feature","geometry":{"type":"Point","coordinates":[104.13111626792411,5.838486992550112]},"properties":{"category":"offshore_platform","score":0.9862986207008362}},{"type":"Feature","geometry":{"type":"Point","coordinates":[104.4714612166853,-0.07992826963366075]},"properties":{"category":"offshore_platform","score":0.8870511054992676}},{"type":"Feature","geometry":{"type":"Point","coordinates":[106.88613702741817,-2.67283244546668]},"properties":{"category":"offshore_platform","score":0.9522826075553894}},{"type":"Feature","geometry":{"type":"Point","coordinates":[115.00477324622258,22.34773250682805]},"properties":{"category":"offshore_wind_turbine","score":0.9962117671966553}},{"type":"Feature","geometry":{"type":"Point","coordinates":[111.56993705726926,21.284165194623405]},"properties":{"category":"offshore_wind_turbine","score":0.9975851774215698}},{"type":"Feature","geometry":{"type":"Point","coordinates":[112.93337011024141,5.147512686814259]},"properties":{"category":"offshore_platform","score":0.9897664189338684}},{"type":"Feature","geometry":{"type":"Point","coordinates":[117.86693771679465,2.623148781273305]},"properties":{"category":"offshore_platform","score":0.8901888132095337}},{"type":"Feature","geometry":{"type":"Point","coordinates":[116.22485751982606,22.647207551788842]},"properties":{"category":"offshore_wind_turbine","score":0.9962725639343262}},{"type":"Feature","geometry":{"type":"Point","coordinates":[115.81800719053385,5.591345442199561]},"properties":{"category":"offshore_platform","score":0.9429730176925659}},{"type":"Feature","geometry":{"type":"Point","coordinates":[120.97895436387,27.255061499289514]},"properties":{"category":"offshore_wind_turbine","score":0.9944002032279968}},{"type":"Feature","geometry":{"type":"Point","coordinates":[116.77979899281857,6.659562849925137]},"properties":{"category":"offshore_platform","score":0.9419282078742981}},{"type":"Feature","geometry":{"type":"Point","coordinates":[120.10515934286882,24.000148680143187]},"properties":{"category":"offshore_wind_turbine","score":0.9885380268096924}},{"type":"Feature","geometry":{"type":"Point","coordinates":[118.8052742478172,39.039031604579506]},"properties":{"category":"offshore_wind_turbine","score":0.921820878982544}},{"type":"Feature","geometry":{"type":"Point","coordinates":[121.16286714240576,32.73825431444045]},"properties":{"category":"offshore_wind_turbine","score":0.9114614129066467}},{"type":"Feature","geometry":{"type":"Point","coordinates":[121.75032642647783,32.724202592740205]},"properties":{"category":"offshore_wind_turbine","score":0.9972245693206787}},{"type":"Feature","geometry":{"type":"Point","coordinates":[120.93199299955137,33.45753772096971]},"properties":{"category":"offshore_wind_turbine","score":0.9988183379173279}},{"type":"Feature","geometry":{"type":"Point","coordinates":[119.39353600582054,25.077605725530894]},"properties":{"category":"offshore_platform","score":0.9363313913345337}},{"type":"Feature","geometry":{"type":"Point","coordinates":[122.0284717846957,28.95110427679937]},"properties":{"category":"offshore_platform","score":0.9848432540893555}},{"type":"Feature","geometry":{"type":"Point","coordinates":[123.45724270323284,39.47752749230071]},"properties":{"category":"offshore_platform","score":0.9566976428031921}},{"type":"Feature","geometry":{"type":"Point","coordinates":[121.75122810381146,32.085597794009644]},"properties":{"category":"offshore_platform","score":0.9646846055984497}},{"type":"Feature","geometry":{"type":"Point","coordinates":[121.14802208274176,33.59246742573994]},"properties":{"category":"offshore_wind_turbine","score":0.9978848099708557}},{"type":"Feature","geometry":{"type":"Point","coordinates":[121.29674086818746,32.85733063905342]},"properties":{"category":"offshore_wind_turbine","score":0.8960814476013184}},{"type":"Feature","geometry":{"type":"Point","coordinates":[121.61624181582825,33.382477266935794]},"properties":{"category":"offshore_wind_turbine","score":0.961151123046875}},{"type":"Feature","geometry":{"type":"Point","coordinates":[126.30902086494515,35.46951180661347]},"properties":{"category":"offshore_platform","score":0.9491430521011353}},{"type":"Feature","geometry":{"type":"Point","coordinates":[-105.41231423889374,-73.30074815568915]},"properties":{"category":"offshore_wind_turbine","score":0.9823947548866272}},{"type":"Feature","geometry":{"type":"Point","coordinates":[-51.1209644478379,-20.209613140957885]},"properties":{"category":"offshore_platform","score":0.9759745001792908}},{"type":"Feature","geometry":{"type":"Point","coordinates":[104.45265657637626,0.0129441100735832]},"properties":{"category":"offshore_platform","score":0.8640390634536743}},{"type":"Feature","geometry":{"type":"Point","coordinates":[116.61871179994132,-1.471370182152339]},"properties":{"category":"offshore_platform","score":0.9645835757255554}},{"type":"Feature","geometry":{"type":"Point","coordinates":[116.35846262386559,-3.3041462551502847]},"properties":{"category":"offshore_platform","score":0.8583287000656128}},{"type":"Feature","geometry":{"type":"Point","coordinates":[-106.83918327437891,74.27983491744064]},"properties":{"category":"offshore_wind_turbine","score":0.8873339891433716}},{"type":"Feature","geometry":{"type":"Point","coordinates":[-71.22351842226531,9.933970521285115]},"properties":{"category":"offshore_platform","score":0.8834652900695801}},{"type":"Feature","geometry":{"type":"Point","coordinates":[69.71114137858576,28.415914313103503]},"properties":{"category":"offshore_platform","score":0.8678519129753113}},{"type":"Feature","geometry":{"type":"Point","coordinates":[114.28232308029234,22.426701073171962]},"properties":{"category":"offshore_platform","score":0.9066038727760315}},{"type":"Feature","geometry":{"type":"Point","coordinates":[128.79196463039446,32.63459296772979]},"properties":{"category":"offshore_platform","score":0.9856564998626709}},{"type":"Feature","geometry":{"type":"Point","coordinates":[-71.54202657092029,10.099794914993298]},"properties":{"category":"offshore_platform","score":0.9341425895690918}},{"type":"Feature","geometry":{"type":"Point","coordinates":[-110.33531054372553,64.44961675797764]},"properties":{"category":"offshore_platform","score":0.9014238715171814}},{"type":"Feature","geometry":{"type":"Point","coordinates":[120.83139881442449,35.75581932669702]},"properties":{"category":"offshore_platform","score":0.9725441932678223}},{"type":"Feature","geometry":{"type":"Point","coordinates":[-13.823823199584792,71.3692176253796]},"properties":{"category":"offshore_wind_turbine","score":0.9434482455253601}},{"type":"Feature","geometry":{"type":"Point","coordinates":[-113.09630963552199,29.053550332168584]},"properties":{"category":"offshore_platform","score":0.9313594102859497}},{"type":"Feature","geometry":{"type":"Point","coordinates":[-92.49456366466129,29.72187849993085]},"properties":{"category":"offshore_platform","score":0.9850849509239197}},{"type":"Feature","geometry":{"type":"Point","coordinates":[-92.3337178269997,19.375176070202006]},"properties":{"category":"offshore_platform","score":0.9777602553367615}},{"type":"Feature","geometry":{"type":"Point","coordinates":[-3.15631228731664,53.485258230869015]},"properties":{"category":"offshore_wind_turbine","score":0.9985285997390747}},{"type":"Feature","geometry":{"type":"Point","coordinates":[-2.5477419690810743,47.14714942636157]},"properties":{"category":"offshore_wind_turbine","score":0.9909747242927551}},{"type":"Feature","geometry":{"type":"Point","coordinates":[1.6011907962667713,51.45184697854505]},"properties":{"category":"offshore_wind_turbine","score":0.9981870055198669}},{"type":"Feature","geometry":{"type":"Point","coordinates":[2.9708698552549127,51.52608718921277]},"properties":{"category":"offshore_wind_turbine","score":0.991184413433075}},{"type":"Feature","geometry":{"type":"Point","coordinates":[1.6751418182492885,55.097793403425534]},"properties":{"category":"offshore_wind_turbine","score":0.9552161693572998}},{"type":"Feature","geometry":{"type":"Point","coordinates":[-1.6002221335295037,56.612134525693016]},"properties":{"category":"offshore_wind_turbine","score":0.9985975623130798}},{"type":"Feature","geometry":{"type":"Point","coordinates":[0.48886283798454844,53.15110667783451]},"properties":{"category":"offshore_wind_turbine","score":0.9982036352157593}},{"type":"Feature","geometry":{"type":"Point","coordinates":[1.858713260026471,51.86169721428886]},"properties":{"category":"offshore_wind_turbine","score":0.9989008903503418}},{"type":"Feature","geometry":{"type":"Point","coordinates":[4.245825576737912,52.58140785235193]},"properties":{"category":"offshore_wind_turbine","score":0.9865257740020752}},{"type":"Feature","geometry":{"type":"Point","coordinates":[2.0885363405934125,53.96477940575211]},"properties":{"category":"offshore_wind_turbine","score":0.9404781460762024}},{"type":"Feature","geometry":{"type":"Point","coordinates":[6.287915450592547,54.05096533201425]},"properties":{"category":"offshore_wind_turbine","score":0.9743978977203369}},{"type":"Feature","geometry":{"type":"Point","coordinates":[5.878729892732254,54.03982815999384]},"properties":{"category":"offshore_wind_turbine","score":0.996670663356781}},{"type":"Feature","geometry":{"type":"Point","coordinates":[6.458027058266974,54.069873814390526]},"properties":{"category":"offshore_wind_turbine","score":0.9974530339241028}},{"type":"Feature","geometry":{"type":"Point","coordinates":[7.048890162080869,54.06802142382419]},"properties":{"category":"offshore_wind_turbine","score":0.9934881925582886}},{"type":"Feature","geometry":{"type":"Point","coordinates":[7.762015060985252,54.42505889132416]},"properties":{"category":"offshore_wind_turbine","score":0.9984727501869202}},{"type":"Feature","geometry":{"type":"Point","coordinates":[14.05318875365035,54.82732346267074]},"properties":{"category":"offshore_wind_turbine","score":0.9624974727630615}},{"type":"Feature","geometry":{"type":"Point","coordinates":[7.710882799624606,54.384323392720155]},"properties":{"category":"offshore_wind_turbine","score":0.9983324408531189}},{"type":"Feature","geometry":{"type":"Point","coordinates":[105.81267905241505,9.225140677037073]},"properties":{"category":"offshore_wind_turbine","score":0.991435706615448}},{"type":"Feature","geometry":{"type":"Point","coordinates":[111.6395056772732,21.339811970861366]},"properties":{"category":"offshore_wind_turbine","score":0.997456967830658}},{"type":"Feature","geometry":{"type":"Point","coordinates":[111.6053952702664,20.92036895046351]},"properties":{"category":"offshore_wind_turbine","score":0.9773059487342834}},{"type":"Feature","geometry":{"type":"Point","coordinates":[116.10349014887264,22.586628801004146]},"properties":{"category":"offshore_wind_turbine","score":0.9971216320991516}},{"type":"Feature","geometry":{"type":"Point","coordinates":[121.28412598496081,32.48314125585899]},"properties":{"category":"offshore_wind_turbine","score":0.9978777170181274}},{"type":"Feature","geometry":{"type":"Point","coordinates":[119.36434879809177,25.289326966051792]},"properties":{"category":"offshore_wind_turbine","score":0.9947168231010437}},{"type":"Feature","geometry":{"type":"Point","coordinates":[120.1502539267726,23.908438194041935]},"properties":{"category":"offshore_wind_turbine","score":0.9449459314346313}},{"type":"Feature","geometry":{"type":"Point","coordinates":[121.41813517312309,36.36934083583675]},"properties":{"category":"offshore_wind_turbine","score":0.9979503750801086}},{"type":"Feature","geometry":{"type":"Point","coordinates":[120.19027476990216,34.39923707947747]},"properties":{"category":"offshore_wind_turbine","score":0.9606626629829407}},{"type":"Feature","geometry":{"type":"Point","coordinates":[121.18537258682242,32.62537854948935]},"properties":{"category":"offshore_wind_turbine","score":0.9989672899246216}},{"type":"Feature","geometry":{"type":"Point","coordinates":[121.68764061194686,32.81181393016186]},"properties":{"category":"offshore_wind_turbine","score":0.9934131503105164}},{"type":"Feature","geometry":{"type":"Point","coordinates":[120.54874180180589,34.23516440937604]},"properties":{"category":"offshore_wind_turbine","score":0.9985847473144531}},{"type":"Feature","geometry":{"type":"Point","coordinates":[121.06155250228784,32.671509014288326]},"properties":{"category":"offshore_wind_turbine","score":0.9919971823692322}},{"type":"Feature","geometry":{"type":"Point","coordinates":[119.38811234120232,25.296031469025646]},"properties":{"category":"offshore_wind_turbine","score":0.944462776184082}},{"type":"Feature","geometry":{"type":"Point","coordinates":[121.8400402997337,28.84919734246177]},"properties":{"category":"offshore_wind_turbine","score":0.9990472197532654}},{"type":"Feature","geometry":{"type":"Point","coordinates":[123.17216561387721,39.45847687389674]},"properties":{"category":"offshore_wind_turbine","score":0.9970597624778748}},{"type":"Feature","geometry":{"type":"Point","coordinates":[122.2340978587523,32.05786684805265]},"properties":{"category":"offshore_wind_turbine","score":0.8817417621612549}},{"type":"Feature","geometry":{"type":"Point","coordinates":[121.26231847718492,32.903303081108454]},"properties":{"category":"offshore_wind_turbine","score":0.9979973435401917}},{"type":"Feature","geometry":{"type":"Point","coordinates":[121.56062759968547,32.65314046666693]},"properties":{"category":"offshore_wind_turbine","score":0.9965265393257141}},{"type":"Feature","geometry":{"type":"Point","coordinates":[121.86455564432748,32.66217805093869]},"properties":{"category":"offshore_wind_turbine","score":0.9857928156852722}},{"type":"Feature","geometry":{"type":"Point","coordinates":[-123.50207799655568,76.26792467057962]},"properties":{"category":"offshore_wind_turbine","score":0.9555544257164001}},{"type":"Feature","geometry":{"type":"Point","coordinates":[-164.4331061476876,-72.81479208291402]},"properties":{"category":"offshore_wind_turbine","score":0.9190475940704346}}]}